repository,repository_description,task,variant,family,description,repeat_index,seed,exit_code,elapsed_s,accepted_count,rejected_count,accepted_rate,regression_gate_failures,rollback_correct,persistence_file_exists,improvement_depth,cost_proxy_seconds,changed_files_count,summary_path,stdout_tail,stderr_tail,repository_split,transfer_origin,task_description,task_claim,capability_delta_score,solved_new_tasks,hidden_transfer,operator_reuse,failure_residue_count
omega_full_repo,Full OMEGA-THDSE checkout with root tests and THDSE core gates available.,local_corpus_queries_clean,verified_closed_loop,proposed,"Full loop: candidate generation, patching, rollback, persistence, root broad gate, and THDSE core gate.",0,1a5330199f06,0,55.451,3,0,1.0,0,,True,3,55.451,4,/tmp/rsi_experiments_r9xths9q/omega_full_repo__local_corpus_queries_clean__verified_closed_loop__r0/.omega_rsi_runs/closed_rsi_summary.json,"onale"": ""Reusable primitive for schema_query_repair benchmark tasks."",
          ""target_surface"": ""shared/capability_primitives.py"",
          ""validation_plan"": {
            ""commands"": [
              [
                ""python"",
                ""-m"",
                ""pytest"",
                ""-q"",
                ""tests/test_capability_schema_query_repair_operator_v1.py""
              ]
            ],
            ""expected_signals"": [
              ""public_counterexample_passes"",
              ""hidden_transfer_case_passes"",
              ""no_broad_regression_gate_failure""
            ],
            ""name"": ""validate_records_importing""
          }
        },
        {
          ""family"": ""schema_query_repair"",
          ""kind"": ""search_heuristic"",
          ""name"": ""prefer_records_importing_reuse"",
          ""rationale"": ""Rank exact capability repair operators ahead of unrelated schema repairs."",
          ""target_surface"": ""scripts/closed_recursive_self_improvement_loop.py"",
          ""validation_plan"": {
            ""commands"": [
              [
                ""python"",
                ""-m"",
                ""pytest"",
                ""-q"",
                ""tests/test_capability_schema_query_repair_operator_v1.py""
              ]
            ],
            ""expected_signals"": [
              ""public_counterexample_passes"",
              ""hidden_transfer_case_passes"",
              ""no_broad_regression_gate_failure""
            ],
            ""name"": ""validate_records_importing""
          }
        },
        {
          ""family"": ""schema_query_repair"",
          ""kind"": ""evaluator_mutation"",
          ""name"": ""records_importing_hidden_transfer_case"",
          ""rationale"": ""Add a held-out case that checks transfer beyond the public example."",
          ""target_surface"": ""shared/capability_benchmarks.py"",
          ""validation_plan"": {
            ""commands"": [
              [
                ""python"",
                ""-m"",
                ""pytest"",
                ""-q"",
                ""tests/test_capability_schema_query_repair_operator_v1.py""
              ]
            ],
            ""expected_signals"": [
              ""public_counterexample_passes"",
              ""hidden_transfer_case_passes"",
              ""no_broad_regression_gate_failure""
            ],
            ""name"": ""validate_records_importing""
          }
        },
        {
          ""family"": ""schema_query_repair"",
          ""kind"": ""counterexample_test"",
          ""name"": ""test_records_importing_counterexample"",
          ""rationale"": ""Lock the primitive with public and hidden transfer counterexamples."",
          ""target_surface"": ""tests/test_capability_schema_query_repair_operator_v1.py"",
          ""validation_plan"": {
            ""commands"": [
              [
                ""python"",
                ""-m"",
                ""pytest"",
                ""-q"",
                ""tests/test_capability_schema_query_repair_operator_v1.py""
              ]
            ],
            ""expected_signals"": [
              ""public_counterexample_passes"",
              ""hidden_transfer_case_passes"",
              ""no_broad_regression_gate_failure""
            ],
            ""name"": ""validate_records_importing""
          }
        }
      ],
      ""started_at"": ""2026-05-27T04:06:11Z"",
      ""target_path"": ""shared/local_corpus.py"",
      ""test_path"": ""tests/test_autonomous_local_corpus_imports_query_v1.py""
    }
  ],
  ""active_base"": ""autonomous_local_corpus_imports_query_v1"",
  ""active_generation"": 3,
  ""broad_gate"": true,
  ""capability_delta_score"": 5.758,
  ""dry_run"": false,
  ""failure_residue_count"": 0,
  ""hidden_transfer"": 3,
  ""operator_reuse"": 6,
  ""persistence"": true,
  ""rejected_this_run"": [],
  ""rollback"": true,
  ""solved_new_tasks"": 3,
  ""state_path"": ""/tmp/rsi_experiments_r9xths9q/omega_full_repo__local_corpus_queries_clean__verified_closed_loop__r0/.omega_rsi_runs/closed_rsi_state.json"",
  ""thdse_core_gate"": true,
  ""total_accepted"": 3,
  ""total_rejected"": 0
}
",,seen,,Remove accepted local corpus query APIs and measure whether the loop recovers them.,,5.758,3,3,6,0
omega_full_repo,Full OMEGA-THDSE checkout with root tests and THDSE core gates available.,policy_registry_self_patch,verified_closed_loop,proposed,"Full loop: candidate generation, patching, rollback, persistence, root broad gate, and THDSE core gate.",0,224d98e5b2ae,0,54.917,3,0,1.0,0,,True,3,54.917,6,/tmp/rsi_experiments_r9xths9q/omega_full_repo__policy_registry_self_patch__verified_closed_loop__r0/.omega_rsi_runs/closed_rsi_summary.json,"rface"": ""shared/capability_primitives.py"",
          ""validation_plan"": {
            ""commands"": [
              [
                ""python"",
                ""-m"",
                ""pytest"",
                ""-q"",
                ""tests/test_capability_schema_query_repair_operator_v1.py""
              ]
            ],
            ""expected_signals"": [
              ""public_counterexample_passes"",
              ""hidden_transfer_case_passes"",
              ""no_broad_regression_gate_failure""
            ],
            ""name"": ""validate_records_matching_definitions""
          }
        },
        {
          ""family"": ""schema_query_repair"",
          ""kind"": ""search_heuristic"",
          ""name"": ""prefer_records_matching_definitions_reuse"",
          ""rationale"": ""Rank exact capability repair operators ahead of unrelated schema repairs."",
          ""target_surface"": ""scripts/closed_recursive_self_improvement_loop.py"",
          ""validation_plan"": {
            ""commands"": [
              [
                ""python"",
                ""-m"",
                ""pytest"",
                ""-q"",
                ""tests/test_capability_schema_query_repair_operator_v1.py""
              ]
            ],
            ""expected_signals"": [
              ""public_counterexample_passes"",
              ""hidden_transfer_case_passes"",
              ""no_broad_regression_gate_failure""
            ],
            ""name"": ""validate_records_matching_definitions""
          }
        },
        {
          ""family"": ""schema_query_repair"",
          ""kind"": ""evaluator_mutation"",
          ""name"": ""records_matching_definitions_hidden_transfer_case"",
          ""rationale"": ""Add a held-out case that checks transfer beyond the public example."",
          ""target_surface"": ""shared/capability_benchmarks.py"",
          ""validation_plan"": {
            ""commands"": [
              [
                ""python"",
                ""-m"",
                ""pytest"",
                ""-q"",
                ""tests/test_capability_schema_query_repair_operator_v1.py""
              ]
            ],
            ""expected_signals"": [
              ""public_counterexample_passes"",
              ""hidden_transfer_case_passes"",
              ""no_broad_regression_gate_failure""
            ],
            ""name"": ""validate_records_matching_definitions""
          }
        },
        {
          ""family"": ""schema_query_repair"",
          ""kind"": ""counterexample_test"",
          ""name"": ""test_records_matching_definitions_counterexample"",
          ""rationale"": ""Lock the primitive with public and hidden transfer counterexamples."",
          ""target_surface"": ""tests/test_capability_schema_query_repair_operator_v1.py"",
          ""validation_plan"": {
            ""commands"": [
              [
                ""python"",
                ""-m"",
                ""pytest"",
                ""-q"",
                ""tests/test_capability_schema_query_repair_operator_v1.py""
              ]
            ],
            ""expected_signals"": [
              ""public_counterexample_passes"",
              ""hidden_transfer_case_passes"",
              ""no_broad_regression_gate_failure""
            ],
            ""name"": ""validate_records_matching_definitions""
          }
        }
      ],
      ""started_at"": ""2026-05-27T04:07:06Z"",
      ""target_path"": ""shared/local_corpus.py"",
      ""test_path"": ""tests/test_emergent_local_corpus_definitions_membership_v1.py""
    }
  ],
  ""active_base"": ""emergent_local_corpus_definitions_membership_v1"",
  ""active_generation"": 3,
  ""broad_gate"": true,
  ""capability_delta_score"": 5.758,
  ""dry_run"": false,
  ""failure_residue_count"": 0,
  ""hidden_transfer"": 3,
  ""operator_reuse"": 6,
  ""persistence"": true,
  ""rejected_this_run"": [],
  ""rollback"": true,
  ""solved_new_tasks"": 3,
  ""state_path"": ""/tmp/rsi_experiments_r9xths9q/omega_full_repo__policy_registry_self_patch__verified_closed_loop__r0/.omega_rsi_runs/closed_rsi_state.json"",
  ""thdse_core_gate"": true,
  ""total_accepted"": 3,
  ""total_rejected"": 0
}
",,seen,,Remove the explicit policy registry surface and measure whether the loop patches its own policy interface.,,5.758,3,3,6,0
omega_full_repo,Full OMEGA-THDSE checkout with root tests and THDSE core gates available.,forced_broad_regression,verified_closed_loop,proposed,"Full loop: candidate generation, patching, rollback, persistence, root broad gate, and THDSE core gate.",0,116ea4e888ce,0,54.989,0,3,0.0,3,True,True,0,54.989,0,/tmp/rsi_experiments_r9xths9q/omega_full_repo__forced_broad_regression__verified_closed_loop__r0/.omega_rsi_runs/closed_rsi_summary.json,"   ""target"": ""shared.local_corpus.LocalCorpusIndex""
      },
      ""name"": ""autonomous_local_corpus_imports_query_v1"",
      ""operator_synthesis"": [
        {
          ""family"": ""schema_query_repair"",
          ""kind"": ""solver_primitive"",
          ""name"": ""records_importing"",
          ""rationale"": ""Reusable primitive for schema_query_repair benchmark tasks."",
          ""target_surface"": ""shared/capability_primitives.py"",
          ""validation_plan"": {
            ""commands"": [
              [
                ""python"",
                ""-m"",
                ""pytest"",
                ""-q"",
                ""tests/test_capability_schema_query_repair_operator_v1.py""
              ]
            ],
            ""expected_signals"": [
              ""public_counterexample_passes"",
              ""hidden_transfer_case_passes"",
              ""no_broad_regression_gate_failure""
            ],
            ""name"": ""validate_records_importing""
          }
        },
        {
          ""family"": ""schema_query_repair"",
          ""kind"": ""search_heuristic"",
          ""name"": ""prefer_records_importing_reuse"",
          ""rationale"": ""Rank exact capability repair operators ahead of unrelated schema repairs."",
          ""target_surface"": ""scripts/closed_recursive_self_improvement_loop.py"",
          ""validation_plan"": {
            ""commands"": [
              [
                ""python"",
                ""-m"",
                ""pytest"",
                ""-q"",
                ""tests/test_capability_schema_query_repair_operator_v1.py""
              ]
            ],
            ""expected_signals"": [
              ""public_counterexample_passes"",
              ""hidden_transfer_case_passes"",
              ""no_broad_regression_gate_failure""
            ],
            ""name"": ""validate_records_importing""
          }
        },
        {
          ""family"": ""schema_query_repair"",
          ""kind"": ""evaluator_mutation"",
          ""name"": ""records_importing_hidden_transfer_case"",
          ""rationale"": ""Add a held-out case that checks transfer beyond the public example."",
          ""target_surface"": ""shared/capability_benchmarks.py"",
          ""validation_plan"": {
            ""commands"": [
              [
                ""python"",
                ""-m"",
                ""pytest"",
                ""-q"",
                ""tests/test_capability_schema_query_repair_operator_v1.py""
              ]
            ],
            ""expected_signals"": [
              ""public_counterexample_passes"",
              ""hidden_transfer_case_passes"",
              ""no_broad_regression_gate_failure""
            ],
            ""name"": ""validate_records_importing""
          }
        },
        {
          ""family"": ""schema_query_repair"",
          ""kind"": ""counterexample_test"",
          ""name"": ""test_records_importing_counterexample"",
          ""rationale"": ""Lock the primitive with public and hidden transfer counterexamples."",
          ""target_surface"": ""tests/test_capability_schema_query_repair_operator_v1.py"",
          ""validation_plan"": {
            ""commands"": [
              [
                ""python"",
                ""-m"",
                ""pytest"",
                ""-q"",
                ""tests/test_capability_schema_query_repair_operator_v1.py""
              ]
            ],
            ""expected_signals"": [
              ""public_counterexample_passes"",
              ""hidden_transfer_case_passes"",
              ""no_broad_regression_gate_failure""
            ],
            ""name"": ""validate_records_importing""
          }
        }
      ],
      ""started_at"": ""2026-05-27T04:08:01Z"",
      ""target_path"": ""shared/local_corpus.py"",
      ""test_path"": ""tests/test_autonomous_local_corpus_imports_query_v1.py""
    }
  ],
  ""rollback"": true,
  ""solved_new_tasks"": 0,
  ""state_path"": ""/tmp/rsi_experiments_r9xths9q/omega_full_repo__forced_broad_regression__verified_closed_loop__r0/.omega_rsi_runs/closed_rsi_state.json"",
  ""thdse_core_gate"": true,
  ""total_accepted"": 0,
  ""total_rejected"": 3
}
",,seen,,Inject a failing broad-gate test to measure rollback and no-broad-gate regression risk.,,0.509,0,0,6,3
compact_kernel_repo,"Minimal repository fixture containing only the closed loop, policy registry, local corpus module, and smoke tests.",local_corpus_queries_clean,verified_closed_loop,proposed,"Full loop: candidate generation, patching, rollback, persistence, root broad gate, and THDSE core gate.",0,5c0db8f16d4a,0,1.431,3,0,1.0,0,,True,3,1.431,4,/tmp/rsi_experiments_r9xths9q/compact_kernel_repo__local_corpus_queries_clean__verified_closed_loop__r0/.omega_rsi_runs/closed_rsi_summary.json,"e"": ""Reusable primitive for schema_query_repair benchmark tasks."",
          ""target_surface"": ""shared/capability_primitives.py"",
          ""validation_plan"": {
            ""commands"": [
              [
                ""python"",
                ""-m"",
                ""pytest"",
                ""-q"",
                ""tests/test_capability_schema_query_repair_operator_v1.py""
              ]
            ],
            ""expected_signals"": [
              ""public_counterexample_passes"",
              ""hidden_transfer_case_passes"",
              ""no_broad_regression_gate_failure""
            ],
            ""name"": ""validate_records_importing""
          }
        },
        {
          ""family"": ""schema_query_repair"",
          ""kind"": ""search_heuristic"",
          ""name"": ""prefer_records_importing_reuse"",
          ""rationale"": ""Rank exact capability repair operators ahead of unrelated schema repairs."",
          ""target_surface"": ""scripts/closed_recursive_self_improvement_loop.py"",
          ""validation_plan"": {
            ""commands"": [
              [
                ""python"",
                ""-m"",
                ""pytest"",
                ""-q"",
                ""tests/test_capability_schema_query_repair_operator_v1.py""
              ]
            ],
            ""expected_signals"": [
              ""public_counterexample_passes"",
              ""hidden_transfer_case_passes"",
              ""no_broad_regression_gate_failure""
            ],
            ""name"": ""validate_records_importing""
          }
        },
        {
          ""family"": ""schema_query_repair"",
          ""kind"": ""evaluator_mutation"",
          ""name"": ""records_importing_hidden_transfer_case"",
          ""rationale"": ""Add a held-out case that checks transfer beyond the public example."",
          ""target_surface"": ""shared/capability_benchmarks.py"",
          ""validation_plan"": {
            ""commands"": [
              [
                ""python"",
                ""-m"",
                ""pytest"",
                ""-q"",
                ""tests/test_capability_schema_query_repair_operator_v1.py""
              ]
            ],
            ""expected_signals"": [
              ""public_counterexample_passes"",
              ""hidden_transfer_case_passes"",
              ""no_broad_regression_gate_failure""
            ],
            ""name"": ""validate_records_importing""
          }
        },
        {
          ""family"": ""schema_query_repair"",
          ""kind"": ""counterexample_test"",
          ""name"": ""test_records_importing_counterexample"",
          ""rationale"": ""Lock the primitive with public and hidden transfer counterexamples."",
          ""target_surface"": ""tests/test_capability_schema_query_repair_operator_v1.py"",
          ""validation_plan"": {
            ""commands"": [
              [
                ""python"",
                ""-m"",
                ""pytest"",
                ""-q"",
                ""tests/test_capability_schema_query_repair_operator_v1.py""
              ]
            ],
            ""expected_signals"": [
              ""public_counterexample_passes"",
              ""hidden_transfer_case_passes"",
              ""no_broad_regression_gate_failure""
            ],
            ""name"": ""validate_records_importing""
          }
        }
      ],
      ""started_at"": ""2026-05-27T04:08:20Z"",
      ""target_path"": ""shared/local_corpus.py"",
      ""test_path"": ""tests/test_autonomous_local_corpus_imports_query_v1.py""
    }
  ],
  ""active_base"": ""autonomous_local_corpus_imports_query_v1"",
  ""active_generation"": 3,
  ""broad_gate"": true,
  ""capability_delta_score"": 5.847,
  ""dry_run"": false,
  ""failure_residue_count"": 0,
  ""hidden_transfer"": 3,
  ""operator_reuse"": 6,
  ""persistence"": true,
  ""rejected_this_run"": [],
  ""rollback"": true,
  ""solved_new_tasks"": 3,
  ""state_path"": ""/tmp/rsi_experiments_r9xths9q/compact_kernel_repo__local_corpus_queries_clean__verified_closed_loop__r0/.omega_rsi_runs/closed_rsi_state.json"",
  ""thdse_core_gate"": true,
  ""total_accepted"": 3,
  ""total_rejected"": 0
}
",,seen,,Remove accepted local corpus query APIs and measure whether the loop recovers them.,,5.847,3,3,6,0
compact_kernel_repo,"Minimal repository fixture containing only the closed loop, policy registry, local corpus module, and smoke tests.",policy_registry_self_patch,verified_closed_loop,proposed,"Full loop: candidate generation, patching, rollback, persistence, root broad gate, and THDSE core gate.",0,9968b938544c,0,1.458,3,0,1.0,0,,True,3,1.458,6,/tmp/rsi_experiments_r9xths9q/compact_kernel_repo__policy_registry_self_patch__verified_closed_loop__r0/.omega_rsi_runs/closed_rsi_summary.json,"e"": ""shared/capability_primitives.py"",
          ""validation_plan"": {
            ""commands"": [
              [
                ""python"",
                ""-m"",
                ""pytest"",
                ""-q"",
                ""tests/test_capability_schema_query_repair_operator_v1.py""
              ]
            ],
            ""expected_signals"": [
              ""public_counterexample_passes"",
              ""hidden_transfer_case_passes"",
              ""no_broad_regression_gate_failure""
            ],
            ""name"": ""validate_records_matching_definitions""
          }
        },
        {
          ""family"": ""schema_query_repair"",
          ""kind"": ""search_heuristic"",
          ""name"": ""prefer_records_matching_definitions_reuse"",
          ""rationale"": ""Rank exact capability repair operators ahead of unrelated schema repairs."",
          ""target_surface"": ""scripts/closed_recursive_self_improvement_loop.py"",
          ""validation_plan"": {
            ""commands"": [
              [
                ""python"",
                ""-m"",
                ""pytest"",
                ""-q"",
                ""tests/test_capability_schema_query_repair_operator_v1.py""
              ]
            ],
            ""expected_signals"": [
              ""public_counterexample_passes"",
              ""hidden_transfer_case_passes"",
              ""no_broad_regression_gate_failure""
            ],
            ""name"": ""validate_records_matching_definitions""
          }
        },
        {
          ""family"": ""schema_query_repair"",
          ""kind"": ""evaluator_mutation"",
          ""name"": ""records_matching_definitions_hidden_transfer_case"",
          ""rationale"": ""Add a held-out case that checks transfer beyond the public example."",
          ""target_surface"": ""shared/capability_benchmarks.py"",
          ""validation_plan"": {
            ""commands"": [
              [
                ""python"",
                ""-m"",
                ""pytest"",
                ""-q"",
                ""tests/test_capability_schema_query_repair_operator_v1.py""
              ]
            ],
            ""expected_signals"": [
              ""public_counterexample_passes"",
              ""hidden_transfer_case_passes"",
              ""no_broad_regression_gate_failure""
            ],
            ""name"": ""validate_records_matching_definitions""
          }
        },
        {
          ""family"": ""schema_query_repair"",
          ""kind"": ""counterexample_test"",
          ""name"": ""test_records_matching_definitions_counterexample"",
          ""rationale"": ""Lock the primitive with public and hidden transfer counterexamples."",
          ""target_surface"": ""tests/test_capability_schema_query_repair_operator_v1.py"",
          ""validation_plan"": {
            ""commands"": [
              [
                ""python"",
                ""-m"",
                ""pytest"",
                ""-q"",
                ""tests/test_capability_schema_query_repair_operator_v1.py""
              ]
            ],
            ""expected_signals"": [
              ""public_counterexample_passes"",
              ""hidden_transfer_case_passes"",
              ""no_broad_regression_gate_failure""
            ],
            ""name"": ""validate_records_matching_definitions""
          }
        }
      ],
      ""started_at"": ""2026-05-27T04:08:22Z"",
      ""target_path"": ""shared/local_corpus.py"",
      ""test_path"": ""tests/test_emergent_local_corpus_definitions_membership_v1.py""
    }
  ],
  ""active_base"": ""emergent_local_corpus_definitions_membership_v1"",
  ""active_generation"": 3,
  ""broad_gate"": true,
  ""capability_delta_score"": 5.847,
  ""dry_run"": false,
  ""failure_residue_count"": 0,
  ""hidden_transfer"": 3,
  ""operator_reuse"": 6,
  ""persistence"": true,
  ""rejected_this_run"": [],
  ""rollback"": true,
  ""solved_new_tasks"": 3,
  ""state_path"": ""/tmp/rsi_experiments_r9xths9q/compact_kernel_repo__policy_registry_self_patch__verified_closed_loop__r0/.omega_rsi_runs/closed_rsi_state.json"",
  ""thdse_core_gate"": true,
  ""total_accepted"": 3,
  ""total_rejected"": 0
}
",,seen,,Remove the explicit policy registry surface and measure whether the loop patches its own policy interface.,,5.847,3,3,6,0
compact_kernel_repo,"Minimal repository fixture containing only the closed loop, policy registry, local corpus module, and smoke tests.",forced_broad_regression,verified_closed_loop,proposed,"Full loop: candidate generation, patching, rollback, persistence, root broad gate, and THDSE core gate.",0,aee29c155dde,0,1.448,0,3,0.0,3,True,True,0,1.448,0,/tmp/rsi_experiments_r9xths9q/compact_kernel_repo__forced_broad_regression__verified_closed_loop__r0/.omega_rsi_runs/closed_rsi_summary.json,"target"": ""shared.local_corpus.LocalCorpusIndex""
      },
      ""name"": ""autonomous_local_corpus_imports_query_v1"",
      ""operator_synthesis"": [
        {
          ""family"": ""schema_query_repair"",
          ""kind"": ""solver_primitive"",
          ""name"": ""records_importing"",
          ""rationale"": ""Reusable primitive for schema_query_repair benchmark tasks."",
          ""target_surface"": ""shared/capability_primitives.py"",
          ""validation_plan"": {
            ""commands"": [
              [
                ""python"",
                ""-m"",
                ""pytest"",
                ""-q"",
                ""tests/test_capability_schema_query_repair_operator_v1.py""
              ]
            ],
            ""expected_signals"": [
              ""public_counterexample_passes"",
              ""hidden_transfer_case_passes"",
              ""no_broad_regression_gate_failure""
            ],
            ""name"": ""validate_records_importing""
          }
        },
        {
          ""family"": ""schema_query_repair"",
          ""kind"": ""search_heuristic"",
          ""name"": ""prefer_records_importing_reuse"",
          ""rationale"": ""Rank exact capability repair operators ahead of unrelated schema repairs."",
          ""target_surface"": ""scripts/closed_recursive_self_improvement_loop.py"",
          ""validation_plan"": {
            ""commands"": [
              [
                ""python"",
                ""-m"",
                ""pytest"",
                ""-q"",
                ""tests/test_capability_schema_query_repair_operator_v1.py""
              ]
            ],
            ""expected_signals"": [
              ""public_counterexample_passes"",
              ""hidden_transfer_case_passes"",
              ""no_broad_regression_gate_failure""
            ],
            ""name"": ""validate_records_importing""
          }
        },
        {
          ""family"": ""schema_query_repair"",
          ""kind"": ""evaluator_mutation"",
          ""name"": ""records_importing_hidden_transfer_case"",
          ""rationale"": ""Add a held-out case that checks transfer beyond the public example."",
          ""target_surface"": ""shared/capability_benchmarks.py"",
          ""validation_plan"": {
            ""commands"": [
              [
                ""python"",
                ""-m"",
                ""pytest"",
                ""-q"",
                ""tests/test_capability_schema_query_repair_operator_v1.py""
              ]
            ],
            ""expected_signals"": [
              ""public_counterexample_passes"",
              ""hidden_transfer_case_passes"",
              ""no_broad_regression_gate_failure""
            ],
            ""name"": ""validate_records_importing""
          }
        },
        {
          ""family"": ""schema_query_repair"",
          ""kind"": ""counterexample_test"",
          ""name"": ""test_records_importing_counterexample"",
          ""rationale"": ""Lock the primitive with public and hidden transfer counterexamples."",
          ""target_surface"": ""tests/test_capability_schema_query_repair_operator_v1.py"",
          ""validation_plan"": {
            ""commands"": [
              [
                ""python"",
                ""-m"",
                ""pytest"",
                ""-q"",
                ""tests/test_capability_schema_query_repair_operator_v1.py""
              ]
            ],
            ""expected_signals"": [
              ""public_counterexample_passes"",
              ""hidden_transfer_case_passes"",
              ""no_broad_regression_gate_failure""
            ],
            ""name"": ""validate_records_importing""
          }
        }
      ],
      ""started_at"": ""2026-05-27T04:08:23Z"",
      ""target_path"": ""shared/local_corpus.py"",
      ""test_path"": ""tests/test_autonomous_local_corpus_imports_query_v1.py""
    }
  ],
  ""rollback"": true,
  ""solved_new_tasks"": 0,
  ""state_path"": ""/tmp/rsi_experiments_r9xths9q/compact_kernel_repo__forced_broad_regression__verified_closed_loop__r0/.omega_rsi_runs/closed_rsi_state.json"",
  ""thdse_core_gate"": true,
  ""total_accepted"": 0,
  ""total_rejected"": 3
}
",,seen,,Inject a failing broad-gate test to measure rollback and no-broad-gate regression risk.,,0.597,0,0,6,3
capability_algorithm_synthesis_repo,Executable algorithm-synthesis fixture requiring a reusable run-length encoder primitive.,capability_algorithm_synthesis,verified_closed_loop,proposed,"Full loop: candidate generation, patching, rollback, persistence, root broad gate, and THDSE core gate.",0,ac4f7f5c33f2,0,1.405,3,0,1.0,0,,True,3,1.405,5,/tmp/rsi_experiments_r9xths9q/capability_algorithm_synthesis_repo__capability_algorithm_synthesis__verified_closed_loop__r0/.omega_rsi_runs/closed_rsi_summary.json,"ty_primitives.py"",
          ""validation_plan"": {
            ""commands"": [
              [
                ""python"",
                ""-m"",
                ""pytest"",
                ""-q"",
                ""tests/test_capability_schema_query_repair_operator_v1.py""
              ]
            ],
            ""expected_signals"": [
              ""public_counterexample_passes"",
              ""hidden_transfer_case_passes"",
              ""no_broad_regression_gate_failure""
            ],
            ""name"": ""validate_records_matching_definitions""
          }
        },
        {
          ""family"": ""schema_query_repair"",
          ""kind"": ""search_heuristic"",
          ""name"": ""prefer_records_matching_definitions_reuse"",
          ""rationale"": ""Rank exact capability repair operators ahead of unrelated schema repairs."",
          ""target_surface"": ""scripts/closed_recursive_self_improvement_loop.py"",
          ""validation_plan"": {
            ""commands"": [
              [
                ""python"",
                ""-m"",
                ""pytest"",
                ""-q"",
                ""tests/test_capability_schema_query_repair_operator_v1.py""
              ]
            ],
            ""expected_signals"": [
              ""public_counterexample_passes"",
              ""hidden_transfer_case_passes"",
              ""no_broad_regression_gate_failure""
            ],
            ""name"": ""validate_records_matching_definitions""
          }
        },
        {
          ""family"": ""schema_query_repair"",
          ""kind"": ""evaluator_mutation"",
          ""name"": ""records_matching_definitions_hidden_transfer_case"",
          ""rationale"": ""Add a held-out case that checks transfer beyond the public example."",
          ""target_surface"": ""shared/capability_benchmarks.py"",
          ""validation_plan"": {
            ""commands"": [
              [
                ""python"",
                ""-m"",
                ""pytest"",
                ""-q"",
                ""tests/test_capability_schema_query_repair_operator_v1.py""
              ]
            ],
            ""expected_signals"": [
              ""public_counterexample_passes"",
              ""hidden_transfer_case_passes"",
              ""no_broad_regression_gate_failure""
            ],
            ""name"": ""validate_records_matching_definitions""
          }
        },
        {
          ""family"": ""schema_query_repair"",
          ""kind"": ""counterexample_test"",
          ""name"": ""test_records_matching_definitions_counterexample"",
          ""rationale"": ""Lock the primitive with public and hidden transfer counterexamples."",
          ""target_surface"": ""tests/test_capability_schema_query_repair_operator_v1.py"",
          ""validation_plan"": {
            ""commands"": [
              [
                ""python"",
                ""-m"",
                ""pytest"",
                ""-q"",
                ""tests/test_capability_schema_query_repair_operator_v1.py""
              ]
            ],
            ""expected_signals"": [
              ""public_counterexample_passes"",
              ""hidden_transfer_case_passes"",
              ""no_broad_regression_gate_failure""
            ],
            ""name"": ""validate_records_matching_definitions""
          }
        }
      ],
      ""started_at"": ""2026-05-27T04:08:25Z"",
      ""target_path"": ""shared/local_corpus.py"",
      ""test_path"": ""tests/test_emergent_local_corpus_definitions_membership_v1.py""
    }
  ],
  ""active_base"": ""emergent_local_corpus_definitions_membership_v1"",
  ""active_generation"": 3,
  ""broad_gate"": true,
  ""capability_delta_score"": 5.847,
  ""dry_run"": false,
  ""failure_residue_count"": 0,
  ""hidden_transfer"": 3,
  ""operator_reuse"": 6,
  ""persistence"": true,
  ""rejected_this_run"": [],
  ""rollback"": true,
  ""solved_new_tasks"": 3,
  ""state_path"": ""/tmp/rsi_experiments_r9xths9q/capability_algorithm_synthesis_repo__capability_algorithm_synthesis__verified_closed_loop__r0/.omega_rsi_runs/closed_rsi_state.json"",
  ""thdse_core_gate"": true,
  ""total_accepted"": 3,
  ""total_rejected"": 0
}
",,capability_unseen,algorithm_synthesis,Measure executable algorithm_synthesis repair with public and hidden counterexamples.,Capability transfer succeeds when the loop synthesizes the reusable run_length_encode primitive for algorithm_synthesis.,5.847,3,3,6,0
capability_symbolic_reasoning_repo,Executable symbolic-reasoning fixture requiring linear rule inference.,capability_symbolic_reasoning,verified_closed_loop,proposed,"Full loop: candidate generation, patching, rollback, persistence, root broad gate, and THDSE core gate.",0,7ea7e3ad8f2a,0,1.401,3,0,1.0,0,,True,3,1.401,5,/tmp/rsi_experiments_r9xths9q/capability_symbolic_reasoning_repo__capability_symbolic_reasoning__verified_closed_loop__r0/.omega_rsi_runs/closed_rsi_summary.json,"lity_primitives.py"",
          ""validation_plan"": {
            ""commands"": [
              [
                ""python"",
                ""-m"",
                ""pytest"",
                ""-q"",
                ""tests/test_capability_schema_query_repair_operator_v1.py""
              ]
            ],
            ""expected_signals"": [
              ""public_counterexample_passes"",
              ""hidden_transfer_case_passes"",
              ""no_broad_regression_gate_failure""
            ],
            ""name"": ""validate_records_matching_definitions""
          }
        },
        {
          ""family"": ""schema_query_repair"",
          ""kind"": ""search_heuristic"",
          ""name"": ""prefer_records_matching_definitions_reuse"",
          ""rationale"": ""Rank exact capability repair operators ahead of unrelated schema repairs."",
          ""target_surface"": ""scripts/closed_recursive_self_improvement_loop.py"",
          ""validation_plan"": {
            ""commands"": [
              [
                ""python"",
                ""-m"",
                ""pytest"",
                ""-q"",
                ""tests/test_capability_schema_query_repair_operator_v1.py""
              ]
            ],
            ""expected_signals"": [
              ""public_counterexample_passes"",
              ""hidden_transfer_case_passes"",
              ""no_broad_regression_gate_failure""
            ],
            ""name"": ""validate_records_matching_definitions""
          }
        },
        {
          ""family"": ""schema_query_repair"",
          ""kind"": ""evaluator_mutation"",
          ""name"": ""records_matching_definitions_hidden_transfer_case"",
          ""rationale"": ""Add a held-out case that checks transfer beyond the public example."",
          ""target_surface"": ""shared/capability_benchmarks.py"",
          ""validation_plan"": {
            ""commands"": [
              [
                ""python"",
                ""-m"",
                ""pytest"",
                ""-q"",
                ""tests/test_capability_schema_query_repair_operator_v1.py""
              ]
            ],
            ""expected_signals"": [
              ""public_counterexample_passes"",
              ""hidden_transfer_case_passes"",
              ""no_broad_regression_gate_failure""
            ],
            ""name"": ""validate_records_matching_definitions""
          }
        },
        {
          ""family"": ""schema_query_repair"",
          ""kind"": ""counterexample_test"",
          ""name"": ""test_records_matching_definitions_counterexample"",
          ""rationale"": ""Lock the primitive with public and hidden transfer counterexamples."",
          ""target_surface"": ""tests/test_capability_schema_query_repair_operator_v1.py"",
          ""validation_plan"": {
            ""commands"": [
              [
                ""python"",
                ""-m"",
                ""pytest"",
                ""-q"",
                ""tests/test_capability_schema_query_repair_operator_v1.py""
              ]
            ],
            ""expected_signals"": [
              ""public_counterexample_passes"",
              ""hidden_transfer_case_passes"",
              ""no_broad_regression_gate_failure""
            ],
            ""name"": ""validate_records_matching_definitions""
          }
        }
      ],
      ""started_at"": ""2026-05-27T04:08:26Z"",
      ""target_path"": ""shared/local_corpus.py"",
      ""test_path"": ""tests/test_emergent_local_corpus_definitions_membership_v1.py""
    }
  ],
  ""active_base"": ""emergent_local_corpus_definitions_membership_v1"",
  ""active_generation"": 3,
  ""broad_gate"": true,
  ""capability_delta_score"": 5.847,
  ""dry_run"": false,
  ""failure_residue_count"": 0,
  ""hidden_transfer"": 3,
  ""operator_reuse"": 6,
  ""persistence"": true,
  ""rejected_this_run"": [],
  ""rollback"": true,
  ""solved_new_tasks"": 3,
  ""state_path"": ""/tmp/rsi_experiments_r9xths9q/capability_symbolic_reasoning_repo__capability_symbolic_reasoning__verified_closed_loop__r0/.omega_rsi_runs/closed_rsi_state.json"",
  ""thdse_core_gate"": true,
  ""total_accepted"": 3,
  ""total_rejected"": 0
}
",,capability_unseen,symbolic_reasoning,Measure executable symbolic_reasoning repair with public and hidden counterexamples.,Capability transfer succeeds when the loop synthesizes the reusable infer_linear_rule primitive for symbolic_reasoning.,5.847,3,3,6,0
capability_grid_transformation_repo,Executable grid-transformation fixture requiring ARC-like rotation.,capability_grid_transformation,verified_closed_loop,proposed,"Full loop: candidate generation, patching, rollback, persistence, root broad gate, and THDSE core gate.",0,274cb6626f05,0,1.446,3,0,1.0,0,,True,3,1.446,5,/tmp/rsi_experiments_r9xths9q/capability_grid_transformation_repo__capability_grid_transformation__verified_closed_loop__r0/.omega_rsi_runs/closed_rsi_summary.json,"ty_primitives.py"",
          ""validation_plan"": {
            ""commands"": [
              [
                ""python"",
                ""-m"",
                ""pytest"",
                ""-q"",
                ""tests/test_capability_schema_query_repair_operator_v1.py""
              ]
            ],
            ""expected_signals"": [
              ""public_counterexample_passes"",
              ""hidden_transfer_case_passes"",
              ""no_broad_regression_gate_failure""
            ],
            ""name"": ""validate_records_matching_definitions""
          }
        },
        {
          ""family"": ""schema_query_repair"",
          ""kind"": ""search_heuristic"",
          ""name"": ""prefer_records_matching_definitions_reuse"",
          ""rationale"": ""Rank exact capability repair operators ahead of unrelated schema repairs."",
          ""target_surface"": ""scripts/closed_recursive_self_improvement_loop.py"",
          ""validation_plan"": {
            ""commands"": [
              [
                ""python"",
                ""-m"",
                ""pytest"",
                ""-q"",
                ""tests/test_capability_schema_query_repair_operator_v1.py""
              ]
            ],
            ""expected_signals"": [
              ""public_counterexample_passes"",
              ""hidden_transfer_case_passes"",
              ""no_broad_regression_gate_failure""
            ],
            ""name"": ""validate_records_matching_definitions""
          }
        },
        {
          ""family"": ""schema_query_repair"",
          ""kind"": ""evaluator_mutation"",
          ""name"": ""records_matching_definitions_hidden_transfer_case"",
          ""rationale"": ""Add a held-out case that checks transfer beyond the public example."",
          ""target_surface"": ""shared/capability_benchmarks.py"",
          ""validation_plan"": {
            ""commands"": [
              [
                ""python"",
                ""-m"",
                ""pytest"",
                ""-q"",
                ""tests/test_capability_schema_query_repair_operator_v1.py""
              ]
            ],
            ""expected_signals"": [
              ""public_counterexample_passes"",
              ""hidden_transfer_case_passes"",
              ""no_broad_regression_gate_failure""
            ],
            ""name"": ""validate_records_matching_definitions""
          }
        },
        {
          ""family"": ""schema_query_repair"",
          ""kind"": ""counterexample_test"",
          ""name"": ""test_records_matching_definitions_counterexample"",
          ""rationale"": ""Lock the primitive with public and hidden transfer counterexamples."",
          ""target_surface"": ""tests/test_capability_schema_query_repair_operator_v1.py"",
          ""validation_plan"": {
            ""commands"": [
              [
                ""python"",
                ""-m"",
                ""pytest"",
                ""-q"",
                ""tests/test_capability_schema_query_repair_operator_v1.py""
              ]
            ],
            ""expected_signals"": [
              ""public_counterexample_passes"",
              ""hidden_transfer_case_passes"",
              ""no_broad_regression_gate_failure""
            ],
            ""name"": ""validate_records_matching_definitions""
          }
        }
      ],
      ""started_at"": ""2026-05-27T04:08:27Z"",
      ""target_path"": ""shared/local_corpus.py"",
      ""test_path"": ""tests/test_emergent_local_corpus_definitions_membership_v1.py""
    }
  ],
  ""active_base"": ""emergent_local_corpus_definitions_membership_v1"",
  ""active_generation"": 3,
  ""broad_gate"": true,
  ""capability_delta_score"": 5.847,
  ""dry_run"": false,
  ""failure_residue_count"": 0,
  ""hidden_transfer"": 3,
  ""operator_reuse"": 6,
  ""persistence"": true,
  ""rejected_this_run"": [],
  ""rollback"": true,
  ""solved_new_tasks"": 3,
  ""state_path"": ""/tmp/rsi_experiments_r9xths9q/capability_grid_transformation_repo__capability_grid_transformation__verified_closed_loop__r0/.omega_rsi_runs/closed_rsi_state.json"",
  ""thdse_core_gate"": true,
  ""total_accepted"": 3,
  ""total_rejected"": 0
}
",,capability_unseen,grid_transformation,Measure executable grid_transformation repair with public and hidden counterexamples.,Capability transfer succeeds when the loop synthesizes the reusable rotate_grid_clockwise primitive for grid_transformation.,5.847,3,3,6,0
capability_bug_repair_repo,Executable bug-repair fixture requiring a corrected stable de-duplication primitive.,capability_bug_repair,verified_closed_loop,proposed,"Full loop: candidate generation, patching, rollback, persistence, root broad gate, and THDSE core gate.",0,f7c6b72a7335,0,1.407,3,0,1.0,0,,True,3,1.407,5,/tmp/rsi_experiments_r9xths9q/capability_bug_repair_repo__capability_bug_repair__verified_closed_loop__r0/.omega_rsi_runs/closed_rsi_summary.json,": ""shared/capability_primitives.py"",
          ""validation_plan"": {
            ""commands"": [
              [
                ""python"",
                ""-m"",
                ""pytest"",
                ""-q"",
                ""tests/test_capability_schema_query_repair_operator_v1.py""
              ]
            ],
            ""expected_signals"": [
              ""public_counterexample_passes"",
              ""hidden_transfer_case_passes"",
              ""no_broad_regression_gate_failure""
            ],
            ""name"": ""validate_records_matching_definitions""
          }
        },
        {
          ""family"": ""schema_query_repair"",
          ""kind"": ""search_heuristic"",
          ""name"": ""prefer_records_matching_definitions_reuse"",
          ""rationale"": ""Rank exact capability repair operators ahead of unrelated schema repairs."",
          ""target_surface"": ""scripts/closed_recursive_self_improvement_loop.py"",
          ""validation_plan"": {
            ""commands"": [
              [
                ""python"",
                ""-m"",
                ""pytest"",
                ""-q"",
                ""tests/test_capability_schema_query_repair_operator_v1.py""
              ]
            ],
            ""expected_signals"": [
              ""public_counterexample_passes"",
              ""hidden_transfer_case_passes"",
              ""no_broad_regression_gate_failure""
            ],
            ""name"": ""validate_records_matching_definitions""
          }
        },
        {
          ""family"": ""schema_query_repair"",
          ""kind"": ""evaluator_mutation"",
          ""name"": ""records_matching_definitions_hidden_transfer_case"",
          ""rationale"": ""Add a held-out case that checks transfer beyond the public example."",
          ""target_surface"": ""shared/capability_benchmarks.py"",
          ""validation_plan"": {
            ""commands"": [
              [
                ""python"",
                ""-m"",
                ""pytest"",
                ""-q"",
                ""tests/test_capability_schema_query_repair_operator_v1.py""
              ]
            ],
            ""expected_signals"": [
              ""public_counterexample_passes"",
              ""hidden_transfer_case_passes"",
              ""no_broad_regression_gate_failure""
            ],
            ""name"": ""validate_records_matching_definitions""
          }
        },
        {
          ""family"": ""schema_query_repair"",
          ""kind"": ""counterexample_test"",
          ""name"": ""test_records_matching_definitions_counterexample"",
          ""rationale"": ""Lock the primitive with public and hidden transfer counterexamples."",
          ""target_surface"": ""tests/test_capability_schema_query_repair_operator_v1.py"",
          ""validation_plan"": {
            ""commands"": [
              [
                ""python"",
                ""-m"",
                ""pytest"",
                ""-q"",
                ""tests/test_capability_schema_query_repair_operator_v1.py""
              ]
            ],
            ""expected_signals"": [
              ""public_counterexample_passes"",
              ""hidden_transfer_case_passes"",
              ""no_broad_regression_gate_failure""
            ],
            ""name"": ""validate_records_matching_definitions""
          }
        }
      ],
      ""started_at"": ""2026-05-27T04:08:29Z"",
      ""target_path"": ""shared/local_corpus.py"",
      ""test_path"": ""tests/test_emergent_local_corpus_definitions_membership_v1.py""
    }
  ],
  ""active_base"": ""emergent_local_corpus_definitions_membership_v1"",
  ""active_generation"": 3,
  ""broad_gate"": true,
  ""capability_delta_score"": 5.847,
  ""dry_run"": false,
  ""failure_residue_count"": 0,
  ""hidden_transfer"": 3,
  ""operator_reuse"": 6,
  ""persistence"": true,
  ""rejected_this_run"": [],
  ""rollback"": true,
  ""solved_new_tasks"": 3,
  ""state_path"": ""/tmp/rsi_experiments_r9xths9q/capability_bug_repair_repo__capability_bug_repair__verified_closed_loop__r0/.omega_rsi_runs/closed_rsi_state.json"",
  ""thdse_core_gate"": true,
  ""total_accepted"": 3,
  ""total_rejected"": 0
}
",,capability_unseen,bug_repair,Measure executable bug_repair repair with public and hidden counterexamples.,Capability transfer succeeds when the loop synthesizes the reusable dedupe_preserve_order primitive for bug_repair.,5.847,3,3,6,0
capability_planning_state_transition_repo,Executable planning fixture requiring deterministic state transition updates.,capability_planning_state_transition,verified_closed_loop,proposed,"Full loop: candidate generation, patching, rollback, persistence, root broad gate, and THDSE core gate.",0,833fd5ff1a98,0,1.402,3,0,1.0,0,,True,3,1.402,5,/tmp/rsi_experiments_r9xths9q/capability_planning_state_transition_repo__capability_planning_state_transition__verified_closed_loop__r0/.omega_rsi_runs/closed_rsi_summary.json,"s.py"",
          ""validation_plan"": {
            ""commands"": [
              [
                ""python"",
                ""-m"",
                ""pytest"",
                ""-q"",
                ""tests/test_capability_schema_query_repair_operator_v1.py""
              ]
            ],
            ""expected_signals"": [
              ""public_counterexample_passes"",
              ""hidden_transfer_case_passes"",
              ""no_broad_regression_gate_failure""
            ],
            ""name"": ""validate_records_matching_definitions""
          }
        },
        {
          ""family"": ""schema_query_repair"",
          ""kind"": ""search_heuristic"",
          ""name"": ""prefer_records_matching_definitions_reuse"",
          ""rationale"": ""Rank exact capability repair operators ahead of unrelated schema repairs."",
          ""target_surface"": ""scripts/closed_recursive_self_improvement_loop.py"",
          ""validation_plan"": {
            ""commands"": [
              [
                ""python"",
                ""-m"",
                ""pytest"",
                ""-q"",
                ""tests/test_capability_schema_query_repair_operator_v1.py""
              ]
            ],
            ""expected_signals"": [
              ""public_counterexample_passes"",
              ""hidden_transfer_case_passes"",
              ""no_broad_regression_gate_failure""
            ],
            ""name"": ""validate_records_matching_definitions""
          }
        },
        {
          ""family"": ""schema_query_repair"",
          ""kind"": ""evaluator_mutation"",
          ""name"": ""records_matching_definitions_hidden_transfer_case"",
          ""rationale"": ""Add a held-out case that checks transfer beyond the public example."",
          ""target_surface"": ""shared/capability_benchmarks.py"",
          ""validation_plan"": {
            ""commands"": [
              [
                ""python"",
                ""-m"",
                ""pytest"",
                ""-q"",
                ""tests/test_capability_schema_query_repair_operator_v1.py""
              ]
            ],
            ""expected_signals"": [
              ""public_counterexample_passes"",
              ""hidden_transfer_case_passes"",
              ""no_broad_regression_gate_failure""
            ],
            ""name"": ""validate_records_matching_definitions""
          }
        },
        {
          ""family"": ""schema_query_repair"",
          ""kind"": ""counterexample_test"",
          ""name"": ""test_records_matching_definitions_counterexample"",
          ""rationale"": ""Lock the primitive with public and hidden transfer counterexamples."",
          ""target_surface"": ""tests/test_capability_schema_query_repair_operator_v1.py"",
          ""validation_plan"": {
            ""commands"": [
              [
                ""python"",
                ""-m"",
                ""pytest"",
                ""-q"",
                ""tests/test_capability_schema_query_repair_operator_v1.py""
              ]
            ],
            ""expected_signals"": [
              ""public_counterexample_passes"",
              ""hidden_transfer_case_passes"",
              ""no_broad_regression_gate_failure""
            ],
            ""name"": ""validate_records_matching_definitions""
          }
        }
      ],
      ""started_at"": ""2026-05-27T04:08:30Z"",
      ""target_path"": ""shared/local_corpus.py"",
      ""test_path"": ""tests/test_emergent_local_corpus_definitions_membership_v1.py""
    }
  ],
  ""active_base"": ""emergent_local_corpus_definitions_membership_v1"",
  ""active_generation"": 3,
  ""broad_gate"": true,
  ""capability_delta_score"": 5.847,
  ""dry_run"": false,
  ""failure_residue_count"": 0,
  ""hidden_transfer"": 3,
  ""operator_reuse"": 6,
  ""persistence"": true,
  ""rejected_this_run"": [],
  ""rollback"": true,
  ""solved_new_tasks"": 3,
  ""state_path"": ""/tmp/rsi_experiments_r9xths9q/capability_planning_state_transition_repo__capability_planning_state_transition__verified_closed_loop__r0/.omega_rsi_runs/closed_rsi_state.json"",
  ""thdse_core_gate"": true,
  ""total_accepted"": 3,
  ""total_rejected"": 0
}
",,capability_unseen,planning_state_transition,Measure executable planning_state_transition repair with public and hidden counterexamples.,Capability transfer succeeds when the loop synthesizes the reusable apply_grid_action primitive for planning_state_transition.,5.847,3,3,6,0
unseen_schema_transfer_repo,Held-out compact fixture with an unseen tuple-valued record field that tests schema transfer beyond the original task distribution.,unseen_static_roles_query,verified_closed_loop,proposed,"Full loop: candidate generation, patching, rollback, persistence, root broad gate, and THDSE core gate.",0,7f03b5b3d253,0,1.401,3,0,1.0,0,,True,3,1.401,4,/tmp/rsi_experiments_r9xths9q/unseen_schema_transfer_repo__unseen_static_roles_query__verified_closed_loop__r0/.omega_rsi_runs/closed_rsi_summary.json,"ared/capability_primitives.py"",
          ""validation_plan"": {
            ""commands"": [
              [
                ""python"",
                ""-m"",
                ""pytest"",
                ""-q"",
                ""tests/test_capability_schema_query_repair_operator_v1.py""
              ]
            ],
            ""expected_signals"": [
              ""public_counterexample_passes"",
              ""hidden_transfer_case_passes"",
              ""no_broad_regression_gate_failure""
            ],
            ""name"": ""validate_records_matching_definitions""
          }
        },
        {
          ""family"": ""schema_query_repair"",
          ""kind"": ""search_heuristic"",
          ""name"": ""prefer_records_matching_definitions_reuse"",
          ""rationale"": ""Rank exact capability repair operators ahead of unrelated schema repairs."",
          ""target_surface"": ""scripts/closed_recursive_self_improvement_loop.py"",
          ""validation_plan"": {
            ""commands"": [
              [
                ""python"",
                ""-m"",
                ""pytest"",
                ""-q"",
                ""tests/test_capability_schema_query_repair_operator_v1.py""
              ]
            ],
            ""expected_signals"": [
              ""public_counterexample_passes"",
              ""hidden_transfer_case_passes"",
              ""no_broad_regression_gate_failure""
            ],
            ""name"": ""validate_records_matching_definitions""
          }
        },
        {
          ""family"": ""schema_query_repair"",
          ""kind"": ""evaluator_mutation"",
          ""name"": ""records_matching_definitions_hidden_transfer_case"",
          ""rationale"": ""Add a held-out case that checks transfer beyond the public example."",
          ""target_surface"": ""shared/capability_benchmarks.py"",
          ""validation_plan"": {
            ""commands"": [
              [
                ""python"",
                ""-m"",
                ""pytest"",
                ""-q"",
                ""tests/test_capability_schema_query_repair_operator_v1.py""
              ]
            ],
            ""expected_signals"": [
              ""public_counterexample_passes"",
              ""hidden_transfer_case_passes"",
              ""no_broad_regression_gate_failure""
            ],
            ""name"": ""validate_records_matching_definitions""
          }
        },
        {
          ""family"": ""schema_query_repair"",
          ""kind"": ""counterexample_test"",
          ""name"": ""test_records_matching_definitions_counterexample"",
          ""rationale"": ""Lock the primitive with public and hidden transfer counterexamples."",
          ""target_surface"": ""tests/test_capability_schema_query_repair_operator_v1.py"",
          ""validation_plan"": {
            ""commands"": [
              [
                ""python"",
                ""-m"",
                ""pytest"",
                ""-q"",
                ""tests/test_capability_schema_query_repair_operator_v1.py""
              ]
            ],
            ""expected_signals"": [
              ""public_counterexample_passes"",
              ""hidden_transfer_case_passes"",
              ""no_broad_regression_gate_failure""
            ],
            ""name"": ""validate_records_matching_definitions""
          }
        }
      ],
      ""started_at"": ""2026-05-27T04:08:32Z"",
      ""target_path"": ""shared/local_corpus.py"",
      ""test_path"": ""tests/test_emergent_local_corpus_definitions_membership_v1.py""
    }
  ],
  ""active_base"": ""emergent_local_corpus_definitions_membership_v1"",
  ""active_generation"": 3,
  ""broad_gate"": true,
  ""capability_delta_score"": 5.847,
  ""dry_run"": false,
  ""failure_residue_count"": 0,
  ""hidden_transfer"": 3,
  ""operator_reuse"": 6,
  ""persistence"": true,
  ""rejected_this_run"": [],
  ""rollback"": true,
  ""solved_new_tasks"": 3,
  ""state_path"": ""/tmp/rsi_experiments_r9xths9q/unseen_schema_transfer_repo__unseen_static_roles_query__verified_closed_loop__r0/.omega_rsi_runs/closed_rsi_state.json"",
  ""thdse_core_gate"": true,
  ""total_accepted"": 3,
  ""total_rejected"": 0
}
",,unseen,compact_kernel_repo,Measure whether schema-driven generation transfers to a held-out tuple-valued LocalPythonFileRecord field.,Unseen transfer succeeds when the loop patches a query API for a field absent from the original benchmark repositories.,5.847,3,3,6,0
unseen_security_transfer_repo,Held-out security-oriented fixture with a threat-label schema absent from the seen benchmark repositories.,unseen_threat_labels_query,verified_closed_loop,proposed,"Full loop: candidate generation, patching, rollback, persistence, root broad gate, and THDSE core gate.",0,67676fa0cf12,0,1.42,3,0,1.0,0,,True,3,1.42,4,/tmp/rsi_experiments_r9xths9q/unseen_security_transfer_repo__unseen_threat_labels_query__verified_closed_loop__r0/.omega_rsi_runs/closed_rsi_summary.json,"d/capability_primitives.py"",
          ""validation_plan"": {
            ""commands"": [
              [
                ""python"",
                ""-m"",
                ""pytest"",
                ""-q"",
                ""tests/test_capability_schema_query_repair_operator_v1.py""
              ]
            ],
            ""expected_signals"": [
              ""public_counterexample_passes"",
              ""hidden_transfer_case_passes"",
              ""no_broad_regression_gate_failure""
            ],
            ""name"": ""validate_records_matching_definitions""
          }
        },
        {
          ""family"": ""schema_query_repair"",
          ""kind"": ""search_heuristic"",
          ""name"": ""prefer_records_matching_definitions_reuse"",
          ""rationale"": ""Rank exact capability repair operators ahead of unrelated schema repairs."",
          ""target_surface"": ""scripts/closed_recursive_self_improvement_loop.py"",
          ""validation_plan"": {
            ""commands"": [
              [
                ""python"",
                ""-m"",
                ""pytest"",
                ""-q"",
                ""tests/test_capability_schema_query_repair_operator_v1.py""
              ]
            ],
            ""expected_signals"": [
              ""public_counterexample_passes"",
              ""hidden_transfer_case_passes"",
              ""no_broad_regression_gate_failure""
            ],
            ""name"": ""validate_records_matching_definitions""
          }
        },
        {
          ""family"": ""schema_query_repair"",
          ""kind"": ""evaluator_mutation"",
          ""name"": ""records_matching_definitions_hidden_transfer_case"",
          ""rationale"": ""Add a held-out case that checks transfer beyond the public example."",
          ""target_surface"": ""shared/capability_benchmarks.py"",
          ""validation_plan"": {
            ""commands"": [
              [
                ""python"",
                ""-m"",
                ""pytest"",
                ""-q"",
                ""tests/test_capability_schema_query_repair_operator_v1.py""
              ]
            ],
            ""expected_signals"": [
              ""public_counterexample_passes"",
              ""hidden_transfer_case_passes"",
              ""no_broad_regression_gate_failure""
            ],
            ""name"": ""validate_records_matching_definitions""
          }
        },
        {
          ""family"": ""schema_query_repair"",
          ""kind"": ""counterexample_test"",
          ""name"": ""test_records_matching_definitions_counterexample"",
          ""rationale"": ""Lock the primitive with public and hidden transfer counterexamples."",
          ""target_surface"": ""tests/test_capability_schema_query_repair_operator_v1.py"",
          ""validation_plan"": {
            ""commands"": [
              [
                ""python"",
                ""-m"",
                ""pytest"",
                ""-q"",
                ""tests/test_capability_schema_query_repair_operator_v1.py""
              ]
            ],
            ""expected_signals"": [
              ""public_counterexample_passes"",
              ""hidden_transfer_case_passes"",
              ""no_broad_regression_gate_failure""
            ],
            ""name"": ""validate_records_matching_definitions""
          }
        }
      ],
      ""started_at"": ""2026-05-27T04:08:33Z"",
      ""target_path"": ""shared/local_corpus.py"",
      ""test_path"": ""tests/test_emergent_local_corpus_definitions_membership_v1.py""
    }
  ],
  ""active_base"": ""emergent_local_corpus_definitions_membership_v1"",
  ""active_generation"": 3,
  ""broad_gate"": true,
  ""capability_delta_score"": 5.847,
  ""dry_run"": false,
  ""failure_residue_count"": 0,
  ""hidden_transfer"": 3,
  ""operator_reuse"": 6,
  ""persistence"": true,
  ""rejected_this_run"": [],
  ""rollback"": true,
  ""solved_new_tasks"": 3,
  ""state_path"": ""/tmp/rsi_experiments_r9xths9q/unseen_security_transfer_repo__unseen_threat_labels_query__verified_closed_loop__r0/.omega_rsi_runs/closed_rsi_state.json"",
  ""thdse_core_gate"": true,
  ""total_accepted"": 3,
  ""total_rejected"": 0
}
",,unseen,compact_kernel_repo,Measure schema transfer on a held-out security-oriented tuple-valued record field.,Security-domain unseen transfer succeeds when the loop patches a query API for threat labels absent from the seen fixtures.,5.847,3,3,6,0
unseen_science_transfer_repo,Held-out science-oriented fixture with evidence-source schema absent from the seen benchmark repositories.,unseen_evidence_sources_query,verified_closed_loop,proposed,"Full loop: candidate generation, patching, rollback, persistence, root broad gate, and THDSE core gate.",0,c56f0b417adc,0,1.422,3,0,1.0,0,,True,3,1.422,4,/tmp/rsi_experiments_r9xths9q/unseen_science_transfer_repo__unseen_evidence_sources_query__verified_closed_loop__r0/.omega_rsi_runs/closed_rsi_summary.json,"capability_primitives.py"",
          ""validation_plan"": {
            ""commands"": [
              [
                ""python"",
                ""-m"",
                ""pytest"",
                ""-q"",
                ""tests/test_capability_schema_query_repair_operator_v1.py""
              ]
            ],
            ""expected_signals"": [
              ""public_counterexample_passes"",
              ""hidden_transfer_case_passes"",
              ""no_broad_regression_gate_failure""
            ],
            ""name"": ""validate_records_matching_definitions""
          }
        },
        {
          ""family"": ""schema_query_repair"",
          ""kind"": ""search_heuristic"",
          ""name"": ""prefer_records_matching_definitions_reuse"",
          ""rationale"": ""Rank exact capability repair operators ahead of unrelated schema repairs."",
          ""target_surface"": ""scripts/closed_recursive_self_improvement_loop.py"",
          ""validation_plan"": {
            ""commands"": [
              [
                ""python"",
                ""-m"",
                ""pytest"",
                ""-q"",
                ""tests/test_capability_schema_query_repair_operator_v1.py""
              ]
            ],
            ""expected_signals"": [
              ""public_counterexample_passes"",
              ""hidden_transfer_case_passes"",
              ""no_broad_regression_gate_failure""
            ],
            ""name"": ""validate_records_matching_definitions""
          }
        },
        {
          ""family"": ""schema_query_repair"",
          ""kind"": ""evaluator_mutation"",
          ""name"": ""records_matching_definitions_hidden_transfer_case"",
          ""rationale"": ""Add a held-out case that checks transfer beyond the public example."",
          ""target_surface"": ""shared/capability_benchmarks.py"",
          ""validation_plan"": {
            ""commands"": [
              [
                ""python"",
                ""-m"",
                ""pytest"",
                ""-q"",
                ""tests/test_capability_schema_query_repair_operator_v1.py""
              ]
            ],
            ""expected_signals"": [
              ""public_counterexample_passes"",
              ""hidden_transfer_case_passes"",
              ""no_broad_regression_gate_failure""
            ],
            ""name"": ""validate_records_matching_definitions""
          }
        },
        {
          ""family"": ""schema_query_repair"",
          ""kind"": ""counterexample_test"",
          ""name"": ""test_records_matching_definitions_counterexample"",
          ""rationale"": ""Lock the primitive with public and hidden transfer counterexamples."",
          ""target_surface"": ""tests/test_capability_schema_query_repair_operator_v1.py"",
          ""validation_plan"": {
            ""commands"": [
              [
                ""python"",
                ""-m"",
                ""pytest"",
                ""-q"",
                ""tests/test_capability_schema_query_repair_operator_v1.py""
              ]
            ],
            ""expected_signals"": [
              ""public_counterexample_passes"",
              ""hidden_transfer_case_passes"",
              ""no_broad_regression_gate_failure""
            ],
            ""name"": ""validate_records_matching_definitions""
          }
        }
      ],
      ""started_at"": ""2026-05-27T04:08:34Z"",
      ""target_path"": ""shared/local_corpus.py"",
      ""test_path"": ""tests/test_emergent_local_corpus_definitions_membership_v1.py""
    }
  ],
  ""active_base"": ""emergent_local_corpus_definitions_membership_v1"",
  ""active_generation"": 3,
  ""broad_gate"": true,
  ""capability_delta_score"": 5.847,
  ""dry_run"": false,
  ""failure_residue_count"": 0,
  ""hidden_transfer"": 3,
  ""operator_reuse"": 6,
  ""persistence"": true,
  ""rejected_this_run"": [],
  ""rollback"": true,
  ""solved_new_tasks"": 3,
  ""state_path"": ""/tmp/rsi_experiments_r9xths9q/unseen_science_transfer_repo__unseen_evidence_sources_query__verified_closed_loop__r0/.omega_rsi_runs/closed_rsi_state.json"",
  ""thdse_core_gate"": true,
  ""total_accepted"": 3,
  ""total_rejected"": 0
}
",,unseen,compact_kernel_repo,Measure schema transfer on a held-out science-oriented tuple-valued record field.,Science-domain unseen transfer succeeds when the loop patches a query API for evidence sources absent from the seen fixtures.,5.847,3,3,6,0
unseen_control_transfer_repo,Held-out control-oriented fixture with controller-mode schema absent from the seen benchmark repositories.,unseen_controller_modes_query,verified_closed_loop,proposed,"Full loop: candidate generation, patching, rollback, persistence, root broad gate, and THDSE core gate.",0,24c4141c92b7,0,1.419,3,0,1.0,0,,True,3,1.419,4,/tmp/rsi_experiments_r9xths9q/unseen_control_transfer_repo__unseen_controller_modes_query__verified_closed_loop__r0/.omega_rsi_runs/closed_rsi_summary.json,"capability_primitives.py"",
          ""validation_plan"": {
            ""commands"": [
              [
                ""python"",
                ""-m"",
                ""pytest"",
                ""-q"",
                ""tests/test_capability_schema_query_repair_operator_v1.py""
              ]
            ],
            ""expected_signals"": [
              ""public_counterexample_passes"",
              ""hidden_transfer_case_passes"",
              ""no_broad_regression_gate_failure""
            ],
            ""name"": ""validate_records_matching_definitions""
          }
        },
        {
          ""family"": ""schema_query_repair"",
          ""kind"": ""search_heuristic"",
          ""name"": ""prefer_records_matching_definitions_reuse"",
          ""rationale"": ""Rank exact capability repair operators ahead of unrelated schema repairs."",
          ""target_surface"": ""scripts/closed_recursive_self_improvement_loop.py"",
          ""validation_plan"": {
            ""commands"": [
              [
                ""python"",
                ""-m"",
                ""pytest"",
                ""-q"",
                ""tests/test_capability_schema_query_repair_operator_v1.py""
              ]
            ],
            ""expected_signals"": [
              ""public_counterexample_passes"",
              ""hidden_transfer_case_passes"",
              ""no_broad_regression_gate_failure""
            ],
            ""name"": ""validate_records_matching_definitions""
          }
        },
        {
          ""family"": ""schema_query_repair"",
          ""kind"": ""evaluator_mutation"",
          ""name"": ""records_matching_definitions_hidden_transfer_case"",
          ""rationale"": ""Add a held-out case that checks transfer beyond the public example."",
          ""target_surface"": ""shared/capability_benchmarks.py"",
          ""validation_plan"": {
            ""commands"": [
              [
                ""python"",
                ""-m"",
                ""pytest"",
                ""-q"",
                ""tests/test_capability_schema_query_repair_operator_v1.py""
              ]
            ],
            ""expected_signals"": [
              ""public_counterexample_passes"",
              ""hidden_transfer_case_passes"",
              ""no_broad_regression_gate_failure""
            ],
            ""name"": ""validate_records_matching_definitions""
          }
        },
        {
          ""family"": ""schema_query_repair"",
          ""kind"": ""counterexample_test"",
          ""name"": ""test_records_matching_definitions_counterexample"",
          ""rationale"": ""Lock the primitive with public and hidden transfer counterexamples."",
          ""target_surface"": ""tests/test_capability_schema_query_repair_operator_v1.py"",
          ""validation_plan"": {
            ""commands"": [
              [
                ""python"",
                ""-m"",
                ""pytest"",
                ""-q"",
                ""tests/test_capability_schema_query_repair_operator_v1.py""
              ]
            ],
            ""expected_signals"": [
              ""public_counterexample_passes"",
              ""hidden_transfer_case_passes"",
              ""no_broad_regression_gate_failure""
            ],
            ""name"": ""validate_records_matching_definitions""
          }
        }
      ],
      ""started_at"": ""2026-05-27T04:08:36Z"",
      ""target_path"": ""shared/local_corpus.py"",
      ""test_path"": ""tests/test_emergent_local_corpus_definitions_membership_v1.py""
    }
  ],
  ""active_base"": ""emergent_local_corpus_definitions_membership_v1"",
  ""active_generation"": 3,
  ""broad_gate"": true,
  ""capability_delta_score"": 5.847,
  ""dry_run"": false,
  ""failure_residue_count"": 0,
  ""hidden_transfer"": 3,
  ""operator_reuse"": 6,
  ""persistence"": true,
  ""rejected_this_run"": [],
  ""rollback"": true,
  ""solved_new_tasks"": 3,
  ""state_path"": ""/tmp/rsi_experiments_r9xths9q/unseen_control_transfer_repo__unseen_controller_modes_query__verified_closed_loop__r0/.omega_rsi_runs/closed_rsi_state.json"",
  ""thdse_core_gate"": true,
  ""total_accepted"": 3,
  ""total_rejected"": 0
}
",,unseen,compact_kernel_repo,Measure schema transfer on a held-out control-oriented tuple-valued record field.,Control-domain unseen transfer succeeds when the loop patches a query API for controller modes absent from the seen fixtures.,5.847,3,3,6,0
external_requests_issue_transfer_repo,Actual psf/requests issue-label fixture extracted from public GitHub issue metadata.,external_requests_issue_labels_query,verified_closed_loop,proposed,"Full loop: candidate generation, patching, rollback, persistence, root broad gate, and THDSE core gate.",0,acc0bbe45d3e,0,1.397,3,0,1.0,0,,True,3,1.397,4,/tmp/rsi_experiments_r9xths9q/external_requests_issue_transfer_repo__external_requests_issue_labels_query__verified_closed_loop__r0/.omega_rsi_runs/closed_rsi_summary.json,"tives.py"",
          ""validation_plan"": {
            ""commands"": [
              [
                ""python"",
                ""-m"",
                ""pytest"",
                ""-q"",
                ""tests/test_capability_schema_query_repair_operator_v1.py""
              ]
            ],
            ""expected_signals"": [
              ""public_counterexample_passes"",
              ""hidden_transfer_case_passes"",
              ""no_broad_regression_gate_failure""
            ],
            ""name"": ""validate_records_matching_definitions""
          }
        },
        {
          ""family"": ""schema_query_repair"",
          ""kind"": ""search_heuristic"",
          ""name"": ""prefer_records_matching_definitions_reuse"",
          ""rationale"": ""Rank exact capability repair operators ahead of unrelated schema repairs."",
          ""target_surface"": ""scripts/closed_recursive_self_improvement_loop.py"",
          ""validation_plan"": {
            ""commands"": [
              [
                ""python"",
                ""-m"",
                ""pytest"",
                ""-q"",
                ""tests/test_capability_schema_query_repair_operator_v1.py""
              ]
            ],
            ""expected_signals"": [
              ""public_counterexample_passes"",
              ""hidden_transfer_case_passes"",
              ""no_broad_regression_gate_failure""
            ],
            ""name"": ""validate_records_matching_definitions""
          }
        },
        {
          ""family"": ""schema_query_repair"",
          ""kind"": ""evaluator_mutation"",
          ""name"": ""records_matching_definitions_hidden_transfer_case"",
          ""rationale"": ""Add a held-out case that checks transfer beyond the public example."",
          ""target_surface"": ""shared/capability_benchmarks.py"",
          ""validation_plan"": {
            ""commands"": [
              [
                ""python"",
                ""-m"",
                ""pytest"",
                ""-q"",
                ""tests/test_capability_schema_query_repair_operator_v1.py""
              ]
            ],
            ""expected_signals"": [
              ""public_counterexample_passes"",
              ""hidden_transfer_case_passes"",
              ""no_broad_regression_gate_failure""
            ],
            ""name"": ""validate_records_matching_definitions""
          }
        },
        {
          ""family"": ""schema_query_repair"",
          ""kind"": ""counterexample_test"",
          ""name"": ""test_records_matching_definitions_counterexample"",
          ""rationale"": ""Lock the primitive with public and hidden transfer counterexamples."",
          ""target_surface"": ""tests/test_capability_schema_query_repair_operator_v1.py"",
          ""validation_plan"": {
            ""commands"": [
              [
                ""python"",
                ""-m"",
                ""pytest"",
                ""-q"",
                ""tests/test_capability_schema_query_repair_operator_v1.py""
              ]
            ],
            ""expected_signals"": [
              ""public_counterexample_passes"",
              ""hidden_transfer_case_passes"",
              ""no_broad_regression_gate_failure""
            ],
            ""name"": ""validate_records_matching_definitions""
          }
        }
      ],
      ""started_at"": ""2026-05-27T04:08:37Z"",
      ""target_path"": ""shared/local_corpus.py"",
      ""test_path"": ""tests/test_emergent_local_corpus_definitions_membership_v1.py""
    }
  ],
  ""active_base"": ""emergent_local_corpus_definitions_membership_v1"",
  ""active_generation"": 3,
  ""broad_gate"": true,
  ""capability_delta_score"": 5.847,
  ""dry_run"": false,
  ""failure_residue_count"": 0,
  ""hidden_transfer"": 3,
  ""operator_reuse"": 6,
  ""persistence"": true,
  ""rejected_this_run"": [],
  ""rollback"": true,
  ""solved_new_tasks"": 3,
  ""state_path"": ""/tmp/rsi_experiments_r9xths9q/external_requests_issue_transfer_repo__external_requests_issue_labels_query__verified_closed_loop__r0/.omega_rsi_runs/closed_rsi_state.json"",
  ""thdse_core_gate"": true,
  ""total_accepted"": 3,
  ""total_rejected"": 0
}
",,external_unseen,psf/requests,Measure transfer on a fixture extracted from psf/requests issue metadata.,External transfer succeeds when the loop patches a query API for external_issue_labels extracted from psf/requests issue metadata.,5.847,3,3,6,0
external_hypothesis_issue_transfer_repo,Actual Hypothesis issue-title fixture extracted from public GitHub issue metadata.,external_hypothesis_patch_signals_query,verified_closed_loop,proposed,"Full loop: candidate generation, patching, rollback, persistence, root broad gate, and THDSE core gate.",0,c02b654b6ad7,0,1.403,3,0,1.0,0,,True,3,1.403,4,/tmp/rsi_experiments_r9xths9q/external_hypothesis_issue_transfer_repo__external_hypothesis_patch_signals_query__verified_closed_loop__r0/.omega_rsi_runs/closed_rsi_summary.json,".py"",
          ""validation_plan"": {
            ""commands"": [
              [
                ""python"",
                ""-m"",
                ""pytest"",
                ""-q"",
                ""tests/test_capability_schema_query_repair_operator_v1.py""
              ]
            ],
            ""expected_signals"": [
              ""public_counterexample_passes"",
              ""hidden_transfer_case_passes"",
              ""no_broad_regression_gate_failure""
            ],
            ""name"": ""validate_records_matching_definitions""
          }
        },
        {
          ""family"": ""schema_query_repair"",
          ""kind"": ""search_heuristic"",
          ""name"": ""prefer_records_matching_definitions_reuse"",
          ""rationale"": ""Rank exact capability repair operators ahead of unrelated schema repairs."",
          ""target_surface"": ""scripts/closed_recursive_self_improvement_loop.py"",
          ""validation_plan"": {
            ""commands"": [
              [
                ""python"",
                ""-m"",
                ""pytest"",
                ""-q"",
                ""tests/test_capability_schema_query_repair_operator_v1.py""
              ]
            ],
            ""expected_signals"": [
              ""public_counterexample_passes"",
              ""hidden_transfer_case_passes"",
              ""no_broad_regression_gate_failure""
            ],
            ""name"": ""validate_records_matching_definitions""
          }
        },
        {
          ""family"": ""schema_query_repair"",
          ""kind"": ""evaluator_mutation"",
          ""name"": ""records_matching_definitions_hidden_transfer_case"",
          ""rationale"": ""Add a held-out case that checks transfer beyond the public example."",
          ""target_surface"": ""shared/capability_benchmarks.py"",
          ""validation_plan"": {
            ""commands"": [
              [
                ""python"",
                ""-m"",
                ""pytest"",
                ""-q"",
                ""tests/test_capability_schema_query_repair_operator_v1.py""
              ]
            ],
            ""expected_signals"": [
              ""public_counterexample_passes"",
              ""hidden_transfer_case_passes"",
              ""no_broad_regression_gate_failure""
            ],
            ""name"": ""validate_records_matching_definitions""
          }
        },
        {
          ""family"": ""schema_query_repair"",
          ""kind"": ""counterexample_test"",
          ""name"": ""test_records_matching_definitions_counterexample"",
          ""rationale"": ""Lock the primitive with public and hidden transfer counterexamples."",
          ""target_surface"": ""tests/test_capability_schema_query_repair_operator_v1.py"",
          ""validation_plan"": {
            ""commands"": [
              [
                ""python"",
                ""-m"",
                ""pytest"",
                ""-q"",
                ""tests/test_capability_schema_query_repair_operator_v1.py""
              ]
            ],
            ""expected_signals"": [
              ""public_counterexample_passes"",
              ""hidden_transfer_case_passes"",
              ""no_broad_regression_gate_failure""
            ],
            ""name"": ""validate_records_matching_definitions""
          }
        }
      ],
      ""started_at"": ""2026-05-27T04:08:39Z"",
      ""target_path"": ""shared/local_corpus.py"",
      ""test_path"": ""tests/test_emergent_local_corpus_definitions_membership_v1.py""
    }
  ],
  ""active_base"": ""emergent_local_corpus_definitions_membership_v1"",
  ""active_generation"": 3,
  ""broad_gate"": true,
  ""capability_delta_score"": 5.847,
  ""dry_run"": false,
  ""failure_residue_count"": 0,
  ""hidden_transfer"": 3,
  ""operator_reuse"": 6,
  ""persistence"": true,
  ""rejected_this_run"": [],
  ""rollback"": true,
  ""solved_new_tasks"": 3,
  ""state_path"": ""/tmp/rsi_experiments_r9xths9q/external_hypothesis_issue_transfer_repo__external_hypothesis_patch_signals_query__verified_closed_loop__r0/.omega_rsi_runs/closed_rsi_state.json"",
  ""thdse_core_gate"": true,
  ""total_accepted"": 3,
  ""total_rejected"": 0
}
",,external_unseen,hypothesisworks/hypothesis,Measure transfer on a fixture extracted from hypothesisworks/hypothesis issue metadata.,External transfer succeeds when the loop patches a query API for external_patch_signals extracted from hypothesisworks/hypothesis issue metadata.,5.847,3,3,6,0
external_pandas_issue_transfer_repo,Actual pandas issue-title fixture extracted from public GitHub issue metadata.,external_pandas_failure_terms_query,verified_closed_loop,proposed,"Full loop: candidate generation, patching, rollback, persistence, root broad gate, and THDSE core gate.",0,838c742d9fed,0,1.411,3,0,1.0,0,,True,3,1.411,4,/tmp/rsi_experiments_r9xths9q/external_pandas_issue_transfer_repo__external_pandas_failure_terms_query__verified_closed_loop__r0/.omega_rsi_runs/closed_rsi_summary.json,"imitives.py"",
          ""validation_plan"": {
            ""commands"": [
              [
                ""python"",
                ""-m"",
                ""pytest"",
                ""-q"",
                ""tests/test_capability_schema_query_repair_operator_v1.py""
              ]
            ],
            ""expected_signals"": [
              ""public_counterexample_passes"",
              ""hidden_transfer_case_passes"",
              ""no_broad_regression_gate_failure""
            ],
            ""name"": ""validate_records_matching_definitions""
          }
        },
        {
          ""family"": ""schema_query_repair"",
          ""kind"": ""search_heuristic"",
          ""name"": ""prefer_records_matching_definitions_reuse"",
          ""rationale"": ""Rank exact capability repair operators ahead of unrelated schema repairs."",
          ""target_surface"": ""scripts/closed_recursive_self_improvement_loop.py"",
          ""validation_plan"": {
            ""commands"": [
              [
                ""python"",
                ""-m"",
                ""pytest"",
                ""-q"",
                ""tests/test_capability_schema_query_repair_operator_v1.py""
              ]
            ],
            ""expected_signals"": [
              ""public_counterexample_passes"",
              ""hidden_transfer_case_passes"",
              ""no_broad_regression_gate_failure""
            ],
            ""name"": ""validate_records_matching_definitions""
          }
        },
        {
          ""family"": ""schema_query_repair"",
          ""kind"": ""evaluator_mutation"",
          ""name"": ""records_matching_definitions_hidden_transfer_case"",
          ""rationale"": ""Add a held-out case that checks transfer beyond the public example."",
          ""target_surface"": ""shared/capability_benchmarks.py"",
          ""validation_plan"": {
            ""commands"": [
              [
                ""python"",
                ""-m"",
                ""pytest"",
                ""-q"",
                ""tests/test_capability_schema_query_repair_operator_v1.py""
              ]
            ],
            ""expected_signals"": [
              ""public_counterexample_passes"",
              ""hidden_transfer_case_passes"",
              ""no_broad_regression_gate_failure""
            ],
            ""name"": ""validate_records_matching_definitions""
          }
        },
        {
          ""family"": ""schema_query_repair"",
          ""kind"": ""counterexample_test"",
          ""name"": ""test_records_matching_definitions_counterexample"",
          ""rationale"": ""Lock the primitive with public and hidden transfer counterexamples."",
          ""target_surface"": ""tests/test_capability_schema_query_repair_operator_v1.py"",
          ""validation_plan"": {
            ""commands"": [
              [
                ""python"",
                ""-m"",
                ""pytest"",
                ""-q"",
                ""tests/test_capability_schema_query_repair_operator_v1.py""
              ]
            ],
            ""expected_signals"": [
              ""public_counterexample_passes"",
              ""hidden_transfer_case_passes"",
              ""no_broad_regression_gate_failure""
            ],
            ""name"": ""validate_records_matching_definitions""
          }
        }
      ],
      ""started_at"": ""2026-05-27T04:08:40Z"",
      ""target_path"": ""shared/local_corpus.py"",
      ""test_path"": ""tests/test_emergent_local_corpus_definitions_membership_v1.py""
    }
  ],
  ""active_base"": ""emergent_local_corpus_definitions_membership_v1"",
  ""active_generation"": 3,
  ""broad_gate"": true,
  ""capability_delta_score"": 5.847,
  ""dry_run"": false,
  ""failure_residue_count"": 0,
  ""hidden_transfer"": 3,
  ""operator_reuse"": 6,
  ""persistence"": true,
  ""rejected_this_run"": [],
  ""rollback"": true,
  ""solved_new_tasks"": 3,
  ""state_path"": ""/tmp/rsi_experiments_r9xths9q/external_pandas_issue_transfer_repo__external_pandas_failure_terms_query__verified_closed_loop__r0/.omega_rsi_runs/closed_rsi_state.json"",
  ""thdse_core_gate"": true,
  ""total_accepted"": 3,
  ""total_rejected"": 0
}
",,external_unseen,pandas-dev/pandas,Measure transfer on a fixture extracted from pandas-dev/pandas issue metadata.,External transfer succeeds when the loop patches a query API for external_failure_terms extracted from pandas-dev/pandas issue metadata.,5.847,3,3,6,0
external_dask_issue_transfer_repo,Actual dask issue-label fixture extracted from public GitHub issue metadata.,external_dask_array_labels_query,verified_closed_loop,proposed,"Full loop: candidate generation, patching, rollback, persistence, root broad gate, and THDSE core gate.",0,df06a1783622,0,1.409,3,0,1.0,0,,True,3,1.409,4,/tmp/rsi_experiments_r9xths9q/external_dask_issue_transfer_repo__external_dask_array_labels_query__verified_closed_loop__r0/.omega_rsi_runs/closed_rsi_summary.json,"ty_primitives.py"",
          ""validation_plan"": {
            ""commands"": [
              [
                ""python"",
                ""-m"",
                ""pytest"",
                ""-q"",
                ""tests/test_capability_schema_query_repair_operator_v1.py""
              ]
            ],
            ""expected_signals"": [
              ""public_counterexample_passes"",
              ""hidden_transfer_case_passes"",
              ""no_broad_regression_gate_failure""
            ],
            ""name"": ""validate_records_matching_definitions""
          }
        },
        {
          ""family"": ""schema_query_repair"",
          ""kind"": ""search_heuristic"",
          ""name"": ""prefer_records_matching_definitions_reuse"",
          ""rationale"": ""Rank exact capability repair operators ahead of unrelated schema repairs."",
          ""target_surface"": ""scripts/closed_recursive_self_improvement_loop.py"",
          ""validation_plan"": {
            ""commands"": [
              [
                ""python"",
                ""-m"",
                ""pytest"",
                ""-q"",
                ""tests/test_capability_schema_query_repair_operator_v1.py""
              ]
            ],
            ""expected_signals"": [
              ""public_counterexample_passes"",
              ""hidden_transfer_case_passes"",
              ""no_broad_regression_gate_failure""
            ],
            ""name"": ""validate_records_matching_definitions""
          }
        },
        {
          ""family"": ""schema_query_repair"",
          ""kind"": ""evaluator_mutation"",
          ""name"": ""records_matching_definitions_hidden_transfer_case"",
          ""rationale"": ""Add a held-out case that checks transfer beyond the public example."",
          ""target_surface"": ""shared/capability_benchmarks.py"",
          ""validation_plan"": {
            ""commands"": [
              [
                ""python"",
                ""-m"",
                ""pytest"",
                ""-q"",
                ""tests/test_capability_schema_query_repair_operator_v1.py""
              ]
            ],
            ""expected_signals"": [
              ""public_counterexample_passes"",
              ""hidden_transfer_case_passes"",
              ""no_broad_regression_gate_failure""
            ],
            ""name"": ""validate_records_matching_definitions""
          }
        },
        {
          ""family"": ""schema_query_repair"",
          ""kind"": ""counterexample_test"",
          ""name"": ""test_records_matching_definitions_counterexample"",
          ""rationale"": ""Lock the primitive with public and hidden transfer counterexamples."",
          ""target_surface"": ""tests/test_capability_schema_query_repair_operator_v1.py"",
          ""validation_plan"": {
            ""commands"": [
              [
                ""python"",
                ""-m"",
                ""pytest"",
                ""-q"",
                ""tests/test_capability_schema_query_repair_operator_v1.py""
              ]
            ],
            ""expected_signals"": [
              ""public_counterexample_passes"",
              ""hidden_transfer_case_passes"",
              ""no_broad_regression_gate_failure""
            ],
            ""name"": ""validate_records_matching_definitions""
          }
        }
      ],
      ""started_at"": ""2026-05-27T04:08:42Z"",
      ""target_path"": ""shared/local_corpus.py"",
      ""test_path"": ""tests/test_emergent_local_corpus_definitions_membership_v1.py""
    }
  ],
  ""active_base"": ""emergent_local_corpus_definitions_membership_v1"",
  ""active_generation"": 3,
  ""broad_gate"": true,
  ""capability_delta_score"": 5.847,
  ""dry_run"": false,
  ""failure_residue_count"": 0,
  ""hidden_transfer"": 3,
  ""operator_reuse"": 6,
  ""persistence"": true,
  ""rejected_this_run"": [],
  ""rollback"": true,
  ""solved_new_tasks"": 3,
  ""state_path"": ""/tmp/rsi_experiments_r9xths9q/external_dask_issue_transfer_repo__external_dask_array_labels_query__verified_closed_loop__r0/.omega_rsi_runs/closed_rsi_state.json"",
  ""thdse_core_gate"": true,
  ""total_accepted"": 3,
  ""total_rejected"": 0
}
",,external_unseen,dask/dask,Measure transfer on a fixture extracted from dask/dask issue metadata.,External transfer succeeds when the loop patches a query API for external_array_labels extracted from dask/dask issue metadata.,5.847,3,3,6,0
external_requests_code_transfer_repo,Actual psf/requests source-code and issue-failure sandbox fixture.,external_requests_code_failure_fixture_query,verified_closed_loop,proposed,"Full loop: candidate generation, patching, rollback, persistence, root broad gate, and THDSE core gate.",0,e9973c27717f,0,1.413,3,0,1.0,0,,True,3,1.413,5,/tmp/rsi_experiments_r9xths9q/external_requests_code_transfer_repo__external_requests_code_failure_fixture_query__verified_closed_loop__r0/.omega_rsi_runs/closed_rsi_summary.json,"           ""pytest"",
                ""-q"",
                ""tests/test_capability_schema_query_repair_operator_v1.py""
              ]
            ],
            ""expected_signals"": [
              ""public_counterexample_passes"",
              ""hidden_transfer_case_passes"",
              ""no_broad_regression_gate_failure""
            ],
            ""name"": ""validate_records_with_external_requests_code_signal""
          }
        },
        {
          ""family"": ""schema_query_repair"",
          ""kind"": ""search_heuristic"",
          ""name"": ""prefer_records_with_external_requests_code_signal_reuse"",
          ""rationale"": ""Rank exact capability repair operators ahead of unrelated schema repairs."",
          ""target_surface"": ""scripts/closed_recursive_self_improvement_loop.py"",
          ""validation_plan"": {
            ""commands"": [
              [
                ""python"",
                ""-m"",
                ""pytest"",
                ""-q"",
                ""tests/test_capability_schema_query_repair_operator_v1.py""
              ]
            ],
            ""expected_signals"": [
              ""public_counterexample_passes"",
              ""hidden_transfer_case_passes"",
              ""no_broad_regression_gate_failure""
            ],
            ""name"": ""validate_records_with_external_requests_code_signal""
          }
        },
        {
          ""family"": ""schema_query_repair"",
          ""kind"": ""evaluator_mutation"",
          ""name"": ""records_with_external_requests_code_signal_hidden_transfer_case"",
          ""rationale"": ""Add a held-out case that checks transfer beyond the public example."",
          ""target_surface"": ""shared/capability_benchmarks.py"",
          ""validation_plan"": {
            ""commands"": [
              [
                ""python"",
                ""-m"",
                ""pytest"",
                ""-q"",
                ""tests/test_capability_schema_query_repair_operator_v1.py""
              ]
            ],
            ""expected_signals"": [
              ""public_counterexample_passes"",
              ""hidden_transfer_case_passes"",
              ""no_broad_regression_gate_failure""
            ],
            ""name"": ""validate_records_with_external_requests_code_signal""
          }
        },
        {
          ""family"": ""schema_query_repair"",
          ""kind"": ""counterexample_test"",
          ""name"": ""test_records_with_external_requests_code_signal_counterexample"",
          ""rationale"": ""Lock the primitive with public and hidden transfer counterexamples."",
          ""target_surface"": ""tests/test_capability_schema_query_repair_operator_v1.py"",
          ""validation_plan"": {
            ""commands"": [
              [
                ""python"",
                ""-m"",
                ""pytest"",
                ""-q"",
                ""tests/test_capability_schema_query_repair_operator_v1.py""
              ]
            ],
            ""expected_signals"": [
              ""public_counterexample_passes"",
              ""hidden_transfer_case_passes"",
              ""no_broad_regression_gate_failure""
            ],
            ""name"": ""validate_records_with_external_requests_code_signal""
          }
        }
      ],
      ""started_at"": ""2026-05-27T04:08:43Z"",
      ""target_path"": ""shared/local_corpus.py"",
      ""test_path"": ""tests/test_autonomous_local_corpus_external_requests_code_signals_query_v1.py""
    }
  ],
  ""active_base"": ""autonomous_local_corpus_external_requests_code_signals_query_v1"",
  ""active_generation"": 3,
  ""broad_gate"": true,
  ""capability_delta_score"": 5.847,
  ""dry_run"": false,
  ""failure_residue_count"": 0,
  ""hidden_transfer"": 3,
  ""operator_reuse"": 6,
  ""persistence"": true,
  ""rejected_this_run"": [],
  ""rollback"": true,
  ""solved_new_tasks"": 3,
  ""state_path"": ""/tmp/rsi_experiments_r9xths9q/external_requests_code_transfer_repo__external_requests_code_failure_fixture_query__verified_closed_loop__r0/.omega_rsi_runs/closed_rsi_state.json"",
  ""thdse_core_gate"": true,
  ""total_accepted"": 3,
  ""total_rejected"": 0
}
",,external_code_unseen,psf/requests,Measure transfer on a sandbox fixture extracted from actual psf/requests source snippets and issue failure excerpts.,External code transfer succeeds when the loop repairs a local executable failure target derived from bounded psf/requests source and failure snippets.,5.847,3,3,6,0
external_hypothesis_code_transfer_repo,Actual Hypothesis source-code and issue-failure sandbox fixture.,external_hypothesis_code_failure_fixture_query,verified_closed_loop,proposed,"Full loop: candidate generation, patching, rollback, persistence, root broad gate, and THDSE core gate.",0,abf3e17ce572,0,1.411,3,0,1.0,0,,True,3,1.411,5,/tmp/rsi_experiments_r9xths9q/external_hypothesis_code_transfer_repo__external_hypothesis_code_failure_fixture_query__verified_closed_loop__r0/.omega_rsi_runs/closed_rsi_summary.json,"               ""-q"",
                ""tests/test_capability_schema_query_repair_operator_v1.py""
              ]
            ],
            ""expected_signals"": [
              ""public_counterexample_passes"",
              ""hidden_transfer_case_passes"",
              ""no_broad_regression_gate_failure""
            ],
            ""name"": ""validate_records_with_external_hypothesis_code_signal""
          }
        },
        {
          ""family"": ""schema_query_repair"",
          ""kind"": ""search_heuristic"",
          ""name"": ""prefer_records_with_external_hypothesis_code_signal_reuse"",
          ""rationale"": ""Rank exact capability repair operators ahead of unrelated schema repairs."",
          ""target_surface"": ""scripts/closed_recursive_self_improvement_loop.py"",
          ""validation_plan"": {
            ""commands"": [
              [
                ""python"",
                ""-m"",
                ""pytest"",
                ""-q"",
                ""tests/test_capability_schema_query_repair_operator_v1.py""
              ]
            ],
            ""expected_signals"": [
              ""public_counterexample_passes"",
              ""hidden_transfer_case_passes"",
              ""no_broad_regression_gate_failure""
            ],
            ""name"": ""validate_records_with_external_hypothesis_code_signal""
          }
        },
        {
          ""family"": ""schema_query_repair"",
          ""kind"": ""evaluator_mutation"",
          ""name"": ""records_with_external_hypothesis_code_signal_hidden_transfer_case"",
          ""rationale"": ""Add a held-out case that checks transfer beyond the public example."",
          ""target_surface"": ""shared/capability_benchmarks.py"",
          ""validation_plan"": {
            ""commands"": [
              [
                ""python"",
                ""-m"",
                ""pytest"",
                ""-q"",
                ""tests/test_capability_schema_query_repair_operator_v1.py""
              ]
            ],
            ""expected_signals"": [
              ""public_counterexample_passes"",
              ""hidden_transfer_case_passes"",
              ""no_broad_regression_gate_failure""
            ],
            ""name"": ""validate_records_with_external_hypothesis_code_signal""
          }
        },
        {
          ""family"": ""schema_query_repair"",
          ""kind"": ""counterexample_test"",
          ""name"": ""test_records_with_external_hypothesis_code_signal_counterexample"",
          ""rationale"": ""Lock the primitive with public and hidden transfer counterexamples."",
          ""target_surface"": ""tests/test_capability_schema_query_repair_operator_v1.py"",
          ""validation_plan"": {
            ""commands"": [
              [
                ""python"",
                ""-m"",
                ""pytest"",
                ""-q"",
                ""tests/test_capability_schema_query_repair_operator_v1.py""
              ]
            ],
            ""expected_signals"": [
              ""public_counterexample_passes"",
              ""hidden_transfer_case_passes"",
              ""no_broad_regression_gate_failure""
            ],
            ""name"": ""validate_records_with_external_hypothesis_code_signal""
          }
        }
      ],
      ""started_at"": ""2026-05-27T04:08:44Z"",
      ""target_path"": ""shared/local_corpus.py"",
      ""test_path"": ""tests/test_autonomous_local_corpus_external_hypothesis_code_signals_query_v1.py""
    }
  ],
  ""active_base"": ""autonomous_local_corpus_external_hypothesis_code_signals_query_v1"",
  ""active_generation"": 3,
  ""broad_gate"": true,
  ""capability_delta_score"": 5.847,
  ""dry_run"": false,
  ""failure_residue_count"": 0,
  ""hidden_transfer"": 3,
  ""operator_reuse"": 6,
  ""persistence"": true,
  ""rejected_this_run"": [],
  ""rollback"": true,
  ""solved_new_tasks"": 3,
  ""state_path"": ""/tmp/rsi_experiments_r9xths9q/external_hypothesis_code_transfer_repo__external_hypothesis_code_failure_fixture_query__verified_closed_loop__r0/.omega_rsi_runs/closed_rsi_state.json"",
  ""thdse_core_gate"": true,
  ""total_accepted"": 3,
  ""total_rejected"": 0
}
",,external_code_unseen,hypothesisworks/hypothesis,Measure transfer on a sandbox fixture extracted from actual hypothesisworks/hypothesis source snippets and issue failure excerpts.,External code transfer succeeds when the loop repairs a local executable failure target derived from bounded hypothesisworks/hypothesis source and failure snippets.,5.847,3,3,6,0
external_pandas_code_transfer_repo,Actual pandas source-code and issue-failure sandbox fixture.,external_pandas_code_failure_fixture_query,verified_closed_loop,proposed,"Full loop: candidate generation, patching, rollback, persistence, root broad gate, and THDSE core gate.",0,7dac74bf59c1,0,1.425,3,0,1.0,0,,True,3,1.425,5,/tmp/rsi_experiments_r9xths9q/external_pandas_code_transfer_repo__external_pandas_code_failure_fixture_query__verified_closed_loop__r0/.omega_rsi_runs/closed_rsi_summary.json,"           ""-m"",
                ""pytest"",
                ""-q"",
                ""tests/test_capability_schema_query_repair_operator_v1.py""
              ]
            ],
            ""expected_signals"": [
              ""public_counterexample_passes"",
              ""hidden_transfer_case_passes"",
              ""no_broad_regression_gate_failure""
            ],
            ""name"": ""validate_records_with_external_pandas_code_signal""
          }
        },
        {
          ""family"": ""schema_query_repair"",
          ""kind"": ""search_heuristic"",
          ""name"": ""prefer_records_with_external_pandas_code_signal_reuse"",
          ""rationale"": ""Rank exact capability repair operators ahead of unrelated schema repairs."",
          ""target_surface"": ""scripts/closed_recursive_self_improvement_loop.py"",
          ""validation_plan"": {
            ""commands"": [
              [
                ""python"",
                ""-m"",
                ""pytest"",
                ""-q"",
                ""tests/test_capability_schema_query_repair_operator_v1.py""
              ]
            ],
            ""expected_signals"": [
              ""public_counterexample_passes"",
              ""hidden_transfer_case_passes"",
              ""no_broad_regression_gate_failure""
            ],
            ""name"": ""validate_records_with_external_pandas_code_signal""
          }
        },
        {
          ""family"": ""schema_query_repair"",
          ""kind"": ""evaluator_mutation"",
          ""name"": ""records_with_external_pandas_code_signal_hidden_transfer_case"",
          ""rationale"": ""Add a held-out case that checks transfer beyond the public example."",
          ""target_surface"": ""shared/capability_benchmarks.py"",
          ""validation_plan"": {
            ""commands"": [
              [
                ""python"",
                ""-m"",
                ""pytest"",
                ""-q"",
                ""tests/test_capability_schema_query_repair_operator_v1.py""
              ]
            ],
            ""expected_signals"": [
              ""public_counterexample_passes"",
              ""hidden_transfer_case_passes"",
              ""no_broad_regression_gate_failure""
            ],
            ""name"": ""validate_records_with_external_pandas_code_signal""
          }
        },
        {
          ""family"": ""schema_query_repair"",
          ""kind"": ""counterexample_test"",
          ""name"": ""test_records_with_external_pandas_code_signal_counterexample"",
          ""rationale"": ""Lock the primitive with public and hidden transfer counterexamples."",
          ""target_surface"": ""tests/test_capability_schema_query_repair_operator_v1.py"",
          ""validation_plan"": {
            ""commands"": [
              [
                ""python"",
                ""-m"",
                ""pytest"",
                ""-q"",
                ""tests/test_capability_schema_query_repair_operator_v1.py""
              ]
            ],
            ""expected_signals"": [
              ""public_counterexample_passes"",
              ""hidden_transfer_case_passes"",
              ""no_broad_regression_gate_failure""
            ],
            ""name"": ""validate_records_with_external_pandas_code_signal""
          }
        }
      ],
      ""started_at"": ""2026-05-27T04:08:46Z"",
      ""target_path"": ""shared/local_corpus.py"",
      ""test_path"": ""tests/test_autonomous_local_corpus_external_pandas_code_signals_query_v1.py""
    }
  ],
  ""active_base"": ""autonomous_local_corpus_external_pandas_code_signals_query_v1"",
  ""active_generation"": 3,
  ""broad_gate"": true,
  ""capability_delta_score"": 5.847,
  ""dry_run"": false,
  ""failure_residue_count"": 0,
  ""hidden_transfer"": 3,
  ""operator_reuse"": 6,
  ""persistence"": true,
  ""rejected_this_run"": [],
  ""rollback"": true,
  ""solved_new_tasks"": 3,
  ""state_path"": ""/tmp/rsi_experiments_r9xths9q/external_pandas_code_transfer_repo__external_pandas_code_failure_fixture_query__verified_closed_loop__r0/.omega_rsi_runs/closed_rsi_state.json"",
  ""thdse_core_gate"": true,
  ""total_accepted"": 3,
  ""total_rejected"": 0
}
",,external_code_unseen,pandas-dev/pandas,Measure transfer on a sandbox fixture extracted from actual pandas-dev/pandas source snippets and issue failure excerpts.,External code transfer succeeds when the loop repairs a local executable failure target derived from bounded pandas-dev/pandas source and failure snippets.,5.847,3,3,6,0
external_dask_code_transfer_repo,Actual dask source-code and issue-failure sandbox fixture.,external_dask_code_failure_fixture_query,verified_closed_loop,proposed,"Full loop: candidate generation, patching, rollback, persistence, root broad gate, and THDSE core gate.",0,532d7e1261ff,0,1.429,3,0,1.0,0,,True,3,1.429,5,/tmp/rsi_experiments_r9xths9q/external_dask_code_transfer_repo__external_dask_code_failure_fixture_query__verified_closed_loop__r0/.omega_rsi_runs/closed_rsi_summary.json,"       ""python"",
                ""-m"",
                ""pytest"",
                ""-q"",
                ""tests/test_capability_schema_query_repair_operator_v1.py""
              ]
            ],
            ""expected_signals"": [
              ""public_counterexample_passes"",
              ""hidden_transfer_case_passes"",
              ""no_broad_regression_gate_failure""
            ],
            ""name"": ""validate_records_with_external_dask_code_signal""
          }
        },
        {
          ""family"": ""schema_query_repair"",
          ""kind"": ""search_heuristic"",
          ""name"": ""prefer_records_with_external_dask_code_signal_reuse"",
          ""rationale"": ""Rank exact capability repair operators ahead of unrelated schema repairs."",
          ""target_surface"": ""scripts/closed_recursive_self_improvement_loop.py"",
          ""validation_plan"": {
            ""commands"": [
              [
                ""python"",
                ""-m"",
                ""pytest"",
                ""-q"",
                ""tests/test_capability_schema_query_repair_operator_v1.py""
              ]
            ],
            ""expected_signals"": [
              ""public_counterexample_passes"",
              ""hidden_transfer_case_passes"",
              ""no_broad_regression_gate_failure""
            ],
            ""name"": ""validate_records_with_external_dask_code_signal""
          }
        },
        {
          ""family"": ""schema_query_repair"",
          ""kind"": ""evaluator_mutation"",
          ""name"": ""records_with_external_dask_code_signal_hidden_transfer_case"",
          ""rationale"": ""Add a held-out case that checks transfer beyond the public example."",
          ""target_surface"": ""shared/capability_benchmarks.py"",
          ""validation_plan"": {
            ""commands"": [
              [
                ""python"",
                ""-m"",
                ""pytest"",
                ""-q"",
                ""tests/test_capability_schema_query_repair_operator_v1.py""
              ]
            ],
            ""expected_signals"": [
              ""public_counterexample_passes"",
              ""hidden_transfer_case_passes"",
              ""no_broad_regression_gate_failure""
            ],
            ""name"": ""validate_records_with_external_dask_code_signal""
          }
        },
        {
          ""family"": ""schema_query_repair"",
          ""kind"": ""counterexample_test"",
          ""name"": ""test_records_with_external_dask_code_signal_counterexample"",
          ""rationale"": ""Lock the primitive with public and hidden transfer counterexamples."",
          ""target_surface"": ""tests/test_capability_schema_query_repair_operator_v1.py"",
          ""validation_plan"": {
            ""commands"": [
              [
                ""python"",
                ""-m"",
                ""pytest"",
                ""-q"",
                ""tests/test_capability_schema_query_repair_operator_v1.py""
              ]
            ],
            ""expected_signals"": [
              ""public_counterexample_passes"",
              ""hidden_transfer_case_passes"",
              ""no_broad_regression_gate_failure""
            ],
            ""name"": ""validate_records_with_external_dask_code_signal""
          }
        }
      ],
      ""started_at"": ""2026-05-27T04:08:47Z"",
      ""target_path"": ""shared/local_corpus.py"",
      ""test_path"": ""tests/test_autonomous_local_corpus_external_dask_code_signals_query_v1.py""
    }
  ],
  ""active_base"": ""autonomous_local_corpus_external_dask_code_signals_query_v1"",
  ""active_generation"": 3,
  ""broad_gate"": true,
  ""capability_delta_score"": 5.847,
  ""dry_run"": false,
  ""failure_residue_count"": 0,
  ""hidden_transfer"": 3,
  ""operator_reuse"": 6,
  ""persistence"": true,
  ""rejected_this_run"": [],
  ""rollback"": true,
  ""solved_new_tasks"": 3,
  ""state_path"": ""/tmp/rsi_experiments_r9xths9q/external_dask_code_transfer_repo__external_dask_code_failure_fixture_query__verified_closed_loop__r0/.omega_rsi_runs/closed_rsi_state.json"",
  ""thdse_core_gate"": true,
  ""total_accepted"": 3,
  ""total_rejected"": 0
}
",,external_code_unseen,dask/dask,Measure transfer on a sandbox fixture extracted from actual dask/dask source snippets and issue failure excerpts.,External code transfer succeeds when the loop repairs a local executable failure target derived from bounded dask/dask source and failure snippets.,5.847,3,3,6,0
