repository,repository_description,task,variant,family,description,repeat_index,seed,exit_code,elapsed_s,accepted_count,rejected_count,accepted_rate,regression_gate_failures,rollback_correct,persistence_file_exists,improvement_depth,cost_proxy_seconds,changed_files_count,summary_path,stdout_tail,stderr_tail,repository_split,transfer_origin,task_description,task_claim,capability_delta_score,solved_new_tasks,hidden_transfer,operator_reuse,failure_residue_count,quarantine_exploration_count,quarantine_failure_residue_count,full_test_command,full_test_exit_code,full_test_required,paired_seed,provenance_hash,held_out_input_set,hidden_counterexample_family,comparable_to_verified_config
external_requests_code_transfer_repo,"Executable psf/requests merge_setting bug port with buggy source, visible failing test, quarantined reference hash, and hidden seed-derived cases.",external_requests_code_failure_fixture_query,verified_closed_loop,proposed,"Full loop: candidate generation, patching, rollback, persistence, root broad gate, and THDSE core gate.",0,29ff353d7c9d,0,4.724,3,1,0.75,0,,True,3,4.724,5,/tmp/rsi_experiments_o8w6nkxd/external_requests_code_transfer_repo__external_requests_code_failure_fixture_query__verified_closed_loop__r0/.omega_rsi_runs/closed_rsi_summary.json,"e_setting_user_agent_casefold"",
          ""rationale"": ""Reusable primitive for external_code_repair benchmark tasks."",
          ""target_surface"": ""shared/capability_primitives.py"",
          ""validation_plan"": {
            ""commands"": [
              [
                ""python"",
                ""-m"",
                ""pytest"",
                ""-q"",
                ""tests/test_capability_external_code_repair_operator_v1.py""
              ]
            ],
            ""expected_signals"": [
              ""public_counterexample_passes"",
              ""hidden_transfer_case_passes"",
              ""no_broad_regression_gate_failure""
            ],
            ""name"": ""validate_merge_setting_user_agent_casefold""
          }
        },
        {
          ""family"": ""external_code_repair"",
          ""kind"": ""search_heuristic"",
          ""name"": ""prefer_merge_setting_user_agent_casefold_reuse"",
          ""rationale"": ""Rank exact capability repair operators ahead of unrelated schema repairs."",
          ""target_surface"": ""scripts/closed_recursive_self_improvement_loop.py"",
          ""validation_plan"": {
            ""commands"": [
              [
                ""python"",
                ""-m"",
                ""pytest"",
                ""-q"",
                ""tests/test_capability_external_code_repair_operator_v1.py""
              ]
            ],
            ""expected_signals"": [
              ""public_counterexample_passes"",
              ""hidden_transfer_case_passes"",
              ""no_broad_regression_gate_failure""
            ],
            ""name"": ""validate_merge_setting_user_agent_casefold""
          }
        },
        {
          ""family"": ""external_code_repair"",
          ""kind"": ""evaluator_mutation"",
          ""name"": ""merge_setting_user_agent_casefold_hidden_transfer_case"",
          ""rationale"": ""Add a held-out case that checks transfer beyond the public example."",
          ""target_surface"": ""shared/capability_benchmarks.py"",
          ""validation_plan"": {
            ""commands"": [
              [
                ""python"",
                ""-m"",
                ""pytest"",
                ""-q"",
                ""tests/test_capability_external_code_repair_operator_v1.py""
              ]
            ],
            ""expected_signals"": [
              ""public_counterexample_passes"",
              ""hidden_transfer_case_passes"",
              ""no_broad_regression_gate_failure""
            ],
            ""name"": ""validate_merge_setting_user_agent_casefold""
          }
        },
        {
          ""family"": ""external_code_repair"",
          ""kind"": ""counterexample_test"",
          ""name"": ""test_merge_setting_user_agent_casefold_counterexample"",
          ""rationale"": ""Lock the primitive with public and hidden transfer counterexamples."",
          ""target_surface"": ""tests/test_capability_external_code_repair_operator_v1.py"",
          ""validation_plan"": {
            ""commands"": [
              [
                ""python"",
                ""-m"",
                ""pytest"",
                ""-q"",
                ""tests/test_capability_external_code_repair_operator_v1.py""
              ]
            ],
            ""expected_signals"": [
              ""public_counterexample_passes"",
              ""hidden_transfer_case_passes"",
              ""no_broad_regression_gate_failure""
            ],
            ""name"": ""validate_merge_setting_user_agent_casefold""
          }
        }
      ],
      ""promoted"": false,
      ""quarantine"": false,
      ""started_at"": ""2026-06-03T12:49:31Z"",
      ""target_path"": ""shared/external_repair_target.py"",
      ""test_path"": ""tests/test_external_code_repair_task.py""
    }
  ],
  ""rollback"": true,
  ""solved_new_tasks"": 0,
  ""state_path"": ""/tmp/rsi_experiments_o8w6nkxd/external_requests_code_transfer_repo__external_requests_code_failure_fixture_query__verified_closed_loop__r0/.omega_rsi_runs/closed_rsi_state.json"",
  ""thdse_core_gate"": true,
  ""total_accepted"": 3,
  ""total_quarantine_exploration"": 2,
  ""total_rejected"": 1
}
",,external_code_unseen,psf/requests,Measure transfer on a sandbox fixture extracted from actual psf/requests source snippets and issue failure excerpts.,External code transfer succeeds when the loop repairs a local executable failure target derived from bounded psf/requests source and failure snippets.,1.796,0,0,8,1,2,0,python -m pytest -q,0,True,29ff353d7c9d,0a879794f1129ea14d3cf7aa81ab230102e8a53d4199dacc0be2178082f32c76,"{""buggy_source_path"": ""shared/external_repair_target.py"", ""buggy_source_sha256"": ""e091fb3f780565f4d258d4d5a3a72fc67a3f798249726053347dde4ea75d27a7"", ""copied_failure_fixture"": ""external_sandbox/failure_excerpt.txt"", ""copied_source_fixture"": ""external_sandbox/source_snippet.txt"", ""failing_test"": ""tests/test_external_code_repair_task.py::test_requests_header_none_removes_session_header_visible_case"", ""failure_excerpt_sha256"": ""3bd526e1c1acd6c1247d5c2bc5922ba0fe37bf52c329d978674044d6632ac2d2"", ""field_name"": ""external_requests_code_signals"", ""field_values"": [""merge_setting_none_header"", ""merge_setting"", ""merge_hooks"", ""src"", ""requests"", ""sessions"", ""session"", ""headers""], ""fixture_id"": ""external-code:psf/requests"", ""fixture_kind"": ""external_code_repair_transfer"", ""function_name"": ""merge_setting"", ""held_out_reference_sha256"": ""7e9ba034646362f98b516fa8e76957efa09aa4098fff9ee48fa67e1fbe61497d"", ""held_out_reference_span_sha256"": [""0da01aa1df1d7458d5c64fd7bdf8f3d2a71ae989e265aacd3c434f632585ce17""], ""hidden_counterexample_family"": ""requests_merge_setting_none_removal"", ""issue_task_id"": ""github:psf/requests#4965"", ""issue_title"": ""Request-level None headers should remove inherited session headers"", ""issue_url"": ""https://github.com/psf/requests/issues/1921"", ""ported_external_symbol"": ""requests.sessions.merge_setting"", ""quarantine_paths"": ["".external_code_quarantine/requests_merge_setting_reference.sha256""], ""repair_target"": ""shared/external_repair_target.py"", ""repair_test"": ""tests/test_external_code_repair_task.py"", ""safety_controls"": [""actual_buggy_source_excerpt"", ""bounded_source_excerpt"", ""bounded_failure_excerpt"", ""source_url_provenance"", ""disposable_repo_execution_only"", ""local_executable_repair_task"", ""quarantined_reference_fix_hash_only"", ""seeded_hidden_counterexamples_after_patch"", ""verbatim_reference_span_rejection"", ""quarantine_path_touch_rejection"", ""full_pytest_required""], ""source_commit_sha"": ""cd90742ed94d901759e26766197d0ce7c7bd9c8e"", ""source_file_path"": ""src/requests/sessions.py"", ""source_ref"": ""main"", ""source_repository"": ""psf/requests"", ""source_snippet_sha256"": ""4b0fdea45f0aca37fa69a3c0f4fd350134135ce7e397ecb311efc9eef0de04d9"", ""source_symbols"": [""merge_setting"", ""merge_hooks"", ""src"", ""requests"", ""sessions""], ""source_url"": ""https://raw.githubusercontent.com/psf/requests/main/src/requests/sessions.py""}",requests_merge_setting_none_removal,True
external_requests_code_transfer_repo,"Executable psf/requests merge_setting bug port with buggy source, visible failing test, quarantined reference hash, and hidden seed-derived cases.",external_requests_code_failure_fixture_query,agent_coding_loop,baseline_agent_coding_loop,Baseline: single-pass automated coding loop with validation but without persistent recursive depth.,0,29ff353d7c9d,0,0.49,0,1,0.0,0,True,False,0,0.49,0,/tmp/rsi_experiments_o8w6nkxd/external_requests_code_transfer_repo__external_requests_code_failure_fixture_query__agent_coding_loop__r0/.omega_rsi_runs/closed_rsi_summary.json,"erge_setting_user_agent_casefold"",
          ""rationale"": ""Reusable primitive for external_code_repair benchmark tasks."",
          ""target_surface"": ""shared/capability_primitives.py"",
          ""validation_plan"": {
            ""commands"": [
              [
                ""python"",
                ""-m"",
                ""pytest"",
                ""-q"",
                ""tests/test_capability_external_code_repair_operator_v1.py""
              ]
            ],
            ""expected_signals"": [
              ""public_counterexample_passes"",
              ""hidden_transfer_case_passes"",
              ""no_broad_regression_gate_failure""
            ],
            ""name"": ""validate_merge_setting_user_agent_casefold""
          }
        },
        {
          ""family"": ""external_code_repair"",
          ""kind"": ""search_heuristic"",
          ""name"": ""prefer_merge_setting_user_agent_casefold_reuse"",
          ""rationale"": ""Rank exact capability repair operators ahead of unrelated schema repairs."",
          ""target_surface"": ""scripts/closed_recursive_self_improvement_loop.py"",
          ""validation_plan"": {
            ""commands"": [
              [
                ""python"",
                ""-m"",
                ""pytest"",
                ""-q"",
                ""tests/test_capability_external_code_repair_operator_v1.py""
              ]
            ],
            ""expected_signals"": [
              ""public_counterexample_passes"",
              ""hidden_transfer_case_passes"",
              ""no_broad_regression_gate_failure""
            ],
            ""name"": ""validate_merge_setting_user_agent_casefold""
          }
        },
        {
          ""family"": ""external_code_repair"",
          ""kind"": ""evaluator_mutation"",
          ""name"": ""merge_setting_user_agent_casefold_hidden_transfer_case"",
          ""rationale"": ""Add a held-out case that checks transfer beyond the public example."",
          ""target_surface"": ""shared/capability_benchmarks.py"",
          ""validation_plan"": {
            ""commands"": [
              [
                ""python"",
                ""-m"",
                ""pytest"",
                ""-q"",
                ""tests/test_capability_external_code_repair_operator_v1.py""
              ]
            ],
            ""expected_signals"": [
              ""public_counterexample_passes"",
              ""hidden_transfer_case_passes"",
              ""no_broad_regression_gate_failure""
            ],
            ""name"": ""validate_merge_setting_user_agent_casefold""
          }
        },
        {
          ""family"": ""external_code_repair"",
          ""kind"": ""counterexample_test"",
          ""name"": ""test_merge_setting_user_agent_casefold_counterexample"",
          ""rationale"": ""Lock the primitive with public and hidden transfer counterexamples."",
          ""target_surface"": ""tests/test_capability_external_code_repair_operator_v1.py"",
          ""validation_plan"": {
            ""commands"": [
              [
                ""python"",
                ""-m"",
                ""pytest"",
                ""-q"",
                ""tests/test_capability_external_code_repair_operator_v1.py""
              ]
            ],
            ""expected_signals"": [
              ""public_counterexample_passes"",
              ""hidden_transfer_case_passes"",
              ""no_broad_regression_gate_failure""
            ],
            ""name"": ""validate_merge_setting_user_agent_casefold""
          }
        }
      ],
      ""promoted"": false,
      ""quarantine"": false,
      ""started_at"": ""2026-06-03T12:49:36Z"",
      ""target_path"": ""shared/external_repair_target.py"",
      ""test_path"": ""tests/test_external_code_repair_task.py""
    }
  ],
  ""rollback"": true,
  ""solved_new_tasks"": 0,
  ""state_path"": ""/tmp/rsi_experiments_o8w6nkxd/external_requests_code_transfer_repo__external_requests_code_failure_fixture_query__agent_coding_loop__r0/.omega_rsi_runs/closed_rsi_state.json"",
  ""thdse_core_gate"": true,
  ""total_accepted"": 0,
  ""total_quarantine_exploration"": 0,
  ""total_rejected"": 1
}
",,external_code_unseen,psf/requests,Measure transfer on a sandbox fixture extracted from actual psf/requests source snippets and issue failure excerpts.,External code transfer succeeds when the loop repairs a local executable failure target derived from bounded psf/requests source and failure snippets.,0.449,0,0,2,1,0,0,python -m pytest -q,,True,29ff353d7c9d,1655e1efd7b387fb709c01c1e2b1d44c6d36099c060ad03b5e1238d0f6c6bca0,"{""buggy_source_path"": ""shared/external_repair_target.py"", ""buggy_source_sha256"": ""e091fb3f780565f4d258d4d5a3a72fc67a3f798249726053347dde4ea75d27a7"", ""copied_failure_fixture"": ""external_sandbox/failure_excerpt.txt"", ""copied_source_fixture"": ""external_sandbox/source_snippet.txt"", ""failing_test"": ""tests/test_external_code_repair_task.py::test_requests_header_none_removes_session_header_visible_case"", ""failure_excerpt_sha256"": ""3bd526e1c1acd6c1247d5c2bc5922ba0fe37bf52c329d978674044d6632ac2d2"", ""field_name"": ""external_requests_code_signals"", ""field_values"": [""merge_setting_none_header"", ""merge_setting"", ""merge_hooks"", ""src"", ""requests"", ""sessions"", ""session"", ""headers""], ""fixture_id"": ""external-code:psf/requests"", ""fixture_kind"": ""external_code_repair_transfer"", ""function_name"": ""merge_setting"", ""held_out_reference_sha256"": ""7e9ba034646362f98b516fa8e76957efa09aa4098fff9ee48fa67e1fbe61497d"", ""held_out_reference_span_sha256"": [""0da01aa1df1d7458d5c64fd7bdf8f3d2a71ae989e265aacd3c434f632585ce17""], ""hidden_counterexample_family"": ""requests_merge_setting_none_removal"", ""issue_task_id"": ""github:psf/requests#4965"", ""issue_title"": ""Request-level None headers should remove inherited session headers"", ""issue_url"": ""https://github.com/psf/requests/issues/1921"", ""ported_external_symbol"": ""requests.sessions.merge_setting"", ""quarantine_paths"": ["".external_code_quarantine/requests_merge_setting_reference.sha256""], ""repair_target"": ""shared/external_repair_target.py"", ""repair_test"": ""tests/test_external_code_repair_task.py"", ""safety_controls"": [""actual_buggy_source_excerpt"", ""bounded_source_excerpt"", ""bounded_failure_excerpt"", ""source_url_provenance"", ""disposable_repo_execution_only"", ""local_executable_repair_task"", ""quarantined_reference_fix_hash_only"", ""seeded_hidden_counterexamples_after_patch"", ""verbatim_reference_span_rejection"", ""quarantine_path_touch_rejection"", ""full_pytest_required""], ""source_commit_sha"": ""cd90742ed94d901759e26766197d0ce7c7bd9c8e"", ""source_file_path"": ""src/requests/sessions.py"", ""source_ref"": ""main"", ""source_repository"": ""psf/requests"", ""source_snippet_sha256"": ""4b0fdea45f0aca37fa69a3c0f4fd350134135ce7e397ecb311efc9eef0de04d9"", ""source_symbols"": [""merge_setting"", ""merge_hooks"", ""src"", ""requests"", ""sessions""], ""source_url"": ""https://raw.githubusercontent.com/psf/requests/main/src/requests/sessions.py""}",requests_merge_setting_none_removal,True
external_requests_code_transfer_repo,"Executable psf/requests merge_setting bug port with buggy source, visible failing test, quarantined reference hash, and hidden seed-derived cases.",external_requests_code_failure_fixture_query,evolutionary_repair_loop,baseline_evolutionary_repair_loop,Baseline: retry candidate repair loop with the same safety gates but without recursive quarantine search or persistent self-policy depth.,0,29ff353d7c9d,0,1.395,0,3,0.0,0,True,False,0,1.395,0,/tmp/rsi_experiments_o8w6nkxd/external_requests_code_transfer_repo__external_requests_code_failure_fixture_query__evolutionary_repair_loop__r0/.omega_rsi_runs/closed_rsi_summary.json,"merge_setting_visible_header_set"",
          ""rationale"": ""Reusable primitive for external_code_repair benchmark tasks."",
          ""target_surface"": ""shared/capability_primitives.py"",
          ""validation_plan"": {
            ""commands"": [
              [
                ""python"",
                ""-m"",
                ""pytest"",
                ""-q"",
                ""tests/test_capability_external_code_repair_operator_v1.py""
              ]
            ],
            ""expected_signals"": [
              ""public_counterexample_passes"",
              ""hidden_transfer_case_passes"",
              ""no_broad_regression_gate_failure""
            ],
            ""name"": ""validate_merge_setting_visible_header_set""
          }
        },
        {
          ""family"": ""external_code_repair"",
          ""kind"": ""search_heuristic"",
          ""name"": ""prefer_merge_setting_visible_header_set_reuse"",
          ""rationale"": ""Rank exact capability repair operators ahead of unrelated schema repairs."",
          ""target_surface"": ""scripts/closed_recursive_self_improvement_loop.py"",
          ""validation_plan"": {
            ""commands"": [
              [
                ""python"",
                ""-m"",
                ""pytest"",
                ""-q"",
                ""tests/test_capability_external_code_repair_operator_v1.py""
              ]
            ],
            ""expected_signals"": [
              ""public_counterexample_passes"",
              ""hidden_transfer_case_passes"",
              ""no_broad_regression_gate_failure""
            ],
            ""name"": ""validate_merge_setting_visible_header_set""
          }
        },
        {
          ""family"": ""external_code_repair"",
          ""kind"": ""evaluator_mutation"",
          ""name"": ""merge_setting_visible_header_set_hidden_transfer_case"",
          ""rationale"": ""Add a held-out case that checks transfer beyond the public example."",
          ""target_surface"": ""shared/capability_benchmarks.py"",
          ""validation_plan"": {
            ""commands"": [
              [
                ""python"",
                ""-m"",
                ""pytest"",
                ""-q"",
                ""tests/test_capability_external_code_repair_operator_v1.py""
              ]
            ],
            ""expected_signals"": [
              ""public_counterexample_passes"",
              ""hidden_transfer_case_passes"",
              ""no_broad_regression_gate_failure""
            ],
            ""name"": ""validate_merge_setting_visible_header_set""
          }
        },
        {
          ""family"": ""external_code_repair"",
          ""kind"": ""counterexample_test"",
          ""name"": ""test_merge_setting_visible_header_set_counterexample"",
          ""rationale"": ""Lock the primitive with public and hidden transfer counterexamples."",
          ""target_surface"": ""tests/test_capability_external_code_repair_operator_v1.py"",
          ""validation_plan"": {
            ""commands"": [
              [
                ""python"",
                ""-m"",
                ""pytest"",
                ""-q"",
                ""tests/test_capability_external_code_repair_operator_v1.py""
              ]
            ],
            ""expected_signals"": [
              ""public_counterexample_passes"",
              ""hidden_transfer_case_passes"",
              ""no_broad_regression_gate_failure""
            ],
            ""name"": ""validate_merge_setting_visible_header_set""
          }
        }
      ],
      ""promoted"": false,
      ""quarantine"": false,
      ""started_at"": ""2026-06-03T12:49:37Z"",
      ""target_path"": ""shared/external_repair_target.py"",
      ""test_path"": ""tests/test_external_code_repair_task.py""
    }
  ],
  ""rollback"": true,
  ""solved_new_tasks"": 0,
  ""state_path"": ""/tmp/rsi_experiments_o8w6nkxd/external_requests_code_transfer_repo__external_requests_code_failure_fixture_query__evolutionary_repair_loop__r0/.omega_rsi_runs/closed_rsi_state.json"",
  ""thdse_core_gate"": true,
  ""total_accepted"": 0,
  ""total_quarantine_exploration"": 0,
  ""total_rejected"": 3
}
",,external_code_unseen,psf/requests,Measure transfer on a sandbox fixture extracted from actual psf/requests source snippets and issue failure excerpts.,External code transfer succeeds when the loop repairs a local executable failure target derived from bounded psf/requests source and failure snippets.,1.347,0,0,6,3,0,0,python -m pytest -q,,True,29ff353d7c9d,60a3ab218bfecc2f378c05870402daaa826950825168995af03f9d0fb3fb5fb2,"{""buggy_source_path"": ""shared/external_repair_target.py"", ""buggy_source_sha256"": ""e091fb3f780565f4d258d4d5a3a72fc67a3f798249726053347dde4ea75d27a7"", ""copied_failure_fixture"": ""external_sandbox/failure_excerpt.txt"", ""copied_source_fixture"": ""external_sandbox/source_snippet.txt"", ""failing_test"": ""tests/test_external_code_repair_task.py::test_requests_header_none_removes_session_header_visible_case"", ""failure_excerpt_sha256"": ""3bd526e1c1acd6c1247d5c2bc5922ba0fe37bf52c329d978674044d6632ac2d2"", ""field_name"": ""external_requests_code_signals"", ""field_values"": [""merge_setting_none_header"", ""merge_setting"", ""merge_hooks"", ""src"", ""requests"", ""sessions"", ""session"", ""headers""], ""fixture_id"": ""external-code:psf/requests"", ""fixture_kind"": ""external_code_repair_transfer"", ""function_name"": ""merge_setting"", ""held_out_reference_sha256"": ""7e9ba034646362f98b516fa8e76957efa09aa4098fff9ee48fa67e1fbe61497d"", ""held_out_reference_span_sha256"": [""0da01aa1df1d7458d5c64fd7bdf8f3d2a71ae989e265aacd3c434f632585ce17""], ""hidden_counterexample_family"": ""requests_merge_setting_none_removal"", ""issue_task_id"": ""github:psf/requests#4965"", ""issue_title"": ""Request-level None headers should remove inherited session headers"", ""issue_url"": ""https://github.com/psf/requests/issues/1921"", ""ported_external_symbol"": ""requests.sessions.merge_setting"", ""quarantine_paths"": ["".external_code_quarantine/requests_merge_setting_reference.sha256""], ""repair_target"": ""shared/external_repair_target.py"", ""repair_test"": ""tests/test_external_code_repair_task.py"", ""safety_controls"": [""actual_buggy_source_excerpt"", ""bounded_source_excerpt"", ""bounded_failure_excerpt"", ""source_url_provenance"", ""disposable_repo_execution_only"", ""local_executable_repair_task"", ""quarantined_reference_fix_hash_only"", ""seeded_hidden_counterexamples_after_patch"", ""verbatim_reference_span_rejection"", ""quarantine_path_touch_rejection"", ""full_pytest_required""], ""source_commit_sha"": ""cd90742ed94d901759e26766197d0ce7c7bd9c8e"", ""source_file_path"": ""src/requests/sessions.py"", ""source_ref"": ""main"", ""source_repository"": ""psf/requests"", ""source_snippet_sha256"": ""4b0fdea45f0aca37fa69a3c0f4fd350134135ce7e397ecb311efc9eef0de04d9"", ""source_symbols"": [""merge_setting"", ""merge_hooks"", ""src"", ""requests"", ""sessions""], ""source_url"": ""https://raw.githubusercontent.com/psf/requests/main/src/requests/sessions.py""}",requests_merge_setting_none_removal,True
external_requests_code_transfer_repo,"Executable psf/requests merge_setting bug port with buggy source, visible failing test, quarantined reference hash, and hidden seed-derived cases.",external_requests_code_failure_fixture_query,ci_only_validation,baseline_ci_only,Baseline: run validation without candidate generation or code patching.,0,29ff353d7c9d,1,0.147,0,0,0.0,0,,False,0,0.147,0,/tmp/rsi_experiments_o8w6nkxd/external_requests_code_transfer_repo__external_requests_code_failure_fixture_query__ci_only_validation__r0/.omega_rsi_runs/closed_rsi_summary.json,"F                                                                        [100%]
=================================== FAILURES ===================================
________ test_requests_header_none_removes_session_header_visible_case _________

    def test_requests_header_none_removes_session_header_visible_case():
        failure_text = (Path.cwd() / ""external_sandbox"" / ""failure_excerpt.txt"").read_text(encoding=""utf-8"")
        session_headers = {""User-Agent"": ""session-agent"", ""Accept"": ""application/json""}
        request_headers = {""User-Agent"": None, ""Content-Type"": ""text/plain""}
    
        merged = merge_setting(request_headers, session_headers)
    
        assert failure_text
>       assert ""User-Agent"" not in merged
E       AssertionError: assert 'User-Agent' not in OrderedDict([('User-Agent', None), ('Accept', 'application/json'), ('Content-Type', 'text/plain')])

tests/test_external_code_repair_task.py:14: AssertionError
=========================== short test summary info ============================
FAILED tests/test_external_code_repair_task.py::test_requests_header_none_removes_session_header_visible_case - AssertionError: assert 'User-Agent' not in OrderedDict([('User-Agent', None), ('Accept', 'application/json'), ('Content-Type', 'text/plain')])
1 failed in 0.02s
",,external_code_unseen,psf/requests,Measure transfer on a sandbox fixture extracted from actual psf/requests source snippets and issue failure excerpts.,External code transfer succeeds when the loop repairs a local executable failure target derived from bounded psf/requests source and failure snippets.,0,0,0,0,0,0,0,python -m pytest -q,1,True,29ff353d7c9d,99aadb50ab6a4c53308c09b4a0c7b341c53eaf963925782deb623e2c0f4cdbdb,"{""buggy_source_path"": ""shared/external_repair_target.py"", ""buggy_source_sha256"": ""e091fb3f780565f4d258d4d5a3a72fc67a3f798249726053347dde4ea75d27a7"", ""copied_failure_fixture"": ""external_sandbox/failure_excerpt.txt"", ""copied_source_fixture"": ""external_sandbox/source_snippet.txt"", ""failing_test"": ""tests/test_external_code_repair_task.py::test_requests_header_none_removes_session_header_visible_case"", ""failure_excerpt_sha256"": ""3bd526e1c1acd6c1247d5c2bc5922ba0fe37bf52c329d978674044d6632ac2d2"", ""field_name"": ""external_requests_code_signals"", ""field_values"": [""merge_setting_none_header"", ""merge_setting"", ""merge_hooks"", ""src"", ""requests"", ""sessions"", ""session"", ""headers""], ""fixture_id"": ""external-code:psf/requests"", ""fixture_kind"": ""external_code_repair_transfer"", ""function_name"": ""merge_setting"", ""held_out_reference_sha256"": ""7e9ba034646362f98b516fa8e76957efa09aa4098fff9ee48fa67e1fbe61497d"", ""held_out_reference_span_sha256"": [""0da01aa1df1d7458d5c64fd7bdf8f3d2a71ae989e265aacd3c434f632585ce17""], ""hidden_counterexample_family"": ""requests_merge_setting_none_removal"", ""issue_task_id"": ""github:psf/requests#4965"", ""issue_title"": ""Request-level None headers should remove inherited session headers"", ""issue_url"": ""https://github.com/psf/requests/issues/1921"", ""ported_external_symbol"": ""requests.sessions.merge_setting"", ""quarantine_paths"": ["".external_code_quarantine/requests_merge_setting_reference.sha256""], ""repair_target"": ""shared/external_repair_target.py"", ""repair_test"": ""tests/test_external_code_repair_task.py"", ""safety_controls"": [""actual_buggy_source_excerpt"", ""bounded_source_excerpt"", ""bounded_failure_excerpt"", ""source_url_provenance"", ""disposable_repo_execution_only"", ""local_executable_repair_task"", ""quarantined_reference_fix_hash_only"", ""seeded_hidden_counterexamples_after_patch"", ""verbatim_reference_span_rejection"", ""quarantine_path_touch_rejection"", ""full_pytest_required""], ""source_commit_sha"": ""cd90742ed94d901759e26766197d0ce7c7bd9c8e"", ""source_file_path"": ""src/requests/sessions.py"", ""source_ref"": ""main"", ""source_repository"": ""psf/requests"", ""source_snippet_sha256"": ""4b0fdea45f0aca37fa69a3c0f4fd350134135ce7e397ecb311efc9eef0de04d9"", ""source_symbols"": [""merge_setting"", ""merge_hooks"", ""src"", ""requests"", ""sessions""], ""source_url"": ""https://raw.githubusercontent.com/psf/requests/main/src/requests/sessions.py""}",requests_merge_setting_none_removal,True
external_requests_code_transfer_repo,"Executable psf/requests merge_setting bug port with buggy source, visible failing test, quarantined reference hash, and hidden seed-derived cases.",external_requests_code_failure_fixture_query,verified_closed_loop,proposed,"Full loop: candidate generation, patching, rollback, persistence, root broad gate, and THDSE core gate.",1,9f1ffffe6561,0,3.967,0,3,0.0,0,True,True,0,3.967,0,/tmp/rsi_experiments_o8w6nkxd/external_requests_code_transfer_repo__external_requests_code_failure_fixture_query__verified_closed_loop__r1/.omega_rsi_runs/closed_rsi_summary.json,"     ""kind"": ""solver_primitive"",
          ""name"": ""merge_setting_visible_only"",
          ""rationale"": ""Reusable primitive for external_code_repair benchmark tasks."",
          ""target_surface"": ""shared/capability_primitives.py"",
          ""validation_plan"": {
            ""commands"": [
              [
                ""python"",
                ""-m"",
                ""pytest"",
                ""-q"",
                ""tests/test_capability_external_code_repair_operator_v1.py""
              ]
            ],
            ""expected_signals"": [
              ""public_counterexample_passes"",
              ""hidden_transfer_case_passes"",
              ""no_broad_regression_gate_failure""
            ],
            ""name"": ""validate_merge_setting_visible_only""
          }
        },
        {
          ""family"": ""external_code_repair"",
          ""kind"": ""search_heuristic"",
          ""name"": ""prefer_merge_setting_visible_only_reuse"",
          ""rationale"": ""Rank exact capability repair operators ahead of unrelated schema repairs."",
          ""target_surface"": ""scripts/closed_recursive_self_improvement_loop.py"",
          ""validation_plan"": {
            ""commands"": [
              [
                ""python"",
                ""-m"",
                ""pytest"",
                ""-q"",
                ""tests/test_capability_external_code_repair_operator_v1.py""
              ]
            ],
            ""expected_signals"": [
              ""public_counterexample_passes"",
              ""hidden_transfer_case_passes"",
              ""no_broad_regression_gate_failure""
            ],
            ""name"": ""validate_merge_setting_visible_only""
          }
        },
        {
          ""family"": ""external_code_repair"",
          ""kind"": ""evaluator_mutation"",
          ""name"": ""merge_setting_visible_only_hidden_transfer_case"",
          ""rationale"": ""Add a held-out case that checks transfer beyond the public example."",
          ""target_surface"": ""shared/capability_benchmarks.py"",
          ""validation_plan"": {
            ""commands"": [
              [
                ""python"",
                ""-m"",
                ""pytest"",
                ""-q"",
                ""tests/test_capability_external_code_repair_operator_v1.py""
              ]
            ],
            ""expected_signals"": [
              ""public_counterexample_passes"",
              ""hidden_transfer_case_passes"",
              ""no_broad_regression_gate_failure""
            ],
            ""name"": ""validate_merge_setting_visible_only""
          }
        },
        {
          ""family"": ""external_code_repair"",
          ""kind"": ""counterexample_test"",
          ""name"": ""test_merge_setting_visible_only_counterexample"",
          ""rationale"": ""Lock the primitive with public and hidden transfer counterexamples."",
          ""target_surface"": ""tests/test_capability_external_code_repair_operator_v1.py"",
          ""validation_plan"": {
            ""commands"": [
              [
                ""python"",
                ""-m"",
                ""pytest"",
                ""-q"",
                ""tests/test_capability_external_code_repair_operator_v1.py""
              ]
            ],
            ""expected_signals"": [
              ""public_counterexample_passes"",
              ""hidden_transfer_case_passes"",
              ""no_broad_regression_gate_failure""
            ],
            ""name"": ""validate_merge_setting_visible_only""
          }
        }
      ],
      ""promoted"": false,
      ""quarantine"": false,
      ""started_at"": ""2026-06-03T12:49:39Z"",
      ""target_path"": ""shared/external_repair_target.py"",
      ""test_path"": ""tests/test_external_code_repair_task.py""
    }
  ],
  ""rollback"": true,
  ""solved_new_tasks"": 0,
  ""state_path"": ""/tmp/rsi_experiments_o8w6nkxd/external_requests_code_transfer_repo__external_requests_code_failure_fixture_query__verified_closed_loop__r1/.omega_rsi_runs/closed_rsi_state.json"",
  ""thdse_core_gate"": true,
  ""total_accepted"": 0,
  ""total_quarantine_exploration"": 6,
  ""total_rejected"": 3
}
",,external_code_unseen,psf/requests,Measure transfer on a sandbox fixture extracted from actual psf/requests source snippets and issue failure excerpts.,External code transfer succeeds when the loop repairs a local executable failure target derived from bounded psf/requests source and failure snippets.,1.347,0,0,6,3,6,5,python -m pytest -q,,True,9f1ffffe6561,a1a85b652d4c24216281c6dc1216ea7d563a1524ba89d279f71b89de598615d2,"{""buggy_source_path"": ""shared/external_repair_target.py"", ""buggy_source_sha256"": ""e091fb3f780565f4d258d4d5a3a72fc67a3f798249726053347dde4ea75d27a7"", ""copied_failure_fixture"": ""external_sandbox/failure_excerpt.txt"", ""copied_source_fixture"": ""external_sandbox/source_snippet.txt"", ""failing_test"": ""tests/test_external_code_repair_task.py::test_requests_header_none_removes_session_header_visible_case"", ""failure_excerpt_sha256"": ""3bd526e1c1acd6c1247d5c2bc5922ba0fe37bf52c329d978674044d6632ac2d2"", ""field_name"": ""external_requests_code_signals"", ""field_values"": [""merge_setting_none_header"", ""merge_setting"", ""merge_hooks"", ""src"", ""requests"", ""sessions"", ""session"", ""headers""], ""fixture_id"": ""external-code:psf/requests"", ""fixture_kind"": ""external_code_repair_transfer"", ""function_name"": ""merge_setting"", ""held_out_reference_sha256"": ""7e9ba034646362f98b516fa8e76957efa09aa4098fff9ee48fa67e1fbe61497d"", ""held_out_reference_span_sha256"": [""0da01aa1df1d7458d5c64fd7bdf8f3d2a71ae989e265aacd3c434f632585ce17""], ""hidden_counterexample_family"": ""requests_merge_setting_none_removal"", ""issue_task_id"": ""github:psf/requests#4965"", ""issue_title"": ""Request-level None headers should remove inherited session headers"", ""issue_url"": ""https://github.com/psf/requests/issues/1921"", ""ported_external_symbol"": ""requests.sessions.merge_setting"", ""quarantine_paths"": ["".external_code_quarantine/requests_merge_setting_reference.sha256""], ""repair_target"": ""shared/external_repair_target.py"", ""repair_test"": ""tests/test_external_code_repair_task.py"", ""safety_controls"": [""actual_buggy_source_excerpt"", ""bounded_source_excerpt"", ""bounded_failure_excerpt"", ""source_url_provenance"", ""disposable_repo_execution_only"", ""local_executable_repair_task"", ""quarantined_reference_fix_hash_only"", ""seeded_hidden_counterexamples_after_patch"", ""verbatim_reference_span_rejection"", ""quarantine_path_touch_rejection"", ""full_pytest_required""], ""source_commit_sha"": ""cd90742ed94d901759e26766197d0ce7c7bd9c8e"", ""source_file_path"": ""src/requests/sessions.py"", ""source_ref"": ""main"", ""source_repository"": ""psf/requests"", ""source_snippet_sha256"": ""4b0fdea45f0aca37fa69a3c0f4fd350134135ce7e397ecb311efc9eef0de04d9"", ""source_symbols"": [""merge_setting"", ""merge_hooks"", ""src"", ""requests"", ""sessions""], ""source_url"": ""https://raw.githubusercontent.com/psf/requests/main/src/requests/sessions.py""}",requests_merge_setting_none_removal,True
external_requests_code_transfer_repo,"Executable psf/requests merge_setting bug port with buggy source, visible failing test, quarantined reference hash, and hidden seed-derived cases.",external_requests_code_failure_fixture_query,agent_coding_loop,baseline_agent_coding_loop,Baseline: single-pass automated coding loop with validation but without persistent recursive depth.,1,9f1ffffe6561,0,0.474,0,1,0.0,0,True,False,0,0.474,0,/tmp/rsi_experiments_o8w6nkxd/external_requests_code_transfer_repo__external_requests_code_failure_fixture_query__agent_coding_loop__r1/.omega_rsi_runs/closed_rsi_summary.json,"ame"": ""merge_setting_visible_header_set"",
          ""rationale"": ""Reusable primitive for external_code_repair benchmark tasks."",
          ""target_surface"": ""shared/capability_primitives.py"",
          ""validation_plan"": {
            ""commands"": [
              [
                ""python"",
                ""-m"",
                ""pytest"",
                ""-q"",
                ""tests/test_capability_external_code_repair_operator_v1.py""
              ]
            ],
            ""expected_signals"": [
              ""public_counterexample_passes"",
              ""hidden_transfer_case_passes"",
              ""no_broad_regression_gate_failure""
            ],
            ""name"": ""validate_merge_setting_visible_header_set""
          }
        },
        {
          ""family"": ""external_code_repair"",
          ""kind"": ""search_heuristic"",
          ""name"": ""prefer_merge_setting_visible_header_set_reuse"",
          ""rationale"": ""Rank exact capability repair operators ahead of unrelated schema repairs."",
          ""target_surface"": ""scripts/closed_recursive_self_improvement_loop.py"",
          ""validation_plan"": {
            ""commands"": [
              [
                ""python"",
                ""-m"",
                ""pytest"",
                ""-q"",
                ""tests/test_capability_external_code_repair_operator_v1.py""
              ]
            ],
            ""expected_signals"": [
              ""public_counterexample_passes"",
              ""hidden_transfer_case_passes"",
              ""no_broad_regression_gate_failure""
            ],
            ""name"": ""validate_merge_setting_visible_header_set""
          }
        },
        {
          ""family"": ""external_code_repair"",
          ""kind"": ""evaluator_mutation"",
          ""name"": ""merge_setting_visible_header_set_hidden_transfer_case"",
          ""rationale"": ""Add a held-out case that checks transfer beyond the public example."",
          ""target_surface"": ""shared/capability_benchmarks.py"",
          ""validation_plan"": {
            ""commands"": [
              [
                ""python"",
                ""-m"",
                ""pytest"",
                ""-q"",
                ""tests/test_capability_external_code_repair_operator_v1.py""
              ]
            ],
            ""expected_signals"": [
              ""public_counterexample_passes"",
              ""hidden_transfer_case_passes"",
              ""no_broad_regression_gate_failure""
            ],
            ""name"": ""validate_merge_setting_visible_header_set""
          }
        },
        {
          ""family"": ""external_code_repair"",
          ""kind"": ""counterexample_test"",
          ""name"": ""test_merge_setting_visible_header_set_counterexample"",
          ""rationale"": ""Lock the primitive with public and hidden transfer counterexamples."",
          ""target_surface"": ""tests/test_capability_external_code_repair_operator_v1.py"",
          ""validation_plan"": {
            ""commands"": [
              [
                ""python"",
                ""-m"",
                ""pytest"",
                ""-q"",
                ""tests/test_capability_external_code_repair_operator_v1.py""
              ]
            ],
            ""expected_signals"": [
              ""public_counterexample_passes"",
              ""hidden_transfer_case_passes"",
              ""no_broad_regression_gate_failure""
            ],
            ""name"": ""validate_merge_setting_visible_header_set""
          }
        }
      ],
      ""promoted"": false,
      ""quarantine"": false,
      ""started_at"": ""2026-06-03T12:49:42Z"",
      ""target_path"": ""shared/external_repair_target.py"",
      ""test_path"": ""tests/test_external_code_repair_task.py""
    }
  ],
  ""rollback"": true,
  ""solved_new_tasks"": 0,
  ""state_path"": ""/tmp/rsi_experiments_o8w6nkxd/external_requests_code_transfer_repo__external_requests_code_failure_fixture_query__agent_coding_loop__r1/.omega_rsi_runs/closed_rsi_state.json"",
  ""thdse_core_gate"": true,
  ""total_accepted"": 0,
  ""total_quarantine_exploration"": 0,
  ""total_rejected"": 1
}
",,external_code_unseen,psf/requests,Measure transfer on a sandbox fixture extracted from actual psf/requests source snippets and issue failure excerpts.,External code transfer succeeds when the loop repairs a local executable failure target derived from bounded psf/requests source and failure snippets.,0.449,0,0,2,1,0,0,python -m pytest -q,,True,9f1ffffe6561,4111c484517248b0aa7f92278a1b3804ffea69ebcb7f2df1af0293ca75a3998d,"{""buggy_source_path"": ""shared/external_repair_target.py"", ""buggy_source_sha256"": ""e091fb3f780565f4d258d4d5a3a72fc67a3f798249726053347dde4ea75d27a7"", ""copied_failure_fixture"": ""external_sandbox/failure_excerpt.txt"", ""copied_source_fixture"": ""external_sandbox/source_snippet.txt"", ""failing_test"": ""tests/test_external_code_repair_task.py::test_requests_header_none_removes_session_header_visible_case"", ""failure_excerpt_sha256"": ""3bd526e1c1acd6c1247d5c2bc5922ba0fe37bf52c329d978674044d6632ac2d2"", ""field_name"": ""external_requests_code_signals"", ""field_values"": [""merge_setting_none_header"", ""merge_setting"", ""merge_hooks"", ""src"", ""requests"", ""sessions"", ""session"", ""headers""], ""fixture_id"": ""external-code:psf/requests"", ""fixture_kind"": ""external_code_repair_transfer"", ""function_name"": ""merge_setting"", ""held_out_reference_sha256"": ""7e9ba034646362f98b516fa8e76957efa09aa4098fff9ee48fa67e1fbe61497d"", ""held_out_reference_span_sha256"": [""0da01aa1df1d7458d5c64fd7bdf8f3d2a71ae989e265aacd3c434f632585ce17""], ""hidden_counterexample_family"": ""requests_merge_setting_none_removal"", ""issue_task_id"": ""github:psf/requests#4965"", ""issue_title"": ""Request-level None headers should remove inherited session headers"", ""issue_url"": ""https://github.com/psf/requests/issues/1921"", ""ported_external_symbol"": ""requests.sessions.merge_setting"", ""quarantine_paths"": ["".external_code_quarantine/requests_merge_setting_reference.sha256""], ""repair_target"": ""shared/external_repair_target.py"", ""repair_test"": ""tests/test_external_code_repair_task.py"", ""safety_controls"": [""actual_buggy_source_excerpt"", ""bounded_source_excerpt"", ""bounded_failure_excerpt"", ""source_url_provenance"", ""disposable_repo_execution_only"", ""local_executable_repair_task"", ""quarantined_reference_fix_hash_only"", ""seeded_hidden_counterexamples_after_patch"", ""verbatim_reference_span_rejection"", ""quarantine_path_touch_rejection"", ""full_pytest_required""], ""source_commit_sha"": ""cd90742ed94d901759e26766197d0ce7c7bd9c8e"", ""source_file_path"": ""src/requests/sessions.py"", ""source_ref"": ""main"", ""source_repository"": ""psf/requests"", ""source_snippet_sha256"": ""4b0fdea45f0aca37fa69a3c0f4fd350134135ce7e397ecb311efc9eef0de04d9"", ""source_symbols"": [""merge_setting"", ""merge_hooks"", ""src"", ""requests"", ""sessions""], ""source_url"": ""https://raw.githubusercontent.com/psf/requests/main/src/requests/sessions.py""}",requests_merge_setting_none_removal,True
external_requests_code_transfer_repo,"Executable psf/requests merge_setting bug port with buggy source, visible failing test, quarantined reference hash, and hidden seed-derived cases.",external_requests_code_failure_fixture_query,evolutionary_repair_loop,baseline_evolutionary_repair_loop,Baseline: retry candidate repair loop with the same safety gates but without recursive quarantine search or persistent self-policy depth.,1,9f1ffffe6561,0,1.383,0,3,0.0,0,True,False,0,1.383,0,/tmp/rsi_experiments_o8w6nkxd/external_requests_code_transfer_repo__external_requests_code_failure_fixture_query__evolutionary_repair_loop__r1/.omega_rsi_runs/closed_rsi_summary.json," ""kind"": ""solver_primitive"",
          ""name"": ""merge_setting_visible_only"",
          ""rationale"": ""Reusable primitive for external_code_repair benchmark tasks."",
          ""target_surface"": ""shared/capability_primitives.py"",
          ""validation_plan"": {
            ""commands"": [
              [
                ""python"",
                ""-m"",
                ""pytest"",
                ""-q"",
                ""tests/test_capability_external_code_repair_operator_v1.py""
              ]
            ],
            ""expected_signals"": [
              ""public_counterexample_passes"",
              ""hidden_transfer_case_passes"",
              ""no_broad_regression_gate_failure""
            ],
            ""name"": ""validate_merge_setting_visible_only""
          }
        },
        {
          ""family"": ""external_code_repair"",
          ""kind"": ""search_heuristic"",
          ""name"": ""prefer_merge_setting_visible_only_reuse"",
          ""rationale"": ""Rank exact capability repair operators ahead of unrelated schema repairs."",
          ""target_surface"": ""scripts/closed_recursive_self_improvement_loop.py"",
          ""validation_plan"": {
            ""commands"": [
              [
                ""python"",
                ""-m"",
                ""pytest"",
                ""-q"",
                ""tests/test_capability_external_code_repair_operator_v1.py""
              ]
            ],
            ""expected_signals"": [
              ""public_counterexample_passes"",
              ""hidden_transfer_case_passes"",
              ""no_broad_regression_gate_failure""
            ],
            ""name"": ""validate_merge_setting_visible_only""
          }
        },
        {
          ""family"": ""external_code_repair"",
          ""kind"": ""evaluator_mutation"",
          ""name"": ""merge_setting_visible_only_hidden_transfer_case"",
          ""rationale"": ""Add a held-out case that checks transfer beyond the public example."",
          ""target_surface"": ""shared/capability_benchmarks.py"",
          ""validation_plan"": {
            ""commands"": [
              [
                ""python"",
                ""-m"",
                ""pytest"",
                ""-q"",
                ""tests/test_capability_external_code_repair_operator_v1.py""
              ]
            ],
            ""expected_signals"": [
              ""public_counterexample_passes"",
              ""hidden_transfer_case_passes"",
              ""no_broad_regression_gate_failure""
            ],
            ""name"": ""validate_merge_setting_visible_only""
          }
        },
        {
          ""family"": ""external_code_repair"",
          ""kind"": ""counterexample_test"",
          ""name"": ""test_merge_setting_visible_only_counterexample"",
          ""rationale"": ""Lock the primitive with public and hidden transfer counterexamples."",
          ""target_surface"": ""tests/test_capability_external_code_repair_operator_v1.py"",
          ""validation_plan"": {
            ""commands"": [
              [
                ""python"",
                ""-m"",
                ""pytest"",
                ""-q"",
                ""tests/test_capability_external_code_repair_operator_v1.py""
              ]
            ],
            ""expected_signals"": [
              ""public_counterexample_passes"",
              ""hidden_transfer_case_passes"",
              ""no_broad_regression_gate_failure""
            ],
            ""name"": ""validate_merge_setting_visible_only""
          }
        }
      ],
      ""promoted"": false,
      ""quarantine"": false,
      ""started_at"": ""2026-06-03T12:49:43Z"",
      ""target_path"": ""shared/external_repair_target.py"",
      ""test_path"": ""tests/test_external_code_repair_task.py""
    }
  ],
  ""rollback"": true,
  ""solved_new_tasks"": 0,
  ""state_path"": ""/tmp/rsi_experiments_o8w6nkxd/external_requests_code_transfer_repo__external_requests_code_failure_fixture_query__evolutionary_repair_loop__r1/.omega_rsi_runs/closed_rsi_state.json"",
  ""thdse_core_gate"": true,
  ""total_accepted"": 0,
  ""total_quarantine_exploration"": 0,
  ""total_rejected"": 3
}
",,external_code_unseen,psf/requests,Measure transfer on a sandbox fixture extracted from actual psf/requests source snippets and issue failure excerpts.,External code transfer succeeds when the loop repairs a local executable failure target derived from bounded psf/requests source and failure snippets.,1.347,0,0,6,3,0,0,python -m pytest -q,,True,9f1ffffe6561,2545812dd11c39ba437d066ec350a1cde9e2260b704f569af2e447efdd759cdf,"{""buggy_source_path"": ""shared/external_repair_target.py"", ""buggy_source_sha256"": ""e091fb3f780565f4d258d4d5a3a72fc67a3f798249726053347dde4ea75d27a7"", ""copied_failure_fixture"": ""external_sandbox/failure_excerpt.txt"", ""copied_source_fixture"": ""external_sandbox/source_snippet.txt"", ""failing_test"": ""tests/test_external_code_repair_task.py::test_requests_header_none_removes_session_header_visible_case"", ""failure_excerpt_sha256"": ""3bd526e1c1acd6c1247d5c2bc5922ba0fe37bf52c329d978674044d6632ac2d2"", ""field_name"": ""external_requests_code_signals"", ""field_values"": [""merge_setting_none_header"", ""merge_setting"", ""merge_hooks"", ""src"", ""requests"", ""sessions"", ""session"", ""headers""], ""fixture_id"": ""external-code:psf/requests"", ""fixture_kind"": ""external_code_repair_transfer"", ""function_name"": ""merge_setting"", ""held_out_reference_sha256"": ""7e9ba034646362f98b516fa8e76957efa09aa4098fff9ee48fa67e1fbe61497d"", ""held_out_reference_span_sha256"": [""0da01aa1df1d7458d5c64fd7bdf8f3d2a71ae989e265aacd3c434f632585ce17""], ""hidden_counterexample_family"": ""requests_merge_setting_none_removal"", ""issue_task_id"": ""github:psf/requests#4965"", ""issue_title"": ""Request-level None headers should remove inherited session headers"", ""issue_url"": ""https://github.com/psf/requests/issues/1921"", ""ported_external_symbol"": ""requests.sessions.merge_setting"", ""quarantine_paths"": ["".external_code_quarantine/requests_merge_setting_reference.sha256""], ""repair_target"": ""shared/external_repair_target.py"", ""repair_test"": ""tests/test_external_code_repair_task.py"", ""safety_controls"": [""actual_buggy_source_excerpt"", ""bounded_source_excerpt"", ""bounded_failure_excerpt"", ""source_url_provenance"", ""disposable_repo_execution_only"", ""local_executable_repair_task"", ""quarantined_reference_fix_hash_only"", ""seeded_hidden_counterexamples_after_patch"", ""verbatim_reference_span_rejection"", ""quarantine_path_touch_rejection"", ""full_pytest_required""], ""source_commit_sha"": ""cd90742ed94d901759e26766197d0ce7c7bd9c8e"", ""source_file_path"": ""src/requests/sessions.py"", ""source_ref"": ""main"", ""source_repository"": ""psf/requests"", ""source_snippet_sha256"": ""4b0fdea45f0aca37fa69a3c0f4fd350134135ce7e397ecb311efc9eef0de04d9"", ""source_symbols"": [""merge_setting"", ""merge_hooks"", ""src"", ""requests"", ""sessions""], ""source_url"": ""https://raw.githubusercontent.com/psf/requests/main/src/requests/sessions.py""}",requests_merge_setting_none_removal,True
external_requests_code_transfer_repo,"Executable psf/requests merge_setting bug port with buggy source, visible failing test, quarantined reference hash, and hidden seed-derived cases.",external_requests_code_failure_fixture_query,ci_only_validation,baseline_ci_only,Baseline: run validation without candidate generation or code patching.,1,9f1ffffe6561,1,0.147,0,0,0.0,0,,False,0,0.147,0,/tmp/rsi_experiments_o8w6nkxd/external_requests_code_transfer_repo__external_requests_code_failure_fixture_query__ci_only_validation__r1/.omega_rsi_runs/closed_rsi_summary.json,"F                                                                        [100%]
=================================== FAILURES ===================================
________ test_requests_header_none_removes_session_header_visible_case _________

    def test_requests_header_none_removes_session_header_visible_case():
        failure_text = (Path.cwd() / ""external_sandbox"" / ""failure_excerpt.txt"").read_text(encoding=""utf-8"")
        session_headers = {""User-Agent"": ""session-agent"", ""Accept"": ""application/json""}
        request_headers = {""User-Agent"": None, ""Content-Type"": ""text/plain""}
    
        merged = merge_setting(request_headers, session_headers)
    
        assert failure_text
>       assert ""User-Agent"" not in merged
E       AssertionError: assert 'User-Agent' not in OrderedDict([('User-Agent', None), ('Accept', 'application/json'), ('Content-Type', 'text/plain')])

tests/test_external_code_repair_task.py:14: AssertionError
=========================== short test summary info ============================
FAILED tests/test_external_code_repair_task.py::test_requests_header_none_removes_session_header_visible_case - AssertionError: assert 'User-Agent' not in OrderedDict([('User-Agent', None), ('Accept', 'application/json'), ('Content-Type', 'text/plain')])
1 failed in 0.02s
",,external_code_unseen,psf/requests,Measure transfer on a sandbox fixture extracted from actual psf/requests source snippets and issue failure excerpts.,External code transfer succeeds when the loop repairs a local executable failure target derived from bounded psf/requests source and failure snippets.,0,0,0,0,0,0,0,python -m pytest -q,1,True,9f1ffffe6561,858e9d067f0dcb337c18972db60b46fc66dcce7e34708e8e8e24a46f80635c48,"{""buggy_source_path"": ""shared/external_repair_target.py"", ""buggy_source_sha256"": ""e091fb3f780565f4d258d4d5a3a72fc67a3f798249726053347dde4ea75d27a7"", ""copied_failure_fixture"": ""external_sandbox/failure_excerpt.txt"", ""copied_source_fixture"": ""external_sandbox/source_snippet.txt"", ""failing_test"": ""tests/test_external_code_repair_task.py::test_requests_header_none_removes_session_header_visible_case"", ""failure_excerpt_sha256"": ""3bd526e1c1acd6c1247d5c2bc5922ba0fe37bf52c329d978674044d6632ac2d2"", ""field_name"": ""external_requests_code_signals"", ""field_values"": [""merge_setting_none_header"", ""merge_setting"", ""merge_hooks"", ""src"", ""requests"", ""sessions"", ""session"", ""headers""], ""fixture_id"": ""external-code:psf/requests"", ""fixture_kind"": ""external_code_repair_transfer"", ""function_name"": ""merge_setting"", ""held_out_reference_sha256"": ""7e9ba034646362f98b516fa8e76957efa09aa4098fff9ee48fa67e1fbe61497d"", ""held_out_reference_span_sha256"": [""0da01aa1df1d7458d5c64fd7bdf8f3d2a71ae989e265aacd3c434f632585ce17""], ""hidden_counterexample_family"": ""requests_merge_setting_none_removal"", ""issue_task_id"": ""github:psf/requests#4965"", ""issue_title"": ""Request-level None headers should remove inherited session headers"", ""issue_url"": ""https://github.com/psf/requests/issues/1921"", ""ported_external_symbol"": ""requests.sessions.merge_setting"", ""quarantine_paths"": ["".external_code_quarantine/requests_merge_setting_reference.sha256""], ""repair_target"": ""shared/external_repair_target.py"", ""repair_test"": ""tests/test_external_code_repair_task.py"", ""safety_controls"": [""actual_buggy_source_excerpt"", ""bounded_source_excerpt"", ""bounded_failure_excerpt"", ""source_url_provenance"", ""disposable_repo_execution_only"", ""local_executable_repair_task"", ""quarantined_reference_fix_hash_only"", ""seeded_hidden_counterexamples_after_patch"", ""verbatim_reference_span_rejection"", ""quarantine_path_touch_rejection"", ""full_pytest_required""], ""source_commit_sha"": ""cd90742ed94d901759e26766197d0ce7c7bd9c8e"", ""source_file_path"": ""src/requests/sessions.py"", ""source_ref"": ""main"", ""source_repository"": ""psf/requests"", ""source_snippet_sha256"": ""4b0fdea45f0aca37fa69a3c0f4fd350134135ce7e397ecb311efc9eef0de04d9"", ""source_symbols"": [""merge_setting"", ""merge_hooks"", ""src"", ""requests"", ""sessions""], ""source_url"": ""https://raw.githubusercontent.com/psf/requests/main/src/requests/sessions.py""}",requests_merge_setting_none_removal,True
external_requests_code_transfer_repo,"Executable psf/requests merge_setting bug port with buggy source, visible failing test, quarantined reference hash, and hidden seed-derived cases.",external_requests_code_failure_fixture_query,verified_closed_loop,proposed,"Full loop: candidate generation, patching, rollback, persistence, root broad gate, and THDSE core gate.",2,7680e285e99a,0,3.653,0,3,0.0,0,True,True,0,3.653,0,/tmp/rsi_experiments_o8w6nkxd/external_requests_code_transfer_repo__external_requests_code_failure_fixture_query__verified_closed_loop__r2/.omega_rsi_runs/closed_rsi_summary.json,"     ""kind"": ""solver_primitive"",
          ""name"": ""merge_setting_visible_only"",
          ""rationale"": ""Reusable primitive for external_code_repair benchmark tasks."",
          ""target_surface"": ""shared/capability_primitives.py"",
          ""validation_plan"": {
            ""commands"": [
              [
                ""python"",
                ""-m"",
                ""pytest"",
                ""-q"",
                ""tests/test_capability_external_code_repair_operator_v1.py""
              ]
            ],
            ""expected_signals"": [
              ""public_counterexample_passes"",
              ""hidden_transfer_case_passes"",
              ""no_broad_regression_gate_failure""
            ],
            ""name"": ""validate_merge_setting_visible_only""
          }
        },
        {
          ""family"": ""external_code_repair"",
          ""kind"": ""search_heuristic"",
          ""name"": ""prefer_merge_setting_visible_only_reuse"",
          ""rationale"": ""Rank exact capability repair operators ahead of unrelated schema repairs."",
          ""target_surface"": ""scripts/closed_recursive_self_improvement_loop.py"",
          ""validation_plan"": {
            ""commands"": [
              [
                ""python"",
                ""-m"",
                ""pytest"",
                ""-q"",
                ""tests/test_capability_external_code_repair_operator_v1.py""
              ]
            ],
            ""expected_signals"": [
              ""public_counterexample_passes"",
              ""hidden_transfer_case_passes"",
              ""no_broad_regression_gate_failure""
            ],
            ""name"": ""validate_merge_setting_visible_only""
          }
        },
        {
          ""family"": ""external_code_repair"",
          ""kind"": ""evaluator_mutation"",
          ""name"": ""merge_setting_visible_only_hidden_transfer_case"",
          ""rationale"": ""Add a held-out case that checks transfer beyond the public example."",
          ""target_surface"": ""shared/capability_benchmarks.py"",
          ""validation_plan"": {
            ""commands"": [
              [
                ""python"",
                ""-m"",
                ""pytest"",
                ""-q"",
                ""tests/test_capability_external_code_repair_operator_v1.py""
              ]
            ],
            ""expected_signals"": [
              ""public_counterexample_passes"",
              ""hidden_transfer_case_passes"",
              ""no_broad_regression_gate_failure""
            ],
            ""name"": ""validate_merge_setting_visible_only""
          }
        },
        {
          ""family"": ""external_code_repair"",
          ""kind"": ""counterexample_test"",
          ""name"": ""test_merge_setting_visible_only_counterexample"",
          ""rationale"": ""Lock the primitive with public and hidden transfer counterexamples."",
          ""target_surface"": ""tests/test_capability_external_code_repair_operator_v1.py"",
          ""validation_plan"": {
            ""commands"": [
              [
                ""python"",
                ""-m"",
                ""pytest"",
                ""-q"",
                ""tests/test_capability_external_code_repair_operator_v1.py""
              ]
            ],
            ""expected_signals"": [
              ""public_counterexample_passes"",
              ""hidden_transfer_case_passes"",
              ""no_broad_regression_gate_failure""
            ],
            ""name"": ""validate_merge_setting_visible_only""
          }
        }
      ],
      ""promoted"": false,
      ""quarantine"": false,
      ""started_at"": ""2026-06-03T12:49:45Z"",
      ""target_path"": ""shared/external_repair_target.py"",
      ""test_path"": ""tests/test_external_code_repair_task.py""
    }
  ],
  ""rollback"": true,
  ""solved_new_tasks"": 0,
  ""state_path"": ""/tmp/rsi_experiments_o8w6nkxd/external_requests_code_transfer_repo__external_requests_code_failure_fixture_query__verified_closed_loop__r2/.omega_rsi_runs/closed_rsi_state.json"",
  ""thdse_core_gate"": true,
  ""total_accepted"": 0,
  ""total_quarantine_exploration"": 6,
  ""total_rejected"": 3
}
",,external_code_unseen,psf/requests,Measure transfer on a sandbox fixture extracted from actual psf/requests source snippets and issue failure excerpts.,External code transfer succeeds when the loop repairs a local executable failure target derived from bounded psf/requests source and failure snippets.,1.347,0,0,6,3,6,6,python -m pytest -q,,True,7680e285e99a,8042ef7b46ff0d831dd6f5e825a877c560881e1cf4c2bd6a81f6afd93f23576a,"{""buggy_source_path"": ""shared/external_repair_target.py"", ""buggy_source_sha256"": ""e091fb3f780565f4d258d4d5a3a72fc67a3f798249726053347dde4ea75d27a7"", ""copied_failure_fixture"": ""external_sandbox/failure_excerpt.txt"", ""copied_source_fixture"": ""external_sandbox/source_snippet.txt"", ""failing_test"": ""tests/test_external_code_repair_task.py::test_requests_header_none_removes_session_header_visible_case"", ""failure_excerpt_sha256"": ""3bd526e1c1acd6c1247d5c2bc5922ba0fe37bf52c329d978674044d6632ac2d2"", ""field_name"": ""external_requests_code_signals"", ""field_values"": [""merge_setting_none_header"", ""merge_setting"", ""merge_hooks"", ""src"", ""requests"", ""sessions"", ""session"", ""headers""], ""fixture_id"": ""external-code:psf/requests"", ""fixture_kind"": ""external_code_repair_transfer"", ""function_name"": ""merge_setting"", ""held_out_reference_sha256"": ""7e9ba034646362f98b516fa8e76957efa09aa4098fff9ee48fa67e1fbe61497d"", ""held_out_reference_span_sha256"": [""0da01aa1df1d7458d5c64fd7bdf8f3d2a71ae989e265aacd3c434f632585ce17""], ""hidden_counterexample_family"": ""requests_merge_setting_none_removal"", ""issue_task_id"": ""github:psf/requests#4965"", ""issue_title"": ""Request-level None headers should remove inherited session headers"", ""issue_url"": ""https://github.com/psf/requests/issues/1921"", ""ported_external_symbol"": ""requests.sessions.merge_setting"", ""quarantine_paths"": ["".external_code_quarantine/requests_merge_setting_reference.sha256""], ""repair_target"": ""shared/external_repair_target.py"", ""repair_test"": ""tests/test_external_code_repair_task.py"", ""safety_controls"": [""actual_buggy_source_excerpt"", ""bounded_source_excerpt"", ""bounded_failure_excerpt"", ""source_url_provenance"", ""disposable_repo_execution_only"", ""local_executable_repair_task"", ""quarantined_reference_fix_hash_only"", ""seeded_hidden_counterexamples_after_patch"", ""verbatim_reference_span_rejection"", ""quarantine_path_touch_rejection"", ""full_pytest_required""], ""source_commit_sha"": ""cd90742ed94d901759e26766197d0ce7c7bd9c8e"", ""source_file_path"": ""src/requests/sessions.py"", ""source_ref"": ""main"", ""source_repository"": ""psf/requests"", ""source_snippet_sha256"": ""4b0fdea45f0aca37fa69a3c0f4fd350134135ce7e397ecb311efc9eef0de04d9"", ""source_symbols"": [""merge_setting"", ""merge_hooks"", ""src"", ""requests"", ""sessions""], ""source_url"": ""https://raw.githubusercontent.com/psf/requests/main/src/requests/sessions.py""}",requests_merge_setting_none_removal,True
external_requests_code_transfer_repo,"Executable psf/requests merge_setting bug port with buggy source, visible failing test, quarantined reference hash, and hidden seed-derived cases.",external_requests_code_failure_fixture_query,agent_coding_loop,baseline_agent_coding_loop,Baseline: single-pass automated coding loop with validation but without persistent recursive depth.,2,7680e285e99a,0,0.469,0,1,0.0,0,True,False,0,0.469,0,/tmp/rsi_experiments_o8w6nkxd/external_requests_code_transfer_repo__external_requests_code_failure_fixture_query__agent_coding_loop__r2/.omega_rsi_runs/closed_rsi_summary.json,"erge_setting_user_agent_casefold"",
          ""rationale"": ""Reusable primitive for external_code_repair benchmark tasks."",
          ""target_surface"": ""shared/capability_primitives.py"",
          ""validation_plan"": {
            ""commands"": [
              [
                ""python"",
                ""-m"",
                ""pytest"",
                ""-q"",
                ""tests/test_capability_external_code_repair_operator_v1.py""
              ]
            ],
            ""expected_signals"": [
              ""public_counterexample_passes"",
              ""hidden_transfer_case_passes"",
              ""no_broad_regression_gate_failure""
            ],
            ""name"": ""validate_merge_setting_user_agent_casefold""
          }
        },
        {
          ""family"": ""external_code_repair"",
          ""kind"": ""search_heuristic"",
          ""name"": ""prefer_merge_setting_user_agent_casefold_reuse"",
          ""rationale"": ""Rank exact capability repair operators ahead of unrelated schema repairs."",
          ""target_surface"": ""scripts/closed_recursive_self_improvement_loop.py"",
          ""validation_plan"": {
            ""commands"": [
              [
                ""python"",
                ""-m"",
                ""pytest"",
                ""-q"",
                ""tests/test_capability_external_code_repair_operator_v1.py""
              ]
            ],
            ""expected_signals"": [
              ""public_counterexample_passes"",
              ""hidden_transfer_case_passes"",
              ""no_broad_regression_gate_failure""
            ],
            ""name"": ""validate_merge_setting_user_agent_casefold""
          }
        },
        {
          ""family"": ""external_code_repair"",
          ""kind"": ""evaluator_mutation"",
          ""name"": ""merge_setting_user_agent_casefold_hidden_transfer_case"",
          ""rationale"": ""Add a held-out case that checks transfer beyond the public example."",
          ""target_surface"": ""shared/capability_benchmarks.py"",
          ""validation_plan"": {
            ""commands"": [
              [
                ""python"",
                ""-m"",
                ""pytest"",
                ""-q"",
                ""tests/test_capability_external_code_repair_operator_v1.py""
              ]
            ],
            ""expected_signals"": [
              ""public_counterexample_passes"",
              ""hidden_transfer_case_passes"",
              ""no_broad_regression_gate_failure""
            ],
            ""name"": ""validate_merge_setting_user_agent_casefold""
          }
        },
        {
          ""family"": ""external_code_repair"",
          ""kind"": ""counterexample_test"",
          ""name"": ""test_merge_setting_user_agent_casefold_counterexample"",
          ""rationale"": ""Lock the primitive with public and hidden transfer counterexamples."",
          ""target_surface"": ""tests/test_capability_external_code_repair_operator_v1.py"",
          ""validation_plan"": {
            ""commands"": [
              [
                ""python"",
                ""-m"",
                ""pytest"",
                ""-q"",
                ""tests/test_capability_external_code_repair_operator_v1.py""
              ]
            ],
            ""expected_signals"": [
              ""public_counterexample_passes"",
              ""hidden_transfer_case_passes"",
              ""no_broad_regression_gate_failure""
            ],
            ""name"": ""validate_merge_setting_user_agent_casefold""
          }
        }
      ],
      ""promoted"": false,
      ""quarantine"": false,
      ""started_at"": ""2026-06-03T12:49:48Z"",
      ""target_path"": ""shared/external_repair_target.py"",
      ""test_path"": ""tests/test_external_code_repair_task.py""
    }
  ],
  ""rollback"": true,
  ""solved_new_tasks"": 0,
  ""state_path"": ""/tmp/rsi_experiments_o8w6nkxd/external_requests_code_transfer_repo__external_requests_code_failure_fixture_query__agent_coding_loop__r2/.omega_rsi_runs/closed_rsi_state.json"",
  ""thdse_core_gate"": true,
  ""total_accepted"": 0,
  ""total_quarantine_exploration"": 0,
  ""total_rejected"": 1
}
",,external_code_unseen,psf/requests,Measure transfer on a sandbox fixture extracted from actual psf/requests source snippets and issue failure excerpts.,External code transfer succeeds when the loop repairs a local executable failure target derived from bounded psf/requests source and failure snippets.,0.449,0,0,2,1,0,0,python -m pytest -q,,True,7680e285e99a,3fc095a1088d738f1f83e0884d58e015714e81e30cb05266447f00a78eb589a1,"{""buggy_source_path"": ""shared/external_repair_target.py"", ""buggy_source_sha256"": ""e091fb3f780565f4d258d4d5a3a72fc67a3f798249726053347dde4ea75d27a7"", ""copied_failure_fixture"": ""external_sandbox/failure_excerpt.txt"", ""copied_source_fixture"": ""external_sandbox/source_snippet.txt"", ""failing_test"": ""tests/test_external_code_repair_task.py::test_requests_header_none_removes_session_header_visible_case"", ""failure_excerpt_sha256"": ""3bd526e1c1acd6c1247d5c2bc5922ba0fe37bf52c329d978674044d6632ac2d2"", ""field_name"": ""external_requests_code_signals"", ""field_values"": [""merge_setting_none_header"", ""merge_setting"", ""merge_hooks"", ""src"", ""requests"", ""sessions"", ""session"", ""headers""], ""fixture_id"": ""external-code:psf/requests"", ""fixture_kind"": ""external_code_repair_transfer"", ""function_name"": ""merge_setting"", ""held_out_reference_sha256"": ""7e9ba034646362f98b516fa8e76957efa09aa4098fff9ee48fa67e1fbe61497d"", ""held_out_reference_span_sha256"": [""0da01aa1df1d7458d5c64fd7bdf8f3d2a71ae989e265aacd3c434f632585ce17""], ""hidden_counterexample_family"": ""requests_merge_setting_none_removal"", ""issue_task_id"": ""github:psf/requests#4965"", ""issue_title"": ""Request-level None headers should remove inherited session headers"", ""issue_url"": ""https://github.com/psf/requests/issues/1921"", ""ported_external_symbol"": ""requests.sessions.merge_setting"", ""quarantine_paths"": ["".external_code_quarantine/requests_merge_setting_reference.sha256""], ""repair_target"": ""shared/external_repair_target.py"", ""repair_test"": ""tests/test_external_code_repair_task.py"", ""safety_controls"": [""actual_buggy_source_excerpt"", ""bounded_source_excerpt"", ""bounded_failure_excerpt"", ""source_url_provenance"", ""disposable_repo_execution_only"", ""local_executable_repair_task"", ""quarantined_reference_fix_hash_only"", ""seeded_hidden_counterexamples_after_patch"", ""verbatim_reference_span_rejection"", ""quarantine_path_touch_rejection"", ""full_pytest_required""], ""source_commit_sha"": ""cd90742ed94d901759e26766197d0ce7c7bd9c8e"", ""source_file_path"": ""src/requests/sessions.py"", ""source_ref"": ""main"", ""source_repository"": ""psf/requests"", ""source_snippet_sha256"": ""4b0fdea45f0aca37fa69a3c0f4fd350134135ce7e397ecb311efc9eef0de04d9"", ""source_symbols"": [""merge_setting"", ""merge_hooks"", ""src"", ""requests"", ""sessions""], ""source_url"": ""https://raw.githubusercontent.com/psf/requests/main/src/requests/sessions.py""}",requests_merge_setting_none_removal,True
external_requests_code_transfer_repo,"Executable psf/requests merge_setting bug port with buggy source, visible failing test, quarantined reference hash, and hidden seed-derived cases.",external_requests_code_failure_fixture_query,evolutionary_repair_loop,baseline_evolutionary_repair_loop,Baseline: retry candidate repair loop with the same safety gates but without recursive quarantine search or persistent self-policy depth.,2,7680e285e99a,0,1.588,0,3,0.0,0,True,False,0,1.588,0,/tmp/rsi_experiments_o8w6nkxd/external_requests_code_transfer_repo__external_requests_code_failure_fixture_query__evolutionary_repair_loop__r2/.omega_rsi_runs/closed_rsi_summary.json," ""kind"": ""solver_primitive"",
          ""name"": ""merge_setting_visible_only"",
          ""rationale"": ""Reusable primitive for external_code_repair benchmark tasks."",
          ""target_surface"": ""shared/capability_primitives.py"",
          ""validation_plan"": {
            ""commands"": [
              [
                ""python"",
                ""-m"",
                ""pytest"",
                ""-q"",
                ""tests/test_capability_external_code_repair_operator_v1.py""
              ]
            ],
            ""expected_signals"": [
              ""public_counterexample_passes"",
              ""hidden_transfer_case_passes"",
              ""no_broad_regression_gate_failure""
            ],
            ""name"": ""validate_merge_setting_visible_only""
          }
        },
        {
          ""family"": ""external_code_repair"",
          ""kind"": ""search_heuristic"",
          ""name"": ""prefer_merge_setting_visible_only_reuse"",
          ""rationale"": ""Rank exact capability repair operators ahead of unrelated schema repairs."",
          ""target_surface"": ""scripts/closed_recursive_self_improvement_loop.py"",
          ""validation_plan"": {
            ""commands"": [
              [
                ""python"",
                ""-m"",
                ""pytest"",
                ""-q"",
                ""tests/test_capability_external_code_repair_operator_v1.py""
              ]
            ],
            ""expected_signals"": [
              ""public_counterexample_passes"",
              ""hidden_transfer_case_passes"",
              ""no_broad_regression_gate_failure""
            ],
            ""name"": ""validate_merge_setting_visible_only""
          }
        },
        {
          ""family"": ""external_code_repair"",
          ""kind"": ""evaluator_mutation"",
          ""name"": ""merge_setting_visible_only_hidden_transfer_case"",
          ""rationale"": ""Add a held-out case that checks transfer beyond the public example."",
          ""target_surface"": ""shared/capability_benchmarks.py"",
          ""validation_plan"": {
            ""commands"": [
              [
                ""python"",
                ""-m"",
                ""pytest"",
                ""-q"",
                ""tests/test_capability_external_code_repair_operator_v1.py""
              ]
            ],
            ""expected_signals"": [
              ""public_counterexample_passes"",
              ""hidden_transfer_case_passes"",
              ""no_broad_regression_gate_failure""
            ],
            ""name"": ""validate_merge_setting_visible_only""
          }
        },
        {
          ""family"": ""external_code_repair"",
          ""kind"": ""counterexample_test"",
          ""name"": ""test_merge_setting_visible_only_counterexample"",
          ""rationale"": ""Lock the primitive with public and hidden transfer counterexamples."",
          ""target_surface"": ""tests/test_capability_external_code_repair_operator_v1.py"",
          ""validation_plan"": {
            ""commands"": [
              [
                ""python"",
                ""-m"",
                ""pytest"",
                ""-q"",
                ""tests/test_capability_external_code_repair_operator_v1.py""
              ]
            ],
            ""expected_signals"": [
              ""public_counterexample_passes"",
              ""hidden_transfer_case_passes"",
              ""no_broad_regression_gate_failure""
            ],
            ""name"": ""validate_merge_setting_visible_only""
          }
        }
      ],
      ""promoted"": false,
      ""quarantine"": false,
      ""started_at"": ""2026-06-03T12:49:49Z"",
      ""target_path"": ""shared/external_repair_target.py"",
      ""test_path"": ""tests/test_external_code_repair_task.py""
    }
  ],
  ""rollback"": true,
  ""solved_new_tasks"": 0,
  ""state_path"": ""/tmp/rsi_experiments_o8w6nkxd/external_requests_code_transfer_repo__external_requests_code_failure_fixture_query__evolutionary_repair_loop__r2/.omega_rsi_runs/closed_rsi_state.json"",
  ""thdse_core_gate"": true,
  ""total_accepted"": 0,
  ""total_quarantine_exploration"": 0,
  ""total_rejected"": 3
}
",,external_code_unseen,psf/requests,Measure transfer on a sandbox fixture extracted from actual psf/requests source snippets and issue failure excerpts.,External code transfer succeeds when the loop repairs a local executable failure target derived from bounded psf/requests source and failure snippets.,1.347,0,0,6,3,0,0,python -m pytest -q,,True,7680e285e99a,908cec2e7fcfee5a031543c6100e3549d7f799335389a3bb2b3ca2072339e49c,"{""buggy_source_path"": ""shared/external_repair_target.py"", ""buggy_source_sha256"": ""e091fb3f780565f4d258d4d5a3a72fc67a3f798249726053347dde4ea75d27a7"", ""copied_failure_fixture"": ""external_sandbox/failure_excerpt.txt"", ""copied_source_fixture"": ""external_sandbox/source_snippet.txt"", ""failing_test"": ""tests/test_external_code_repair_task.py::test_requests_header_none_removes_session_header_visible_case"", ""failure_excerpt_sha256"": ""3bd526e1c1acd6c1247d5c2bc5922ba0fe37bf52c329d978674044d6632ac2d2"", ""field_name"": ""external_requests_code_signals"", ""field_values"": [""merge_setting_none_header"", ""merge_setting"", ""merge_hooks"", ""src"", ""requests"", ""sessions"", ""session"", ""headers""], ""fixture_id"": ""external-code:psf/requests"", ""fixture_kind"": ""external_code_repair_transfer"", ""function_name"": ""merge_setting"", ""held_out_reference_sha256"": ""7e9ba034646362f98b516fa8e76957efa09aa4098fff9ee48fa67e1fbe61497d"", ""held_out_reference_span_sha256"": [""0da01aa1df1d7458d5c64fd7bdf8f3d2a71ae989e265aacd3c434f632585ce17""], ""hidden_counterexample_family"": ""requests_merge_setting_none_removal"", ""issue_task_id"": ""github:psf/requests#4965"", ""issue_title"": ""Request-level None headers should remove inherited session headers"", ""issue_url"": ""https://github.com/psf/requests/issues/1921"", ""ported_external_symbol"": ""requests.sessions.merge_setting"", ""quarantine_paths"": ["".external_code_quarantine/requests_merge_setting_reference.sha256""], ""repair_target"": ""shared/external_repair_target.py"", ""repair_test"": ""tests/test_external_code_repair_task.py"", ""safety_controls"": [""actual_buggy_source_excerpt"", ""bounded_source_excerpt"", ""bounded_failure_excerpt"", ""source_url_provenance"", ""disposable_repo_execution_only"", ""local_executable_repair_task"", ""quarantined_reference_fix_hash_only"", ""seeded_hidden_counterexamples_after_patch"", ""verbatim_reference_span_rejection"", ""quarantine_path_touch_rejection"", ""full_pytest_required""], ""source_commit_sha"": ""cd90742ed94d901759e26766197d0ce7c7bd9c8e"", ""source_file_path"": ""src/requests/sessions.py"", ""source_ref"": ""main"", ""source_repository"": ""psf/requests"", ""source_snippet_sha256"": ""4b0fdea45f0aca37fa69a3c0f4fd350134135ce7e397ecb311efc9eef0de04d9"", ""source_symbols"": [""merge_setting"", ""merge_hooks"", ""src"", ""requests"", ""sessions""], ""source_url"": ""https://raw.githubusercontent.com/psf/requests/main/src/requests/sessions.py""}",requests_merge_setting_none_removal,True
external_requests_code_transfer_repo,"Executable psf/requests merge_setting bug port with buggy source, visible failing test, quarantined reference hash, and hidden seed-derived cases.",external_requests_code_failure_fixture_query,ci_only_validation,baseline_ci_only,Baseline: run validation without candidate generation or code patching.,2,7680e285e99a,1,0.148,0,0,0.0,0,,False,0,0.148,0,/tmp/rsi_experiments_o8w6nkxd/external_requests_code_transfer_repo__external_requests_code_failure_fixture_query__ci_only_validation__r2/.omega_rsi_runs/closed_rsi_summary.json,"F                                                                        [100%]
=================================== FAILURES ===================================
________ test_requests_header_none_removes_session_header_visible_case _________

    def test_requests_header_none_removes_session_header_visible_case():
        failure_text = (Path.cwd() / ""external_sandbox"" / ""failure_excerpt.txt"").read_text(encoding=""utf-8"")
        session_headers = {""User-Agent"": ""session-agent"", ""Accept"": ""application/json""}
        request_headers = {""User-Agent"": None, ""Content-Type"": ""text/plain""}
    
        merged = merge_setting(request_headers, session_headers)
    
        assert failure_text
>       assert ""User-Agent"" not in merged
E       AssertionError: assert 'User-Agent' not in OrderedDict([('User-Agent', None), ('Accept', 'application/json'), ('Content-Type', 'text/plain')])

tests/test_external_code_repair_task.py:14: AssertionError
=========================== short test summary info ============================
FAILED tests/test_external_code_repair_task.py::test_requests_header_none_removes_session_header_visible_case - AssertionError: assert 'User-Agent' not in OrderedDict([('User-Agent', None), ('Accept', 'application/json'), ('Content-Type', 'text/plain')])
1 failed in 0.02s
",,external_code_unseen,psf/requests,Measure transfer on a sandbox fixture extracted from actual psf/requests source snippets and issue failure excerpts.,External code transfer succeeds when the loop repairs a local executable failure target derived from bounded psf/requests source and failure snippets.,0,0,0,0,0,0,0,python -m pytest -q,1,True,7680e285e99a,03ce4f09dedce9e09405c1b779ec7d855a33bf9a6b9708acccd4cbe3aef5f7cc,"{""buggy_source_path"": ""shared/external_repair_target.py"", ""buggy_source_sha256"": ""e091fb3f780565f4d258d4d5a3a72fc67a3f798249726053347dde4ea75d27a7"", ""copied_failure_fixture"": ""external_sandbox/failure_excerpt.txt"", ""copied_source_fixture"": ""external_sandbox/source_snippet.txt"", ""failing_test"": ""tests/test_external_code_repair_task.py::test_requests_header_none_removes_session_header_visible_case"", ""failure_excerpt_sha256"": ""3bd526e1c1acd6c1247d5c2bc5922ba0fe37bf52c329d978674044d6632ac2d2"", ""field_name"": ""external_requests_code_signals"", ""field_values"": [""merge_setting_none_header"", ""merge_setting"", ""merge_hooks"", ""src"", ""requests"", ""sessions"", ""session"", ""headers""], ""fixture_id"": ""external-code:psf/requests"", ""fixture_kind"": ""external_code_repair_transfer"", ""function_name"": ""merge_setting"", ""held_out_reference_sha256"": ""7e9ba034646362f98b516fa8e76957efa09aa4098fff9ee48fa67e1fbe61497d"", ""held_out_reference_span_sha256"": [""0da01aa1df1d7458d5c64fd7bdf8f3d2a71ae989e265aacd3c434f632585ce17""], ""hidden_counterexample_family"": ""requests_merge_setting_none_removal"", ""issue_task_id"": ""github:psf/requests#4965"", ""issue_title"": ""Request-level None headers should remove inherited session headers"", ""issue_url"": ""https://github.com/psf/requests/issues/1921"", ""ported_external_symbol"": ""requests.sessions.merge_setting"", ""quarantine_paths"": ["".external_code_quarantine/requests_merge_setting_reference.sha256""], ""repair_target"": ""shared/external_repair_target.py"", ""repair_test"": ""tests/test_external_code_repair_task.py"", ""safety_controls"": [""actual_buggy_source_excerpt"", ""bounded_source_excerpt"", ""bounded_failure_excerpt"", ""source_url_provenance"", ""disposable_repo_execution_only"", ""local_executable_repair_task"", ""quarantined_reference_fix_hash_only"", ""seeded_hidden_counterexamples_after_patch"", ""verbatim_reference_span_rejection"", ""quarantine_path_touch_rejection"", ""full_pytest_required""], ""source_commit_sha"": ""cd90742ed94d901759e26766197d0ce7c7bd9c8e"", ""source_file_path"": ""src/requests/sessions.py"", ""source_ref"": ""main"", ""source_repository"": ""psf/requests"", ""source_snippet_sha256"": ""4b0fdea45f0aca37fa69a3c0f4fd350134135ce7e397ecb311efc9eef0de04d9"", ""source_symbols"": [""merge_setting"", ""merge_hooks"", ""src"", ""requests"", ""sessions""], ""source_url"": ""https://raw.githubusercontent.com/psf/requests/main/src/requests/sessions.py""}",requests_merge_setting_none_removal,True
external_requests_code_transfer_repo,"Executable psf/requests merge_setting bug port with buggy source, visible failing test, quarantined reference hash, and hidden seed-derived cases.",external_requests_code_failure_fixture_query,verified_closed_loop,proposed,"Full loop: candidate generation, patching, rollback, persistence, root broad gate, and THDSE core gate.",3,f8232f1d0ef2,0,3.203,0,3,0.0,0,True,True,0,3.203,0,/tmp/rsi_experiments_o8w6nkxd/external_requests_code_transfer_repo__external_requests_code_failure_fixture_query__verified_closed_loop__r3/.omega_rsi_runs/closed_rsi_summary.json,"e_repair"",
          ""kind"": ""solver_primitive"",
          ""name"": ""merge_setting_empty_only"",
          ""rationale"": ""Reusable primitive for external_code_repair benchmark tasks."",
          ""target_surface"": ""shared/capability_primitives.py"",
          ""validation_plan"": {
            ""commands"": [
              [
                ""python"",
                ""-m"",
                ""pytest"",
                ""-q"",
                ""tests/test_capability_external_code_repair_operator_v1.py""
              ]
            ],
            ""expected_signals"": [
              ""public_counterexample_passes"",
              ""hidden_transfer_case_passes"",
              ""no_broad_regression_gate_failure""
            ],
            ""name"": ""validate_merge_setting_empty_only""
          }
        },
        {
          ""family"": ""external_code_repair"",
          ""kind"": ""search_heuristic"",
          ""name"": ""prefer_merge_setting_empty_only_reuse"",
          ""rationale"": ""Rank exact capability repair operators ahead of unrelated schema repairs."",
          ""target_surface"": ""scripts/closed_recursive_self_improvement_loop.py"",
          ""validation_plan"": {
            ""commands"": [
              [
                ""python"",
                ""-m"",
                ""pytest"",
                ""-q"",
                ""tests/test_capability_external_code_repair_operator_v1.py""
              ]
            ],
            ""expected_signals"": [
              ""public_counterexample_passes"",
              ""hidden_transfer_case_passes"",
              ""no_broad_regression_gate_failure""
            ],
            ""name"": ""validate_merge_setting_empty_only""
          }
        },
        {
          ""family"": ""external_code_repair"",
          ""kind"": ""evaluator_mutation"",
          ""name"": ""merge_setting_empty_only_hidden_transfer_case"",
          ""rationale"": ""Add a held-out case that checks transfer beyond the public example."",
          ""target_surface"": ""shared/capability_benchmarks.py"",
          ""validation_plan"": {
            ""commands"": [
              [
                ""python"",
                ""-m"",
                ""pytest"",
                ""-q"",
                ""tests/test_capability_external_code_repair_operator_v1.py""
              ]
            ],
            ""expected_signals"": [
              ""public_counterexample_passes"",
              ""hidden_transfer_case_passes"",
              ""no_broad_regression_gate_failure""
            ],
            ""name"": ""validate_merge_setting_empty_only""
          }
        },
        {
          ""family"": ""external_code_repair"",
          ""kind"": ""counterexample_test"",
          ""name"": ""test_merge_setting_empty_only_counterexample"",
          ""rationale"": ""Lock the primitive with public and hidden transfer counterexamples."",
          ""target_surface"": ""tests/test_capability_external_code_repair_operator_v1.py"",
          ""validation_plan"": {
            ""commands"": [
              [
                ""python"",
                ""-m"",
                ""pytest"",
                ""-q"",
                ""tests/test_capability_external_code_repair_operator_v1.py""
              ]
            ],
            ""expected_signals"": [
              ""public_counterexample_passes"",
              ""hidden_transfer_case_passes"",
              ""no_broad_regression_gate_failure""
            ],
            ""name"": ""validate_merge_setting_empty_only""
          }
        }
      ],
      ""promoted"": false,
      ""quarantine"": false,
      ""started_at"": ""2026-06-03T12:49:51Z"",
      ""target_path"": ""shared/external_repair_target.py"",
      ""test_path"": ""tests/test_external_code_repair_task.py""
    }
  ],
  ""rollback"": true,
  ""solved_new_tasks"": 0,
  ""state_path"": ""/tmp/rsi_experiments_o8w6nkxd/external_requests_code_transfer_repo__external_requests_code_failure_fixture_query__verified_closed_loop__r3/.omega_rsi_runs/closed_rsi_state.json"",
  ""thdse_core_gate"": true,
  ""total_accepted"": 0,
  ""total_quarantine_exploration"": 6,
  ""total_rejected"": 3
}
",,external_code_unseen,psf/requests,Measure transfer on a sandbox fixture extracted from actual psf/requests source snippets and issue failure excerpts.,External code transfer succeeds when the loop repairs a local executable failure target derived from bounded psf/requests source and failure snippets.,1.347,0,0,6,3,6,6,python -m pytest -q,,True,f8232f1d0ef2,d3c78d836a74412287267311fc4a444eb1405ddc07687aee585a5ade5315c609,"{""buggy_source_path"": ""shared/external_repair_target.py"", ""buggy_source_sha256"": ""e091fb3f780565f4d258d4d5a3a72fc67a3f798249726053347dde4ea75d27a7"", ""copied_failure_fixture"": ""external_sandbox/failure_excerpt.txt"", ""copied_source_fixture"": ""external_sandbox/source_snippet.txt"", ""failing_test"": ""tests/test_external_code_repair_task.py::test_requests_header_none_removes_session_header_visible_case"", ""failure_excerpt_sha256"": ""3bd526e1c1acd6c1247d5c2bc5922ba0fe37bf52c329d978674044d6632ac2d2"", ""field_name"": ""external_requests_code_signals"", ""field_values"": [""merge_setting_none_header"", ""merge_setting"", ""merge_hooks"", ""src"", ""requests"", ""sessions"", ""session"", ""headers""], ""fixture_id"": ""external-code:psf/requests"", ""fixture_kind"": ""external_code_repair_transfer"", ""function_name"": ""merge_setting"", ""held_out_reference_sha256"": ""7e9ba034646362f98b516fa8e76957efa09aa4098fff9ee48fa67e1fbe61497d"", ""held_out_reference_span_sha256"": [""0da01aa1df1d7458d5c64fd7bdf8f3d2a71ae989e265aacd3c434f632585ce17""], ""hidden_counterexample_family"": ""requests_merge_setting_none_removal"", ""issue_task_id"": ""github:psf/requests#4965"", ""issue_title"": ""Request-level None headers should remove inherited session headers"", ""issue_url"": ""https://github.com/psf/requests/issues/1921"", ""ported_external_symbol"": ""requests.sessions.merge_setting"", ""quarantine_paths"": ["".external_code_quarantine/requests_merge_setting_reference.sha256""], ""repair_target"": ""shared/external_repair_target.py"", ""repair_test"": ""tests/test_external_code_repair_task.py"", ""safety_controls"": [""actual_buggy_source_excerpt"", ""bounded_source_excerpt"", ""bounded_failure_excerpt"", ""source_url_provenance"", ""disposable_repo_execution_only"", ""local_executable_repair_task"", ""quarantined_reference_fix_hash_only"", ""seeded_hidden_counterexamples_after_patch"", ""verbatim_reference_span_rejection"", ""quarantine_path_touch_rejection"", ""full_pytest_required""], ""source_commit_sha"": ""cd90742ed94d901759e26766197d0ce7c7bd9c8e"", ""source_file_path"": ""src/requests/sessions.py"", ""source_ref"": ""main"", ""source_repository"": ""psf/requests"", ""source_snippet_sha256"": ""4b0fdea45f0aca37fa69a3c0f4fd350134135ce7e397ecb311efc9eef0de04d9"", ""source_symbols"": [""merge_setting"", ""merge_hooks"", ""src"", ""requests"", ""sessions""], ""source_url"": ""https://raw.githubusercontent.com/psf/requests/main/src/requests/sessions.py""}",requests_merge_setting_none_removal,True
external_requests_code_transfer_repo,"Executable psf/requests merge_setting bug port with buggy source, visible failing test, quarantined reference hash, and hidden seed-derived cases.",external_requests_code_failure_fixture_query,agent_coding_loop,baseline_agent_coding_loop,Baseline: single-pass automated coding loop with validation but without persistent recursive depth.,3,f8232f1d0ef2,0,0.481,0,1,0.0,0,True,False,0,0.481,0,/tmp/rsi_experiments_o8w6nkxd/external_requests_code_transfer_repo__external_requests_code_failure_fixture_query__agent_coding_loop__r3/.omega_rsi_runs/closed_rsi_summary.json,"        ""kind"": ""solver_primitive"",
          ""name"": ""merge_setting_visible_only"",
          ""rationale"": ""Reusable primitive for external_code_repair benchmark tasks."",
          ""target_surface"": ""shared/capability_primitives.py"",
          ""validation_plan"": {
            ""commands"": [
              [
                ""python"",
                ""-m"",
                ""pytest"",
                ""-q"",
                ""tests/test_capability_external_code_repair_operator_v1.py""
              ]
            ],
            ""expected_signals"": [
              ""public_counterexample_passes"",
              ""hidden_transfer_case_passes"",
              ""no_broad_regression_gate_failure""
            ],
            ""name"": ""validate_merge_setting_visible_only""
          }
        },
        {
          ""family"": ""external_code_repair"",
          ""kind"": ""search_heuristic"",
          ""name"": ""prefer_merge_setting_visible_only_reuse"",
          ""rationale"": ""Rank exact capability repair operators ahead of unrelated schema repairs."",
          ""target_surface"": ""scripts/closed_recursive_self_improvement_loop.py"",
          ""validation_plan"": {
            ""commands"": [
              [
                ""python"",
                ""-m"",
                ""pytest"",
                ""-q"",
                ""tests/test_capability_external_code_repair_operator_v1.py""
              ]
            ],
            ""expected_signals"": [
              ""public_counterexample_passes"",
              ""hidden_transfer_case_passes"",
              ""no_broad_regression_gate_failure""
            ],
            ""name"": ""validate_merge_setting_visible_only""
          }
        },
        {
          ""family"": ""external_code_repair"",
          ""kind"": ""evaluator_mutation"",
          ""name"": ""merge_setting_visible_only_hidden_transfer_case"",
          ""rationale"": ""Add a held-out case that checks transfer beyond the public example."",
          ""target_surface"": ""shared/capability_benchmarks.py"",
          ""validation_plan"": {
            ""commands"": [
              [
                ""python"",
                ""-m"",
                ""pytest"",
                ""-q"",
                ""tests/test_capability_external_code_repair_operator_v1.py""
              ]
            ],
            ""expected_signals"": [
              ""public_counterexample_passes"",
              ""hidden_transfer_case_passes"",
              ""no_broad_regression_gate_failure""
            ],
            ""name"": ""validate_merge_setting_visible_only""
          }
        },
        {
          ""family"": ""external_code_repair"",
          ""kind"": ""counterexample_test"",
          ""name"": ""test_merge_setting_visible_only_counterexample"",
          ""rationale"": ""Lock the primitive with public and hidden transfer counterexamples."",
          ""target_surface"": ""tests/test_capability_external_code_repair_operator_v1.py"",
          ""validation_plan"": {
            ""commands"": [
              [
                ""python"",
                ""-m"",
                ""pytest"",
                ""-q"",
                ""tests/test_capability_external_code_repair_operator_v1.py""
              ]
            ],
            ""expected_signals"": [
              ""public_counterexample_passes"",
              ""hidden_transfer_case_passes"",
              ""no_broad_regression_gate_failure""
            ],
            ""name"": ""validate_merge_setting_visible_only""
          }
        }
      ],
      ""promoted"": false,
      ""quarantine"": false,
      ""started_at"": ""2026-06-03T12:49:53Z"",
      ""target_path"": ""shared/external_repair_target.py"",
      ""test_path"": ""tests/test_external_code_repair_task.py""
    }
  ],
  ""rollback"": true,
  ""solved_new_tasks"": 0,
  ""state_path"": ""/tmp/rsi_experiments_o8w6nkxd/external_requests_code_transfer_repo__external_requests_code_failure_fixture_query__agent_coding_loop__r3/.omega_rsi_runs/closed_rsi_state.json"",
  ""thdse_core_gate"": true,
  ""total_accepted"": 0,
  ""total_quarantine_exploration"": 0,
  ""total_rejected"": 1
}
",,external_code_unseen,psf/requests,Measure transfer on a sandbox fixture extracted from actual psf/requests source snippets and issue failure excerpts.,External code transfer succeeds when the loop repairs a local executable failure target derived from bounded psf/requests source and failure snippets.,0.449,0,0,2,1,0,0,python -m pytest -q,,True,f8232f1d0ef2,1deaa1544654b6da6573c96bb4d64124d2d96b7e3d1fe790924de3007f62af10,"{""buggy_source_path"": ""shared/external_repair_target.py"", ""buggy_source_sha256"": ""e091fb3f780565f4d258d4d5a3a72fc67a3f798249726053347dde4ea75d27a7"", ""copied_failure_fixture"": ""external_sandbox/failure_excerpt.txt"", ""copied_source_fixture"": ""external_sandbox/source_snippet.txt"", ""failing_test"": ""tests/test_external_code_repair_task.py::test_requests_header_none_removes_session_header_visible_case"", ""failure_excerpt_sha256"": ""3bd526e1c1acd6c1247d5c2bc5922ba0fe37bf52c329d978674044d6632ac2d2"", ""field_name"": ""external_requests_code_signals"", ""field_values"": [""merge_setting_none_header"", ""merge_setting"", ""merge_hooks"", ""src"", ""requests"", ""sessions"", ""session"", ""headers""], ""fixture_id"": ""external-code:psf/requests"", ""fixture_kind"": ""external_code_repair_transfer"", ""function_name"": ""merge_setting"", ""held_out_reference_sha256"": ""7e9ba034646362f98b516fa8e76957efa09aa4098fff9ee48fa67e1fbe61497d"", ""held_out_reference_span_sha256"": [""0da01aa1df1d7458d5c64fd7bdf8f3d2a71ae989e265aacd3c434f632585ce17""], ""hidden_counterexample_family"": ""requests_merge_setting_none_removal"", ""issue_task_id"": ""github:psf/requests#4965"", ""issue_title"": ""Request-level None headers should remove inherited session headers"", ""issue_url"": ""https://github.com/psf/requests/issues/1921"", ""ported_external_symbol"": ""requests.sessions.merge_setting"", ""quarantine_paths"": ["".external_code_quarantine/requests_merge_setting_reference.sha256""], ""repair_target"": ""shared/external_repair_target.py"", ""repair_test"": ""tests/test_external_code_repair_task.py"", ""safety_controls"": [""actual_buggy_source_excerpt"", ""bounded_source_excerpt"", ""bounded_failure_excerpt"", ""source_url_provenance"", ""disposable_repo_execution_only"", ""local_executable_repair_task"", ""quarantined_reference_fix_hash_only"", ""seeded_hidden_counterexamples_after_patch"", ""verbatim_reference_span_rejection"", ""quarantine_path_touch_rejection"", ""full_pytest_required""], ""source_commit_sha"": ""cd90742ed94d901759e26766197d0ce7c7bd9c8e"", ""source_file_path"": ""src/requests/sessions.py"", ""source_ref"": ""main"", ""source_repository"": ""psf/requests"", ""source_snippet_sha256"": ""4b0fdea45f0aca37fa69a3c0f4fd350134135ce7e397ecb311efc9eef0de04d9"", ""source_symbols"": [""merge_setting"", ""merge_hooks"", ""src"", ""requests"", ""sessions""], ""source_url"": ""https://raw.githubusercontent.com/psf/requests/main/src/requests/sessions.py""}",requests_merge_setting_none_removal,True
external_requests_code_transfer_repo,"Executable psf/requests merge_setting bug port with buggy source, visible failing test, quarantined reference hash, and hidden seed-derived cases.",external_requests_code_failure_fixture_query,evolutionary_repair_loop,baseline_evolutionary_repair_loop,Baseline: retry candidate repair loop with the same safety gates but without recursive quarantine search or persistent self-policy depth.,3,f8232f1d0ef2,0,1.312,0,3,0.0,0,True,False,0,1.312,0,/tmp/rsi_experiments_o8w6nkxd/external_requests_code_transfer_repo__external_requests_code_failure_fixture_query__evolutionary_repair_loop__r3/.omega_rsi_runs/closed_rsi_summary.json,"pair"",
          ""kind"": ""solver_primitive"",
          ""name"": ""merge_setting_empty_only"",
          ""rationale"": ""Reusable primitive for external_code_repair benchmark tasks."",
          ""target_surface"": ""shared/capability_primitives.py"",
          ""validation_plan"": {
            ""commands"": [
              [
                ""python"",
                ""-m"",
                ""pytest"",
                ""-q"",
                ""tests/test_capability_external_code_repair_operator_v1.py""
              ]
            ],
            ""expected_signals"": [
              ""public_counterexample_passes"",
              ""hidden_transfer_case_passes"",
              ""no_broad_regression_gate_failure""
            ],
            ""name"": ""validate_merge_setting_empty_only""
          }
        },
        {
          ""family"": ""external_code_repair"",
          ""kind"": ""search_heuristic"",
          ""name"": ""prefer_merge_setting_empty_only_reuse"",
          ""rationale"": ""Rank exact capability repair operators ahead of unrelated schema repairs."",
          ""target_surface"": ""scripts/closed_recursive_self_improvement_loop.py"",
          ""validation_plan"": {
            ""commands"": [
              [
                ""python"",
                ""-m"",
                ""pytest"",
                ""-q"",
                ""tests/test_capability_external_code_repair_operator_v1.py""
              ]
            ],
            ""expected_signals"": [
              ""public_counterexample_passes"",
              ""hidden_transfer_case_passes"",
              ""no_broad_regression_gate_failure""
            ],
            ""name"": ""validate_merge_setting_empty_only""
          }
        },
        {
          ""family"": ""external_code_repair"",
          ""kind"": ""evaluator_mutation"",
          ""name"": ""merge_setting_empty_only_hidden_transfer_case"",
          ""rationale"": ""Add a held-out case that checks transfer beyond the public example."",
          ""target_surface"": ""shared/capability_benchmarks.py"",
          ""validation_plan"": {
            ""commands"": [
              [
                ""python"",
                ""-m"",
                ""pytest"",
                ""-q"",
                ""tests/test_capability_external_code_repair_operator_v1.py""
              ]
            ],
            ""expected_signals"": [
              ""public_counterexample_passes"",
              ""hidden_transfer_case_passes"",
              ""no_broad_regression_gate_failure""
            ],
            ""name"": ""validate_merge_setting_empty_only""
          }
        },
        {
          ""family"": ""external_code_repair"",
          ""kind"": ""counterexample_test"",
          ""name"": ""test_merge_setting_empty_only_counterexample"",
          ""rationale"": ""Lock the primitive with public and hidden transfer counterexamples."",
          ""target_surface"": ""tests/test_capability_external_code_repair_operator_v1.py"",
          ""validation_plan"": {
            ""commands"": [
              [
                ""python"",
                ""-m"",
                ""pytest"",
                ""-q"",
                ""tests/test_capability_external_code_repair_operator_v1.py""
              ]
            ],
            ""expected_signals"": [
              ""public_counterexample_passes"",
              ""hidden_transfer_case_passes"",
              ""no_broad_regression_gate_failure""
            ],
            ""name"": ""validate_merge_setting_empty_only""
          }
        }
      ],
      ""promoted"": false,
      ""quarantine"": false,
      ""started_at"": ""2026-06-03T12:49:54Z"",
      ""target_path"": ""shared/external_repair_target.py"",
      ""test_path"": ""tests/test_external_code_repair_task.py""
    }
  ],
  ""rollback"": true,
  ""solved_new_tasks"": 0,
  ""state_path"": ""/tmp/rsi_experiments_o8w6nkxd/external_requests_code_transfer_repo__external_requests_code_failure_fixture_query__evolutionary_repair_loop__r3/.omega_rsi_runs/closed_rsi_state.json"",
  ""thdse_core_gate"": true,
  ""total_accepted"": 0,
  ""total_quarantine_exploration"": 0,
  ""total_rejected"": 3
}
",,external_code_unseen,psf/requests,Measure transfer on a sandbox fixture extracted from actual psf/requests source snippets and issue failure excerpts.,External code transfer succeeds when the loop repairs a local executable failure target derived from bounded psf/requests source and failure snippets.,1.347,0,0,6,3,0,0,python -m pytest -q,,True,f8232f1d0ef2,8820e40e8c12f69ec083df4c544f88822d7f6767baa4efc71d93402ee7f232bd,"{""buggy_source_path"": ""shared/external_repair_target.py"", ""buggy_source_sha256"": ""e091fb3f780565f4d258d4d5a3a72fc67a3f798249726053347dde4ea75d27a7"", ""copied_failure_fixture"": ""external_sandbox/failure_excerpt.txt"", ""copied_source_fixture"": ""external_sandbox/source_snippet.txt"", ""failing_test"": ""tests/test_external_code_repair_task.py::test_requests_header_none_removes_session_header_visible_case"", ""failure_excerpt_sha256"": ""3bd526e1c1acd6c1247d5c2bc5922ba0fe37bf52c329d978674044d6632ac2d2"", ""field_name"": ""external_requests_code_signals"", ""field_values"": [""merge_setting_none_header"", ""merge_setting"", ""merge_hooks"", ""src"", ""requests"", ""sessions"", ""session"", ""headers""], ""fixture_id"": ""external-code:psf/requests"", ""fixture_kind"": ""external_code_repair_transfer"", ""function_name"": ""merge_setting"", ""held_out_reference_sha256"": ""7e9ba034646362f98b516fa8e76957efa09aa4098fff9ee48fa67e1fbe61497d"", ""held_out_reference_span_sha256"": [""0da01aa1df1d7458d5c64fd7bdf8f3d2a71ae989e265aacd3c434f632585ce17""], ""hidden_counterexample_family"": ""requests_merge_setting_none_removal"", ""issue_task_id"": ""github:psf/requests#4965"", ""issue_title"": ""Request-level None headers should remove inherited session headers"", ""issue_url"": ""https://github.com/psf/requests/issues/1921"", ""ported_external_symbol"": ""requests.sessions.merge_setting"", ""quarantine_paths"": ["".external_code_quarantine/requests_merge_setting_reference.sha256""], ""repair_target"": ""shared/external_repair_target.py"", ""repair_test"": ""tests/test_external_code_repair_task.py"", ""safety_controls"": [""actual_buggy_source_excerpt"", ""bounded_source_excerpt"", ""bounded_failure_excerpt"", ""source_url_provenance"", ""disposable_repo_execution_only"", ""local_executable_repair_task"", ""quarantined_reference_fix_hash_only"", ""seeded_hidden_counterexamples_after_patch"", ""verbatim_reference_span_rejection"", ""quarantine_path_touch_rejection"", ""full_pytest_required""], ""source_commit_sha"": ""cd90742ed94d901759e26766197d0ce7c7bd9c8e"", ""source_file_path"": ""src/requests/sessions.py"", ""source_ref"": ""main"", ""source_repository"": ""psf/requests"", ""source_snippet_sha256"": ""4b0fdea45f0aca37fa69a3c0f4fd350134135ce7e397ecb311efc9eef0de04d9"", ""source_symbols"": [""merge_setting"", ""merge_hooks"", ""src"", ""requests"", ""sessions""], ""source_url"": ""https://raw.githubusercontent.com/psf/requests/main/src/requests/sessions.py""}",requests_merge_setting_none_removal,True
external_requests_code_transfer_repo,"Executable psf/requests merge_setting bug port with buggy source, visible failing test, quarantined reference hash, and hidden seed-derived cases.",external_requests_code_failure_fixture_query,ci_only_validation,baseline_ci_only,Baseline: run validation without candidate generation or code patching.,3,f8232f1d0ef2,1,0.132,0,0,0.0,0,,False,0,0.132,0,/tmp/rsi_experiments_o8w6nkxd/external_requests_code_transfer_repo__external_requests_code_failure_fixture_query__ci_only_validation__r3/.omega_rsi_runs/closed_rsi_summary.json,"F                                                                        [100%]
=================================== FAILURES ===================================
________ test_requests_header_none_removes_session_header_visible_case _________

    def test_requests_header_none_removes_session_header_visible_case():
        failure_text = (Path.cwd() / ""external_sandbox"" / ""failure_excerpt.txt"").read_text(encoding=""utf-8"")
        session_headers = {""User-Agent"": ""session-agent"", ""Accept"": ""application/json""}
        request_headers = {""User-Agent"": None, ""Content-Type"": ""text/plain""}
    
        merged = merge_setting(request_headers, session_headers)
    
        assert failure_text
>       assert ""User-Agent"" not in merged
E       AssertionError: assert 'User-Agent' not in OrderedDict([('User-Agent', None), ('Accept', 'application/json'), ('Content-Type', 'text/plain')])

tests/test_external_code_repair_task.py:14: AssertionError
=========================== short test summary info ============================
FAILED tests/test_external_code_repair_task.py::test_requests_header_none_removes_session_header_visible_case - AssertionError: assert 'User-Agent' not in OrderedDict([('User-Agent', None), ('Accept', 'application/json'), ('Content-Type', 'text/plain')])
1 failed in 0.01s
",,external_code_unseen,psf/requests,Measure transfer on a sandbox fixture extracted from actual psf/requests source snippets and issue failure excerpts.,External code transfer succeeds when the loop repairs a local executable failure target derived from bounded psf/requests source and failure snippets.,0,0,0,0,0,0,0,python -m pytest -q,1,True,f8232f1d0ef2,1812de4d3bbc7afb5c7ca84c3d8161e2b17bc99c0f09718d5786e32ae906e5bd,"{""buggy_source_path"": ""shared/external_repair_target.py"", ""buggy_source_sha256"": ""e091fb3f780565f4d258d4d5a3a72fc67a3f798249726053347dde4ea75d27a7"", ""copied_failure_fixture"": ""external_sandbox/failure_excerpt.txt"", ""copied_source_fixture"": ""external_sandbox/source_snippet.txt"", ""failing_test"": ""tests/test_external_code_repair_task.py::test_requests_header_none_removes_session_header_visible_case"", ""failure_excerpt_sha256"": ""3bd526e1c1acd6c1247d5c2bc5922ba0fe37bf52c329d978674044d6632ac2d2"", ""field_name"": ""external_requests_code_signals"", ""field_values"": [""merge_setting_none_header"", ""merge_setting"", ""merge_hooks"", ""src"", ""requests"", ""sessions"", ""session"", ""headers""], ""fixture_id"": ""external-code:psf/requests"", ""fixture_kind"": ""external_code_repair_transfer"", ""function_name"": ""merge_setting"", ""held_out_reference_sha256"": ""7e9ba034646362f98b516fa8e76957efa09aa4098fff9ee48fa67e1fbe61497d"", ""held_out_reference_span_sha256"": [""0da01aa1df1d7458d5c64fd7bdf8f3d2a71ae989e265aacd3c434f632585ce17""], ""hidden_counterexample_family"": ""requests_merge_setting_none_removal"", ""issue_task_id"": ""github:psf/requests#4965"", ""issue_title"": ""Request-level None headers should remove inherited session headers"", ""issue_url"": ""https://github.com/psf/requests/issues/1921"", ""ported_external_symbol"": ""requests.sessions.merge_setting"", ""quarantine_paths"": ["".external_code_quarantine/requests_merge_setting_reference.sha256""], ""repair_target"": ""shared/external_repair_target.py"", ""repair_test"": ""tests/test_external_code_repair_task.py"", ""safety_controls"": [""actual_buggy_source_excerpt"", ""bounded_source_excerpt"", ""bounded_failure_excerpt"", ""source_url_provenance"", ""disposable_repo_execution_only"", ""local_executable_repair_task"", ""quarantined_reference_fix_hash_only"", ""seeded_hidden_counterexamples_after_patch"", ""verbatim_reference_span_rejection"", ""quarantine_path_touch_rejection"", ""full_pytest_required""], ""source_commit_sha"": ""cd90742ed94d901759e26766197d0ce7c7bd9c8e"", ""source_file_path"": ""src/requests/sessions.py"", ""source_ref"": ""main"", ""source_repository"": ""psf/requests"", ""source_snippet_sha256"": ""4b0fdea45f0aca37fa69a3c0f4fd350134135ce7e397ecb311efc9eef0de04d9"", ""source_symbols"": [""merge_setting"", ""merge_hooks"", ""src"", ""requests"", ""sessions""], ""source_url"": ""https://raw.githubusercontent.com/psf/requests/main/src/requests/sessions.py""}",requests_merge_setting_none_removal,True
external_requests_code_transfer_repo,"Executable psf/requests merge_setting bug port with buggy source, visible failing test, quarantined reference hash, and hidden seed-derived cases.",external_requests_code_failure_fixture_query,verified_closed_loop,proposed,"Full loop: candidate generation, patching, rollback, persistence, root broad gate, and THDSE core gate.",4,75eb932b5bc8,0,5.238,3,2,0.6,0,,True,3,5.238,5,/tmp/rsi_experiments_o8w6nkxd/external_requests_code_transfer_repo__external_requests_code_failure_fixture_query__verified_closed_loop__r4/.omega_rsi_runs/closed_rsi_summary.json,"e_setting_user_agent_casefold"",
          ""rationale"": ""Reusable primitive for external_code_repair benchmark tasks."",
          ""target_surface"": ""shared/capability_primitives.py"",
          ""validation_plan"": {
            ""commands"": [
              [
                ""python"",
                ""-m"",
                ""pytest"",
                ""-q"",
                ""tests/test_capability_external_code_repair_operator_v1.py""
              ]
            ],
            ""expected_signals"": [
              ""public_counterexample_passes"",
              ""hidden_transfer_case_passes"",
              ""no_broad_regression_gate_failure""
            ],
            ""name"": ""validate_merge_setting_user_agent_casefold""
          }
        },
        {
          ""family"": ""external_code_repair"",
          ""kind"": ""search_heuristic"",
          ""name"": ""prefer_merge_setting_user_agent_casefold_reuse"",
          ""rationale"": ""Rank exact capability repair operators ahead of unrelated schema repairs."",
          ""target_surface"": ""scripts/closed_recursive_self_improvement_loop.py"",
          ""validation_plan"": {
            ""commands"": [
              [
                ""python"",
                ""-m"",
                ""pytest"",
                ""-q"",
                ""tests/test_capability_external_code_repair_operator_v1.py""
              ]
            ],
            ""expected_signals"": [
              ""public_counterexample_passes"",
              ""hidden_transfer_case_passes"",
              ""no_broad_regression_gate_failure""
            ],
            ""name"": ""validate_merge_setting_user_agent_casefold""
          }
        },
        {
          ""family"": ""external_code_repair"",
          ""kind"": ""evaluator_mutation"",
          ""name"": ""merge_setting_user_agent_casefold_hidden_transfer_case"",
          ""rationale"": ""Add a held-out case that checks transfer beyond the public example."",
          ""target_surface"": ""shared/capability_benchmarks.py"",
          ""validation_plan"": {
            ""commands"": [
              [
                ""python"",
                ""-m"",
                ""pytest"",
                ""-q"",
                ""tests/test_capability_external_code_repair_operator_v1.py""
              ]
            ],
            ""expected_signals"": [
              ""public_counterexample_passes"",
              ""hidden_transfer_case_passes"",
              ""no_broad_regression_gate_failure""
            ],
            ""name"": ""validate_merge_setting_user_agent_casefold""
          }
        },
        {
          ""family"": ""external_code_repair"",
          ""kind"": ""counterexample_test"",
          ""name"": ""test_merge_setting_user_agent_casefold_counterexample"",
          ""rationale"": ""Lock the primitive with public and hidden transfer counterexamples."",
          ""target_surface"": ""tests/test_capability_external_code_repair_operator_v1.py"",
          ""validation_plan"": {
            ""commands"": [
              [
                ""python"",
                ""-m"",
                ""pytest"",
                ""-q"",
                ""tests/test_capability_external_code_repair_operator_v1.py""
              ]
            ],
            ""expected_signals"": [
              ""public_counterexample_passes"",
              ""hidden_transfer_case_passes"",
              ""no_broad_regression_gate_failure""
            ],
            ""name"": ""validate_merge_setting_user_agent_casefold""
          }
        }
      ],
      ""promoted"": false,
      ""quarantine"": false,
      ""started_at"": ""2026-06-03T12:49:55Z"",
      ""target_path"": ""shared/external_repair_target.py"",
      ""test_path"": ""tests/test_external_code_repair_task.py""
    }
  ],
  ""rollback"": true,
  ""solved_new_tasks"": 0,
  ""state_path"": ""/tmp/rsi_experiments_o8w6nkxd/external_requests_code_transfer_repo__external_requests_code_failure_fixture_query__verified_closed_loop__r4/.omega_rsi_runs/closed_rsi_state.json"",
  ""thdse_core_gate"": true,
  ""total_accepted"": 3,
  ""total_quarantine_exploration"": 2,
  ""total_rejected"": 2
}
",,external_code_unseen,psf/requests,Measure transfer on a sandbox fixture extracted from actual psf/requests source snippets and issue failure excerpts.,External code transfer succeeds when the loop repairs a local executable failure target derived from bounded psf/requests source and failure snippets.,2.245,0,0,10,2,2,0,python -m pytest -q,0,True,75eb932b5bc8,67f0efeb628ebb7b6e3263a7ef6deaf89a2afc086258424cbed7cd730edd4e61,"{""buggy_source_path"": ""shared/external_repair_target.py"", ""buggy_source_sha256"": ""e091fb3f780565f4d258d4d5a3a72fc67a3f798249726053347dde4ea75d27a7"", ""copied_failure_fixture"": ""external_sandbox/failure_excerpt.txt"", ""copied_source_fixture"": ""external_sandbox/source_snippet.txt"", ""failing_test"": ""tests/test_external_code_repair_task.py::test_requests_header_none_removes_session_header_visible_case"", ""failure_excerpt_sha256"": ""3bd526e1c1acd6c1247d5c2bc5922ba0fe37bf52c329d978674044d6632ac2d2"", ""field_name"": ""external_requests_code_signals"", ""field_values"": [""merge_setting_none_header"", ""merge_setting"", ""merge_hooks"", ""src"", ""requests"", ""sessions"", ""session"", ""headers""], ""fixture_id"": ""external-code:psf/requests"", ""fixture_kind"": ""external_code_repair_transfer"", ""function_name"": ""merge_setting"", ""held_out_reference_sha256"": ""7e9ba034646362f98b516fa8e76957efa09aa4098fff9ee48fa67e1fbe61497d"", ""held_out_reference_span_sha256"": [""0da01aa1df1d7458d5c64fd7bdf8f3d2a71ae989e265aacd3c434f632585ce17""], ""hidden_counterexample_family"": ""requests_merge_setting_none_removal"", ""issue_task_id"": ""github:psf/requests#4965"", ""issue_title"": ""Request-level None headers should remove inherited session headers"", ""issue_url"": ""https://github.com/psf/requests/issues/1921"", ""ported_external_symbol"": ""requests.sessions.merge_setting"", ""quarantine_paths"": ["".external_code_quarantine/requests_merge_setting_reference.sha256""], ""repair_target"": ""shared/external_repair_target.py"", ""repair_test"": ""tests/test_external_code_repair_task.py"", ""safety_controls"": [""actual_buggy_source_excerpt"", ""bounded_source_excerpt"", ""bounded_failure_excerpt"", ""source_url_provenance"", ""disposable_repo_execution_only"", ""local_executable_repair_task"", ""quarantined_reference_fix_hash_only"", ""seeded_hidden_counterexamples_after_patch"", ""verbatim_reference_span_rejection"", ""quarantine_path_touch_rejection"", ""full_pytest_required""], ""source_commit_sha"": ""cd90742ed94d901759e26766197d0ce7c7bd9c8e"", ""source_file_path"": ""src/requests/sessions.py"", ""source_ref"": ""main"", ""source_repository"": ""psf/requests"", ""source_snippet_sha256"": ""4b0fdea45f0aca37fa69a3c0f4fd350134135ce7e397ecb311efc9eef0de04d9"", ""source_symbols"": [""merge_setting"", ""merge_hooks"", ""src"", ""requests"", ""sessions""], ""source_url"": ""https://raw.githubusercontent.com/psf/requests/main/src/requests/sessions.py""}",requests_merge_setting_none_removal,True
external_requests_code_transfer_repo,"Executable psf/requests merge_setting bug port with buggy source, visible failing test, quarantined reference hash, and hidden seed-derived cases.",external_requests_code_failure_fixture_query,agent_coding_loop,baseline_agent_coding_loop,Baseline: single-pass automated coding loop with validation but without persistent recursive depth.,4,75eb932b5bc8,0,0.475,0,1,0.0,0,True,False,0,0.475,0,/tmp/rsi_experiments_o8w6nkxd/external_requests_code_transfer_repo__external_requests_code_failure_fixture_query__agent_coding_loop__r4/.omega_rsi_runs/closed_rsi_summary.json,"        ""kind"": ""solver_primitive"",
          ""name"": ""merge_setting_visible_only"",
          ""rationale"": ""Reusable primitive for external_code_repair benchmark tasks."",
          ""target_surface"": ""shared/capability_primitives.py"",
          ""validation_plan"": {
            ""commands"": [
              [
                ""python"",
                ""-m"",
                ""pytest"",
                ""-q"",
                ""tests/test_capability_external_code_repair_operator_v1.py""
              ]
            ],
            ""expected_signals"": [
              ""public_counterexample_passes"",
              ""hidden_transfer_case_passes"",
              ""no_broad_regression_gate_failure""
            ],
            ""name"": ""validate_merge_setting_visible_only""
          }
        },
        {
          ""family"": ""external_code_repair"",
          ""kind"": ""search_heuristic"",
          ""name"": ""prefer_merge_setting_visible_only_reuse"",
          ""rationale"": ""Rank exact capability repair operators ahead of unrelated schema repairs."",
          ""target_surface"": ""scripts/closed_recursive_self_improvement_loop.py"",
          ""validation_plan"": {
            ""commands"": [
              [
                ""python"",
                ""-m"",
                ""pytest"",
                ""-q"",
                ""tests/test_capability_external_code_repair_operator_v1.py""
              ]
            ],
            ""expected_signals"": [
              ""public_counterexample_passes"",
              ""hidden_transfer_case_passes"",
              ""no_broad_regression_gate_failure""
            ],
            ""name"": ""validate_merge_setting_visible_only""
          }
        },
        {
          ""family"": ""external_code_repair"",
          ""kind"": ""evaluator_mutation"",
          ""name"": ""merge_setting_visible_only_hidden_transfer_case"",
          ""rationale"": ""Add a held-out case that checks transfer beyond the public example."",
          ""target_surface"": ""shared/capability_benchmarks.py"",
          ""validation_plan"": {
            ""commands"": [
              [
                ""python"",
                ""-m"",
                ""pytest"",
                ""-q"",
                ""tests/test_capability_external_code_repair_operator_v1.py""
              ]
            ],
            ""expected_signals"": [
              ""public_counterexample_passes"",
              ""hidden_transfer_case_passes"",
              ""no_broad_regression_gate_failure""
            ],
            ""name"": ""validate_merge_setting_visible_only""
          }
        },
        {
          ""family"": ""external_code_repair"",
          ""kind"": ""counterexample_test"",
          ""name"": ""test_merge_setting_visible_only_counterexample"",
          ""rationale"": ""Lock the primitive with public and hidden transfer counterexamples."",
          ""target_surface"": ""tests/test_capability_external_code_repair_operator_v1.py"",
          ""validation_plan"": {
            ""commands"": [
              [
                ""python"",
                ""-m"",
                ""pytest"",
                ""-q"",
                ""tests/test_capability_external_code_repair_operator_v1.py""
              ]
            ],
            ""expected_signals"": [
              ""public_counterexample_passes"",
              ""hidden_transfer_case_passes"",
              ""no_broad_regression_gate_failure""
            ],
            ""name"": ""validate_merge_setting_visible_only""
          }
        }
      ],
      ""promoted"": false,
      ""quarantine"": false,
      ""started_at"": ""2026-06-03T12:50:00Z"",
      ""target_path"": ""shared/external_repair_target.py"",
      ""test_path"": ""tests/test_external_code_repair_task.py""
    }
  ],
  ""rollback"": true,
  ""solved_new_tasks"": 0,
  ""state_path"": ""/tmp/rsi_experiments_o8w6nkxd/external_requests_code_transfer_repo__external_requests_code_failure_fixture_query__agent_coding_loop__r4/.omega_rsi_runs/closed_rsi_state.json"",
  ""thdse_core_gate"": true,
  ""total_accepted"": 0,
  ""total_quarantine_exploration"": 0,
  ""total_rejected"": 1
}
",,external_code_unseen,psf/requests,Measure transfer on a sandbox fixture extracted from actual psf/requests source snippets and issue failure excerpts.,External code transfer succeeds when the loop repairs a local executable failure target derived from bounded psf/requests source and failure snippets.,0.449,0,0,2,1,0,0,python -m pytest -q,,True,75eb932b5bc8,19895a9e2165a8628823bc9fdc6bf3b7c20c111b72e68ba87e6f7a280c51f279,"{""buggy_source_path"": ""shared/external_repair_target.py"", ""buggy_source_sha256"": ""e091fb3f780565f4d258d4d5a3a72fc67a3f798249726053347dde4ea75d27a7"", ""copied_failure_fixture"": ""external_sandbox/failure_excerpt.txt"", ""copied_source_fixture"": ""external_sandbox/source_snippet.txt"", ""failing_test"": ""tests/test_external_code_repair_task.py::test_requests_header_none_removes_session_header_visible_case"", ""failure_excerpt_sha256"": ""3bd526e1c1acd6c1247d5c2bc5922ba0fe37bf52c329d978674044d6632ac2d2"", ""field_name"": ""external_requests_code_signals"", ""field_values"": [""merge_setting_none_header"", ""merge_setting"", ""merge_hooks"", ""src"", ""requests"", ""sessions"", ""session"", ""headers""], ""fixture_id"": ""external-code:psf/requests"", ""fixture_kind"": ""external_code_repair_transfer"", ""function_name"": ""merge_setting"", ""held_out_reference_sha256"": ""7e9ba034646362f98b516fa8e76957efa09aa4098fff9ee48fa67e1fbe61497d"", ""held_out_reference_span_sha256"": [""0da01aa1df1d7458d5c64fd7bdf8f3d2a71ae989e265aacd3c434f632585ce17""], ""hidden_counterexample_family"": ""requests_merge_setting_none_removal"", ""issue_task_id"": ""github:psf/requests#4965"", ""issue_title"": ""Request-level None headers should remove inherited session headers"", ""issue_url"": ""https://github.com/psf/requests/issues/1921"", ""ported_external_symbol"": ""requests.sessions.merge_setting"", ""quarantine_paths"": ["".external_code_quarantine/requests_merge_setting_reference.sha256""], ""repair_target"": ""shared/external_repair_target.py"", ""repair_test"": ""tests/test_external_code_repair_task.py"", ""safety_controls"": [""actual_buggy_source_excerpt"", ""bounded_source_excerpt"", ""bounded_failure_excerpt"", ""source_url_provenance"", ""disposable_repo_execution_only"", ""local_executable_repair_task"", ""quarantined_reference_fix_hash_only"", ""seeded_hidden_counterexamples_after_patch"", ""verbatim_reference_span_rejection"", ""quarantine_path_touch_rejection"", ""full_pytest_required""], ""source_commit_sha"": ""cd90742ed94d901759e26766197d0ce7c7bd9c8e"", ""source_file_path"": ""src/requests/sessions.py"", ""source_ref"": ""main"", ""source_repository"": ""psf/requests"", ""source_snippet_sha256"": ""4b0fdea45f0aca37fa69a3c0f4fd350134135ce7e397ecb311efc9eef0de04d9"", ""source_symbols"": [""merge_setting"", ""merge_hooks"", ""src"", ""requests"", ""sessions""], ""source_url"": ""https://raw.githubusercontent.com/psf/requests/main/src/requests/sessions.py""}",requests_merge_setting_none_removal,True
external_requests_code_transfer_repo,"Executable psf/requests merge_setting bug port with buggy source, visible failing test, quarantined reference hash, and hidden seed-derived cases.",external_requests_code_failure_fixture_query,evolutionary_repair_loop,baseline_evolutionary_repair_loop,Baseline: retry candidate repair loop with the same safety gates but without recursive quarantine search or persistent self-policy depth.,4,75eb932b5bc8,0,1.336,0,3,0.0,0,True,False,0,1.336,0,/tmp/rsi_experiments_o8w6nkxd/external_requests_code_transfer_repo__external_requests_code_failure_fixture_query__evolutionary_repair_loop__r4/.omega_rsi_runs/closed_rsi_summary.json,"pair"",
          ""kind"": ""solver_primitive"",
          ""name"": ""merge_setting_empty_only"",
          ""rationale"": ""Reusable primitive for external_code_repair benchmark tasks."",
          ""target_surface"": ""shared/capability_primitives.py"",
          ""validation_plan"": {
            ""commands"": [
              [
                ""python"",
                ""-m"",
                ""pytest"",
                ""-q"",
                ""tests/test_capability_external_code_repair_operator_v1.py""
              ]
            ],
            ""expected_signals"": [
              ""public_counterexample_passes"",
              ""hidden_transfer_case_passes"",
              ""no_broad_regression_gate_failure""
            ],
            ""name"": ""validate_merge_setting_empty_only""
          }
        },
        {
          ""family"": ""external_code_repair"",
          ""kind"": ""search_heuristic"",
          ""name"": ""prefer_merge_setting_empty_only_reuse"",
          ""rationale"": ""Rank exact capability repair operators ahead of unrelated schema repairs."",
          ""target_surface"": ""scripts/closed_recursive_self_improvement_loop.py"",
          ""validation_plan"": {
            ""commands"": [
              [
                ""python"",
                ""-m"",
                ""pytest"",
                ""-q"",
                ""tests/test_capability_external_code_repair_operator_v1.py""
              ]
            ],
            ""expected_signals"": [
              ""public_counterexample_passes"",
              ""hidden_transfer_case_passes"",
              ""no_broad_regression_gate_failure""
            ],
            ""name"": ""validate_merge_setting_empty_only""
          }
        },
        {
          ""family"": ""external_code_repair"",
          ""kind"": ""evaluator_mutation"",
          ""name"": ""merge_setting_empty_only_hidden_transfer_case"",
          ""rationale"": ""Add a held-out case that checks transfer beyond the public example."",
          ""target_surface"": ""shared/capability_benchmarks.py"",
          ""validation_plan"": {
            ""commands"": [
              [
                ""python"",
                ""-m"",
                ""pytest"",
                ""-q"",
                ""tests/test_capability_external_code_repair_operator_v1.py""
              ]
            ],
            ""expected_signals"": [
              ""public_counterexample_passes"",
              ""hidden_transfer_case_passes"",
              ""no_broad_regression_gate_failure""
            ],
            ""name"": ""validate_merge_setting_empty_only""
          }
        },
        {
          ""family"": ""external_code_repair"",
          ""kind"": ""counterexample_test"",
          ""name"": ""test_merge_setting_empty_only_counterexample"",
          ""rationale"": ""Lock the primitive with public and hidden transfer counterexamples."",
          ""target_surface"": ""tests/test_capability_external_code_repair_operator_v1.py"",
          ""validation_plan"": {
            ""commands"": [
              [
                ""python"",
                ""-m"",
                ""pytest"",
                ""-q"",
                ""tests/test_capability_external_code_repair_operator_v1.py""
              ]
            ],
            ""expected_signals"": [
              ""public_counterexample_passes"",
              ""hidden_transfer_case_passes"",
              ""no_broad_regression_gate_failure""
            ],
            ""name"": ""validate_merge_setting_empty_only""
          }
        }
      ],
      ""promoted"": false,
      ""quarantine"": false,
      ""started_at"": ""2026-06-03T12:50:01Z"",
      ""target_path"": ""shared/external_repair_target.py"",
      ""test_path"": ""tests/test_external_code_repair_task.py""
    }
  ],
  ""rollback"": true,
  ""solved_new_tasks"": 0,
  ""state_path"": ""/tmp/rsi_experiments_o8w6nkxd/external_requests_code_transfer_repo__external_requests_code_failure_fixture_query__evolutionary_repair_loop__r4/.omega_rsi_runs/closed_rsi_state.json"",
  ""thdse_core_gate"": true,
  ""total_accepted"": 0,
  ""total_quarantine_exploration"": 0,
  ""total_rejected"": 3
}
",,external_code_unseen,psf/requests,Measure transfer on a sandbox fixture extracted from actual psf/requests source snippets and issue failure excerpts.,External code transfer succeeds when the loop repairs a local executable failure target derived from bounded psf/requests source and failure snippets.,1.347,0,0,6,3,0,0,python -m pytest -q,,True,75eb932b5bc8,e556d9b1d94f094444ee5bfdf0617cdc1a92155a324dce182aaef3eb64635958,"{""buggy_source_path"": ""shared/external_repair_target.py"", ""buggy_source_sha256"": ""e091fb3f780565f4d258d4d5a3a72fc67a3f798249726053347dde4ea75d27a7"", ""copied_failure_fixture"": ""external_sandbox/failure_excerpt.txt"", ""copied_source_fixture"": ""external_sandbox/source_snippet.txt"", ""failing_test"": ""tests/test_external_code_repair_task.py::test_requests_header_none_removes_session_header_visible_case"", ""failure_excerpt_sha256"": ""3bd526e1c1acd6c1247d5c2bc5922ba0fe37bf52c329d978674044d6632ac2d2"", ""field_name"": ""external_requests_code_signals"", ""field_values"": [""merge_setting_none_header"", ""merge_setting"", ""merge_hooks"", ""src"", ""requests"", ""sessions"", ""session"", ""headers""], ""fixture_id"": ""external-code:psf/requests"", ""fixture_kind"": ""external_code_repair_transfer"", ""function_name"": ""merge_setting"", ""held_out_reference_sha256"": ""7e9ba034646362f98b516fa8e76957efa09aa4098fff9ee48fa67e1fbe61497d"", ""held_out_reference_span_sha256"": [""0da01aa1df1d7458d5c64fd7bdf8f3d2a71ae989e265aacd3c434f632585ce17""], ""hidden_counterexample_family"": ""requests_merge_setting_none_removal"", ""issue_task_id"": ""github:psf/requests#4965"", ""issue_title"": ""Request-level None headers should remove inherited session headers"", ""issue_url"": ""https://github.com/psf/requests/issues/1921"", ""ported_external_symbol"": ""requests.sessions.merge_setting"", ""quarantine_paths"": ["".external_code_quarantine/requests_merge_setting_reference.sha256""], ""repair_target"": ""shared/external_repair_target.py"", ""repair_test"": ""tests/test_external_code_repair_task.py"", ""safety_controls"": [""actual_buggy_source_excerpt"", ""bounded_source_excerpt"", ""bounded_failure_excerpt"", ""source_url_provenance"", ""disposable_repo_execution_only"", ""local_executable_repair_task"", ""quarantined_reference_fix_hash_only"", ""seeded_hidden_counterexamples_after_patch"", ""verbatim_reference_span_rejection"", ""quarantine_path_touch_rejection"", ""full_pytest_required""], ""source_commit_sha"": ""cd90742ed94d901759e26766197d0ce7c7bd9c8e"", ""source_file_path"": ""src/requests/sessions.py"", ""source_ref"": ""main"", ""source_repository"": ""psf/requests"", ""source_snippet_sha256"": ""4b0fdea45f0aca37fa69a3c0f4fd350134135ce7e397ecb311efc9eef0de04d9"", ""source_symbols"": [""merge_setting"", ""merge_hooks"", ""src"", ""requests"", ""sessions""], ""source_url"": ""https://raw.githubusercontent.com/psf/requests/main/src/requests/sessions.py""}",requests_merge_setting_none_removal,True
external_requests_code_transfer_repo,"Executable psf/requests merge_setting bug port with buggy source, visible failing test, quarantined reference hash, and hidden seed-derived cases.",external_requests_code_failure_fixture_query,ci_only_validation,baseline_ci_only,Baseline: run validation without candidate generation or code patching.,4,75eb932b5bc8,1,0.143,0,0,0.0,0,,False,0,0.143,0,/tmp/rsi_experiments_o8w6nkxd/external_requests_code_transfer_repo__external_requests_code_failure_fixture_query__ci_only_validation__r4/.omega_rsi_runs/closed_rsi_summary.json,"F                                                                        [100%]
=================================== FAILURES ===================================
________ test_requests_header_none_removes_session_header_visible_case _________

    def test_requests_header_none_removes_session_header_visible_case():
        failure_text = (Path.cwd() / ""external_sandbox"" / ""failure_excerpt.txt"").read_text(encoding=""utf-8"")
        session_headers = {""User-Agent"": ""session-agent"", ""Accept"": ""application/json""}
        request_headers = {""User-Agent"": None, ""Content-Type"": ""text/plain""}
    
        merged = merge_setting(request_headers, session_headers)
    
        assert failure_text
>       assert ""User-Agent"" not in merged
E       AssertionError: assert 'User-Agent' not in OrderedDict([('User-Agent', None), ('Accept', 'application/json'), ('Content-Type', 'text/plain')])

tests/test_external_code_repair_task.py:14: AssertionError
=========================== short test summary info ============================
FAILED tests/test_external_code_repair_task.py::test_requests_header_none_removes_session_header_visible_case - AssertionError: assert 'User-Agent' not in OrderedDict([('User-Agent', None), ('Accept', 'application/json'), ('Content-Type', 'text/plain')])
1 failed in 0.01s
",,external_code_unseen,psf/requests,Measure transfer on a sandbox fixture extracted from actual psf/requests source snippets and issue failure excerpts.,External code transfer succeeds when the loop repairs a local executable failure target derived from bounded psf/requests source and failure snippets.,0,0,0,0,0,0,0,python -m pytest -q,1,True,75eb932b5bc8,bf10cf96995d531f15e85471f916c2181e7e2c191eefcbab89b9344c36e73fa6,"{""buggy_source_path"": ""shared/external_repair_target.py"", ""buggy_source_sha256"": ""e091fb3f780565f4d258d4d5a3a72fc67a3f798249726053347dde4ea75d27a7"", ""copied_failure_fixture"": ""external_sandbox/failure_excerpt.txt"", ""copied_source_fixture"": ""external_sandbox/source_snippet.txt"", ""failing_test"": ""tests/test_external_code_repair_task.py::test_requests_header_none_removes_session_header_visible_case"", ""failure_excerpt_sha256"": ""3bd526e1c1acd6c1247d5c2bc5922ba0fe37bf52c329d978674044d6632ac2d2"", ""field_name"": ""external_requests_code_signals"", ""field_values"": [""merge_setting_none_header"", ""merge_setting"", ""merge_hooks"", ""src"", ""requests"", ""sessions"", ""session"", ""headers""], ""fixture_id"": ""external-code:psf/requests"", ""fixture_kind"": ""external_code_repair_transfer"", ""function_name"": ""merge_setting"", ""held_out_reference_sha256"": ""7e9ba034646362f98b516fa8e76957efa09aa4098fff9ee48fa67e1fbe61497d"", ""held_out_reference_span_sha256"": [""0da01aa1df1d7458d5c64fd7bdf8f3d2a71ae989e265aacd3c434f632585ce17""], ""hidden_counterexample_family"": ""requests_merge_setting_none_removal"", ""issue_task_id"": ""github:psf/requests#4965"", ""issue_title"": ""Request-level None headers should remove inherited session headers"", ""issue_url"": ""https://github.com/psf/requests/issues/1921"", ""ported_external_symbol"": ""requests.sessions.merge_setting"", ""quarantine_paths"": ["".external_code_quarantine/requests_merge_setting_reference.sha256""], ""repair_target"": ""shared/external_repair_target.py"", ""repair_test"": ""tests/test_external_code_repair_task.py"", ""safety_controls"": [""actual_buggy_source_excerpt"", ""bounded_source_excerpt"", ""bounded_failure_excerpt"", ""source_url_provenance"", ""disposable_repo_execution_only"", ""local_executable_repair_task"", ""quarantined_reference_fix_hash_only"", ""seeded_hidden_counterexamples_after_patch"", ""verbatim_reference_span_rejection"", ""quarantine_path_touch_rejection"", ""full_pytest_required""], ""source_commit_sha"": ""cd90742ed94d901759e26766197d0ce7c7bd9c8e"", ""source_file_path"": ""src/requests/sessions.py"", ""source_ref"": ""main"", ""source_repository"": ""psf/requests"", ""source_snippet_sha256"": ""4b0fdea45f0aca37fa69a3c0f4fd350134135ce7e397ecb311efc9eef0de04d9"", ""source_symbols"": [""merge_setting"", ""merge_hooks"", ""src"", ""requests"", ""sessions""], ""source_url"": ""https://raw.githubusercontent.com/psf/requests/main/src/requests/sessions.py""}",requests_merge_setting_none_removal,True
external_requests_code_transfer_repo,"Executable psf/requests merge_setting bug port with buggy source, visible failing test, quarantined reference hash, and hidden seed-derived cases.",external_requests_code_failure_fixture_query,verified_closed_loop,proposed,"Full loop: candidate generation, patching, rollback, persistence, root broad gate, and THDSE core gate.",5,b264c9c0f054,0,4.443,3,1,0.75,0,,True,3,4.443,5,/tmp/rsi_experiments_o8w6nkxd/external_requests_code_transfer_repo__external_requests_code_failure_fixture_query__verified_closed_loop__r5/.omega_rsi_runs/closed_rsi_summary.json,""": ""merge_setting_visible_header_set"",
          ""rationale"": ""Reusable primitive for external_code_repair benchmark tasks."",
          ""target_surface"": ""shared/capability_primitives.py"",
          ""validation_plan"": {
            ""commands"": [
              [
                ""python"",
                ""-m"",
                ""pytest"",
                ""-q"",
                ""tests/test_capability_external_code_repair_operator_v1.py""
              ]
            ],
            ""expected_signals"": [
              ""public_counterexample_passes"",
              ""hidden_transfer_case_passes"",
              ""no_broad_regression_gate_failure""
            ],
            ""name"": ""validate_merge_setting_visible_header_set""
          }
        },
        {
          ""family"": ""external_code_repair"",
          ""kind"": ""search_heuristic"",
          ""name"": ""prefer_merge_setting_visible_header_set_reuse"",
          ""rationale"": ""Rank exact capability repair operators ahead of unrelated schema repairs."",
          ""target_surface"": ""scripts/closed_recursive_self_improvement_loop.py"",
          ""validation_plan"": {
            ""commands"": [
              [
                ""python"",
                ""-m"",
                ""pytest"",
                ""-q"",
                ""tests/test_capability_external_code_repair_operator_v1.py""
              ]
            ],
            ""expected_signals"": [
              ""public_counterexample_passes"",
              ""hidden_transfer_case_passes"",
              ""no_broad_regression_gate_failure""
            ],
            ""name"": ""validate_merge_setting_visible_header_set""
          }
        },
        {
          ""family"": ""external_code_repair"",
          ""kind"": ""evaluator_mutation"",
          ""name"": ""merge_setting_visible_header_set_hidden_transfer_case"",
          ""rationale"": ""Add a held-out case that checks transfer beyond the public example."",
          ""target_surface"": ""shared/capability_benchmarks.py"",
          ""validation_plan"": {
            ""commands"": [
              [
                ""python"",
                ""-m"",
                ""pytest"",
                ""-q"",
                ""tests/test_capability_external_code_repair_operator_v1.py""
              ]
            ],
            ""expected_signals"": [
              ""public_counterexample_passes"",
              ""hidden_transfer_case_passes"",
              ""no_broad_regression_gate_failure""
            ],
            ""name"": ""validate_merge_setting_visible_header_set""
          }
        },
        {
          ""family"": ""external_code_repair"",
          ""kind"": ""counterexample_test"",
          ""name"": ""test_merge_setting_visible_header_set_counterexample"",
          ""rationale"": ""Lock the primitive with public and hidden transfer counterexamples."",
          ""target_surface"": ""tests/test_capability_external_code_repair_operator_v1.py"",
          ""validation_plan"": {
            ""commands"": [
              [
                ""python"",
                ""-m"",
                ""pytest"",
                ""-q"",
                ""tests/test_capability_external_code_repair_operator_v1.py""
              ]
            ],
            ""expected_signals"": [
              ""public_counterexample_passes"",
              ""hidden_transfer_case_passes"",
              ""no_broad_regression_gate_failure""
            ],
            ""name"": ""validate_merge_setting_visible_header_set""
          }
        }
      ],
      ""promoted"": false,
      ""quarantine"": false,
      ""started_at"": ""2026-06-03T12:50:02Z"",
      ""target_path"": ""shared/external_repair_target.py"",
      ""test_path"": ""tests/test_external_code_repair_task.py""
    }
  ],
  ""rollback"": true,
  ""solved_new_tasks"": 0,
  ""state_path"": ""/tmp/rsi_experiments_o8w6nkxd/external_requests_code_transfer_repo__external_requests_code_failure_fixture_query__verified_closed_loop__r5/.omega_rsi_runs/closed_rsi_state.json"",
  ""thdse_core_gate"": true,
  ""total_accepted"": 3,
  ""total_quarantine_exploration"": 2,
  ""total_rejected"": 1
}
",,external_code_unseen,psf/requests,Measure transfer on a sandbox fixture extracted from actual psf/requests source snippets and issue failure excerpts.,External code transfer succeeds when the loop repairs a local executable failure target derived from bounded psf/requests source and failure snippets.,1.796,0,0,8,1,2,0,python -m pytest -q,0,True,b264c9c0f054,f9d7c926ffdd1076a33c3fba3f1a8a5a0b448fdd0c796001da517b21de57698a,"{""buggy_source_path"": ""shared/external_repair_target.py"", ""buggy_source_sha256"": ""e091fb3f780565f4d258d4d5a3a72fc67a3f798249726053347dde4ea75d27a7"", ""copied_failure_fixture"": ""external_sandbox/failure_excerpt.txt"", ""copied_source_fixture"": ""external_sandbox/source_snippet.txt"", ""failing_test"": ""tests/test_external_code_repair_task.py::test_requests_header_none_removes_session_header_visible_case"", ""failure_excerpt_sha256"": ""3bd526e1c1acd6c1247d5c2bc5922ba0fe37bf52c329d978674044d6632ac2d2"", ""field_name"": ""external_requests_code_signals"", ""field_values"": [""merge_setting_none_header"", ""merge_setting"", ""merge_hooks"", ""src"", ""requests"", ""sessions"", ""session"", ""headers""], ""fixture_id"": ""external-code:psf/requests"", ""fixture_kind"": ""external_code_repair_transfer"", ""function_name"": ""merge_setting"", ""held_out_reference_sha256"": ""7e9ba034646362f98b516fa8e76957efa09aa4098fff9ee48fa67e1fbe61497d"", ""held_out_reference_span_sha256"": [""0da01aa1df1d7458d5c64fd7bdf8f3d2a71ae989e265aacd3c434f632585ce17""], ""hidden_counterexample_family"": ""requests_merge_setting_none_removal"", ""issue_task_id"": ""github:psf/requests#4965"", ""issue_title"": ""Request-level None headers should remove inherited session headers"", ""issue_url"": ""https://github.com/psf/requests/issues/1921"", ""ported_external_symbol"": ""requests.sessions.merge_setting"", ""quarantine_paths"": ["".external_code_quarantine/requests_merge_setting_reference.sha256""], ""repair_target"": ""shared/external_repair_target.py"", ""repair_test"": ""tests/test_external_code_repair_task.py"", ""safety_controls"": [""actual_buggy_source_excerpt"", ""bounded_source_excerpt"", ""bounded_failure_excerpt"", ""source_url_provenance"", ""disposable_repo_execution_only"", ""local_executable_repair_task"", ""quarantined_reference_fix_hash_only"", ""seeded_hidden_counterexamples_after_patch"", ""verbatim_reference_span_rejection"", ""quarantine_path_touch_rejection"", ""full_pytest_required""], ""source_commit_sha"": ""cd90742ed94d901759e26766197d0ce7c7bd9c8e"", ""source_file_path"": ""src/requests/sessions.py"", ""source_ref"": ""main"", ""source_repository"": ""psf/requests"", ""source_snippet_sha256"": ""4b0fdea45f0aca37fa69a3c0f4fd350134135ce7e397ecb311efc9eef0de04d9"", ""source_symbols"": [""merge_setting"", ""merge_hooks"", ""src"", ""requests"", ""sessions""], ""source_url"": ""https://raw.githubusercontent.com/psf/requests/main/src/requests/sessions.py""}",requests_merge_setting_none_removal,True
external_requests_code_transfer_repo,"Executable psf/requests merge_setting bug port with buggy source, visible failing test, quarantined reference hash, and hidden seed-derived cases.",external_requests_code_failure_fixture_query,agent_coding_loop,baseline_agent_coding_loop,Baseline: single-pass automated coding loop with validation but without persistent recursive depth.,5,b264c9c0f054,0,0.462,0,1,0.0,0,True,False,0,0.462,0,/tmp/rsi_experiments_o8w6nkxd/external_requests_code_transfer_repo__external_requests_code_failure_fixture_query__agent_coding_loop__r5/.omega_rsi_runs/closed_rsi_summary.json,"ame"": ""merge_setting_visible_header_set"",
          ""rationale"": ""Reusable primitive for external_code_repair benchmark tasks."",
          ""target_surface"": ""shared/capability_primitives.py"",
          ""validation_plan"": {
            ""commands"": [
              [
                ""python"",
                ""-m"",
                ""pytest"",
                ""-q"",
                ""tests/test_capability_external_code_repair_operator_v1.py""
              ]
            ],
            ""expected_signals"": [
              ""public_counterexample_passes"",
              ""hidden_transfer_case_passes"",
              ""no_broad_regression_gate_failure""
            ],
            ""name"": ""validate_merge_setting_visible_header_set""
          }
        },
        {
          ""family"": ""external_code_repair"",
          ""kind"": ""search_heuristic"",
          ""name"": ""prefer_merge_setting_visible_header_set_reuse"",
          ""rationale"": ""Rank exact capability repair operators ahead of unrelated schema repairs."",
          ""target_surface"": ""scripts/closed_recursive_self_improvement_loop.py"",
          ""validation_plan"": {
            ""commands"": [
              [
                ""python"",
                ""-m"",
                ""pytest"",
                ""-q"",
                ""tests/test_capability_external_code_repair_operator_v1.py""
              ]
            ],
            ""expected_signals"": [
              ""public_counterexample_passes"",
              ""hidden_transfer_case_passes"",
              ""no_broad_regression_gate_failure""
            ],
            ""name"": ""validate_merge_setting_visible_header_set""
          }
        },
        {
          ""family"": ""external_code_repair"",
          ""kind"": ""evaluator_mutation"",
          ""name"": ""merge_setting_visible_header_set_hidden_transfer_case"",
          ""rationale"": ""Add a held-out case that checks transfer beyond the public example."",
          ""target_surface"": ""shared/capability_benchmarks.py"",
          ""validation_plan"": {
            ""commands"": [
              [
                ""python"",
                ""-m"",
                ""pytest"",
                ""-q"",
                ""tests/test_capability_external_code_repair_operator_v1.py""
              ]
            ],
            ""expected_signals"": [
              ""public_counterexample_passes"",
              ""hidden_transfer_case_passes"",
              ""no_broad_regression_gate_failure""
            ],
            ""name"": ""validate_merge_setting_visible_header_set""
          }
        },
        {
          ""family"": ""external_code_repair"",
          ""kind"": ""counterexample_test"",
          ""name"": ""test_merge_setting_visible_header_set_counterexample"",
          ""rationale"": ""Lock the primitive with public and hidden transfer counterexamples."",
          ""target_surface"": ""tests/test_capability_external_code_repair_operator_v1.py"",
          ""validation_plan"": {
            ""commands"": [
              [
                ""python"",
                ""-m"",
                ""pytest"",
                ""-q"",
                ""tests/test_capability_external_code_repair_operator_v1.py""
              ]
            ],
            ""expected_signals"": [
              ""public_counterexample_passes"",
              ""hidden_transfer_case_passes"",
              ""no_broad_regression_gate_failure""
            ],
            ""name"": ""validate_merge_setting_visible_header_set""
          }
        }
      ],
      ""promoted"": false,
      ""quarantine"": false,
      ""started_at"": ""2026-06-03T12:50:07Z"",
      ""target_path"": ""shared/external_repair_target.py"",
      ""test_path"": ""tests/test_external_code_repair_task.py""
    }
  ],
  ""rollback"": true,
  ""solved_new_tasks"": 0,
  ""state_path"": ""/tmp/rsi_experiments_o8w6nkxd/external_requests_code_transfer_repo__external_requests_code_failure_fixture_query__agent_coding_loop__r5/.omega_rsi_runs/closed_rsi_state.json"",
  ""thdse_core_gate"": true,
  ""total_accepted"": 0,
  ""total_quarantine_exploration"": 0,
  ""total_rejected"": 1
}
",,external_code_unseen,psf/requests,Measure transfer on a sandbox fixture extracted from actual psf/requests source snippets and issue failure excerpts.,External code transfer succeeds when the loop repairs a local executable failure target derived from bounded psf/requests source and failure snippets.,0.449,0,0,2,1,0,0,python -m pytest -q,,True,b264c9c0f054,8c0627b92f02eb66752094ce31e1db7ff07a9f27678d4e41ff4716ef2d4b91b7,"{""buggy_source_path"": ""shared/external_repair_target.py"", ""buggy_source_sha256"": ""e091fb3f780565f4d258d4d5a3a72fc67a3f798249726053347dde4ea75d27a7"", ""copied_failure_fixture"": ""external_sandbox/failure_excerpt.txt"", ""copied_source_fixture"": ""external_sandbox/source_snippet.txt"", ""failing_test"": ""tests/test_external_code_repair_task.py::test_requests_header_none_removes_session_header_visible_case"", ""failure_excerpt_sha256"": ""3bd526e1c1acd6c1247d5c2bc5922ba0fe37bf52c329d978674044d6632ac2d2"", ""field_name"": ""external_requests_code_signals"", ""field_values"": [""merge_setting_none_header"", ""merge_setting"", ""merge_hooks"", ""src"", ""requests"", ""sessions"", ""session"", ""headers""], ""fixture_id"": ""external-code:psf/requests"", ""fixture_kind"": ""external_code_repair_transfer"", ""function_name"": ""merge_setting"", ""held_out_reference_sha256"": ""7e9ba034646362f98b516fa8e76957efa09aa4098fff9ee48fa67e1fbe61497d"", ""held_out_reference_span_sha256"": [""0da01aa1df1d7458d5c64fd7bdf8f3d2a71ae989e265aacd3c434f632585ce17""], ""hidden_counterexample_family"": ""requests_merge_setting_none_removal"", ""issue_task_id"": ""github:psf/requests#4965"", ""issue_title"": ""Request-level None headers should remove inherited session headers"", ""issue_url"": ""https://github.com/psf/requests/issues/1921"", ""ported_external_symbol"": ""requests.sessions.merge_setting"", ""quarantine_paths"": ["".external_code_quarantine/requests_merge_setting_reference.sha256""], ""repair_target"": ""shared/external_repair_target.py"", ""repair_test"": ""tests/test_external_code_repair_task.py"", ""safety_controls"": [""actual_buggy_source_excerpt"", ""bounded_source_excerpt"", ""bounded_failure_excerpt"", ""source_url_provenance"", ""disposable_repo_execution_only"", ""local_executable_repair_task"", ""quarantined_reference_fix_hash_only"", ""seeded_hidden_counterexamples_after_patch"", ""verbatim_reference_span_rejection"", ""quarantine_path_touch_rejection"", ""full_pytest_required""], ""source_commit_sha"": ""cd90742ed94d901759e26766197d0ce7c7bd9c8e"", ""source_file_path"": ""src/requests/sessions.py"", ""source_ref"": ""main"", ""source_repository"": ""psf/requests"", ""source_snippet_sha256"": ""4b0fdea45f0aca37fa69a3c0f4fd350134135ce7e397ecb311efc9eef0de04d9"", ""source_symbols"": [""merge_setting"", ""merge_hooks"", ""src"", ""requests"", ""sessions""], ""source_url"": ""https://raw.githubusercontent.com/psf/requests/main/src/requests/sessions.py""}",requests_merge_setting_none_removal,True
external_requests_code_transfer_repo,"Executable psf/requests merge_setting bug port with buggy source, visible failing test, quarantined reference hash, and hidden seed-derived cases.",external_requests_code_failure_fixture_query,evolutionary_repair_loop,baseline_evolutionary_repair_loop,Baseline: retry candidate repair loop with the same safety gates but without recursive quarantine search or persistent self-policy depth.,5,b264c9c0f054,0,1.277,0,3,0.0,0,True,False,0,1.277,0,/tmp/rsi_experiments_o8w6nkxd/external_requests_code_transfer_repo__external_requests_code_failure_fixture_query__evolutionary_repair_loop__r5/.omega_rsi_runs/closed_rsi_summary.json,"pair"",
          ""kind"": ""solver_primitive"",
          ""name"": ""merge_setting_empty_only"",
          ""rationale"": ""Reusable primitive for external_code_repair benchmark tasks."",
          ""target_surface"": ""shared/capability_primitives.py"",
          ""validation_plan"": {
            ""commands"": [
              [
                ""python"",
                ""-m"",
                ""pytest"",
                ""-q"",
                ""tests/test_capability_external_code_repair_operator_v1.py""
              ]
            ],
            ""expected_signals"": [
              ""public_counterexample_passes"",
              ""hidden_transfer_case_passes"",
              ""no_broad_regression_gate_failure""
            ],
            ""name"": ""validate_merge_setting_empty_only""
          }
        },
        {
          ""family"": ""external_code_repair"",
          ""kind"": ""search_heuristic"",
          ""name"": ""prefer_merge_setting_empty_only_reuse"",
          ""rationale"": ""Rank exact capability repair operators ahead of unrelated schema repairs."",
          ""target_surface"": ""scripts/closed_recursive_self_improvement_loop.py"",
          ""validation_plan"": {
            ""commands"": [
              [
                ""python"",
                ""-m"",
                ""pytest"",
                ""-q"",
                ""tests/test_capability_external_code_repair_operator_v1.py""
              ]
            ],
            ""expected_signals"": [
              ""public_counterexample_passes"",
              ""hidden_transfer_case_passes"",
              ""no_broad_regression_gate_failure""
            ],
            ""name"": ""validate_merge_setting_empty_only""
          }
        },
        {
          ""family"": ""external_code_repair"",
          ""kind"": ""evaluator_mutation"",
          ""name"": ""merge_setting_empty_only_hidden_transfer_case"",
          ""rationale"": ""Add a held-out case that checks transfer beyond the public example."",
          ""target_surface"": ""shared/capability_benchmarks.py"",
          ""validation_plan"": {
            ""commands"": [
              [
                ""python"",
                ""-m"",
                ""pytest"",
                ""-q"",
                ""tests/test_capability_external_code_repair_operator_v1.py""
              ]
            ],
            ""expected_signals"": [
              ""public_counterexample_passes"",
              ""hidden_transfer_case_passes"",
              ""no_broad_regression_gate_failure""
            ],
            ""name"": ""validate_merge_setting_empty_only""
          }
        },
        {
          ""family"": ""external_code_repair"",
          ""kind"": ""counterexample_test"",
          ""name"": ""test_merge_setting_empty_only_counterexample"",
          ""rationale"": ""Lock the primitive with public and hidden transfer counterexamples."",
          ""target_surface"": ""tests/test_capability_external_code_repair_operator_v1.py"",
          ""validation_plan"": {
            ""commands"": [
              [
                ""python"",
                ""-m"",
                ""pytest"",
                ""-q"",
                ""tests/test_capability_external_code_repair_operator_v1.py""
              ]
            ],
            ""expected_signals"": [
              ""public_counterexample_passes"",
              ""hidden_transfer_case_passes"",
              ""no_broad_regression_gate_failure""
            ],
            ""name"": ""validate_merge_setting_empty_only""
          }
        }
      ],
      ""promoted"": false,
      ""quarantine"": false,
      ""started_at"": ""2026-06-03T12:50:08Z"",
      ""target_path"": ""shared/external_repair_target.py"",
      ""test_path"": ""tests/test_external_code_repair_task.py""
    }
  ],
  ""rollback"": true,
  ""solved_new_tasks"": 0,
  ""state_path"": ""/tmp/rsi_experiments_o8w6nkxd/external_requests_code_transfer_repo__external_requests_code_failure_fixture_query__evolutionary_repair_loop__r5/.omega_rsi_runs/closed_rsi_state.json"",
  ""thdse_core_gate"": true,
  ""total_accepted"": 0,
  ""total_quarantine_exploration"": 0,
  ""total_rejected"": 3
}
",,external_code_unseen,psf/requests,Measure transfer on a sandbox fixture extracted from actual psf/requests source snippets and issue failure excerpts.,External code transfer succeeds when the loop repairs a local executable failure target derived from bounded psf/requests source and failure snippets.,1.347,0,0,6,3,0,0,python -m pytest -q,,True,b264c9c0f054,8c689e8273af34f2addd19e0650c60c08f7b3036f32c68bf23ecd8b7b242e203,"{""buggy_source_path"": ""shared/external_repair_target.py"", ""buggy_source_sha256"": ""e091fb3f780565f4d258d4d5a3a72fc67a3f798249726053347dde4ea75d27a7"", ""copied_failure_fixture"": ""external_sandbox/failure_excerpt.txt"", ""copied_source_fixture"": ""external_sandbox/source_snippet.txt"", ""failing_test"": ""tests/test_external_code_repair_task.py::test_requests_header_none_removes_session_header_visible_case"", ""failure_excerpt_sha256"": ""3bd526e1c1acd6c1247d5c2bc5922ba0fe37bf52c329d978674044d6632ac2d2"", ""field_name"": ""external_requests_code_signals"", ""field_values"": [""merge_setting_none_header"", ""merge_setting"", ""merge_hooks"", ""src"", ""requests"", ""sessions"", ""session"", ""headers""], ""fixture_id"": ""external-code:psf/requests"", ""fixture_kind"": ""external_code_repair_transfer"", ""function_name"": ""merge_setting"", ""held_out_reference_sha256"": ""7e9ba034646362f98b516fa8e76957efa09aa4098fff9ee48fa67e1fbe61497d"", ""held_out_reference_span_sha256"": [""0da01aa1df1d7458d5c64fd7bdf8f3d2a71ae989e265aacd3c434f632585ce17""], ""hidden_counterexample_family"": ""requests_merge_setting_none_removal"", ""issue_task_id"": ""github:psf/requests#4965"", ""issue_title"": ""Request-level None headers should remove inherited session headers"", ""issue_url"": ""https://github.com/psf/requests/issues/1921"", ""ported_external_symbol"": ""requests.sessions.merge_setting"", ""quarantine_paths"": ["".external_code_quarantine/requests_merge_setting_reference.sha256""], ""repair_target"": ""shared/external_repair_target.py"", ""repair_test"": ""tests/test_external_code_repair_task.py"", ""safety_controls"": [""actual_buggy_source_excerpt"", ""bounded_source_excerpt"", ""bounded_failure_excerpt"", ""source_url_provenance"", ""disposable_repo_execution_only"", ""local_executable_repair_task"", ""quarantined_reference_fix_hash_only"", ""seeded_hidden_counterexamples_after_patch"", ""verbatim_reference_span_rejection"", ""quarantine_path_touch_rejection"", ""full_pytest_required""], ""source_commit_sha"": ""cd90742ed94d901759e26766197d0ce7c7bd9c8e"", ""source_file_path"": ""src/requests/sessions.py"", ""source_ref"": ""main"", ""source_repository"": ""psf/requests"", ""source_snippet_sha256"": ""4b0fdea45f0aca37fa69a3c0f4fd350134135ce7e397ecb311efc9eef0de04d9"", ""source_symbols"": [""merge_setting"", ""merge_hooks"", ""src"", ""requests"", ""sessions""], ""source_url"": ""https://raw.githubusercontent.com/psf/requests/main/src/requests/sessions.py""}",requests_merge_setting_none_removal,True
external_requests_code_transfer_repo,"Executable psf/requests merge_setting bug port with buggy source, visible failing test, quarantined reference hash, and hidden seed-derived cases.",external_requests_code_failure_fixture_query,ci_only_validation,baseline_ci_only,Baseline: run validation without candidate generation or code patching.,5,b264c9c0f054,1,0.145,0,0,0.0,0,,False,0,0.145,0,/tmp/rsi_experiments_o8w6nkxd/external_requests_code_transfer_repo__external_requests_code_failure_fixture_query__ci_only_validation__r5/.omega_rsi_runs/closed_rsi_summary.json,"F                                                                        [100%]
=================================== FAILURES ===================================
________ test_requests_header_none_removes_session_header_visible_case _________

    def test_requests_header_none_removes_session_header_visible_case():
        failure_text = (Path.cwd() / ""external_sandbox"" / ""failure_excerpt.txt"").read_text(encoding=""utf-8"")
        session_headers = {""User-Agent"": ""session-agent"", ""Accept"": ""application/json""}
        request_headers = {""User-Agent"": None, ""Content-Type"": ""text/plain""}
    
        merged = merge_setting(request_headers, session_headers)
    
        assert failure_text
>       assert ""User-Agent"" not in merged
E       AssertionError: assert 'User-Agent' not in OrderedDict([('User-Agent', None), ('Accept', 'application/json'), ('Content-Type', 'text/plain')])

tests/test_external_code_repair_task.py:14: AssertionError
=========================== short test summary info ============================
FAILED tests/test_external_code_repair_task.py::test_requests_header_none_removes_session_header_visible_case - AssertionError: assert 'User-Agent' not in OrderedDict([('User-Agent', None), ('Accept', 'application/json'), ('Content-Type', 'text/plain')])
1 failed in 0.02s
",,external_code_unseen,psf/requests,Measure transfer on a sandbox fixture extracted from actual psf/requests source snippets and issue failure excerpts.,External code transfer succeeds when the loop repairs a local executable failure target derived from bounded psf/requests source and failure snippets.,0,0,0,0,0,0,0,python -m pytest -q,1,True,b264c9c0f054,2ea41cc671004f7f41d774e66977747c426b098d5ef614a1d782ea5ad4d3373f,"{""buggy_source_path"": ""shared/external_repair_target.py"", ""buggy_source_sha256"": ""e091fb3f780565f4d258d4d5a3a72fc67a3f798249726053347dde4ea75d27a7"", ""copied_failure_fixture"": ""external_sandbox/failure_excerpt.txt"", ""copied_source_fixture"": ""external_sandbox/source_snippet.txt"", ""failing_test"": ""tests/test_external_code_repair_task.py::test_requests_header_none_removes_session_header_visible_case"", ""failure_excerpt_sha256"": ""3bd526e1c1acd6c1247d5c2bc5922ba0fe37bf52c329d978674044d6632ac2d2"", ""field_name"": ""external_requests_code_signals"", ""field_values"": [""merge_setting_none_header"", ""merge_setting"", ""merge_hooks"", ""src"", ""requests"", ""sessions"", ""session"", ""headers""], ""fixture_id"": ""external-code:psf/requests"", ""fixture_kind"": ""external_code_repair_transfer"", ""function_name"": ""merge_setting"", ""held_out_reference_sha256"": ""7e9ba034646362f98b516fa8e76957efa09aa4098fff9ee48fa67e1fbe61497d"", ""held_out_reference_span_sha256"": [""0da01aa1df1d7458d5c64fd7bdf8f3d2a71ae989e265aacd3c434f632585ce17""], ""hidden_counterexample_family"": ""requests_merge_setting_none_removal"", ""issue_task_id"": ""github:psf/requests#4965"", ""issue_title"": ""Request-level None headers should remove inherited session headers"", ""issue_url"": ""https://github.com/psf/requests/issues/1921"", ""ported_external_symbol"": ""requests.sessions.merge_setting"", ""quarantine_paths"": ["".external_code_quarantine/requests_merge_setting_reference.sha256""], ""repair_target"": ""shared/external_repair_target.py"", ""repair_test"": ""tests/test_external_code_repair_task.py"", ""safety_controls"": [""actual_buggy_source_excerpt"", ""bounded_source_excerpt"", ""bounded_failure_excerpt"", ""source_url_provenance"", ""disposable_repo_execution_only"", ""local_executable_repair_task"", ""quarantined_reference_fix_hash_only"", ""seeded_hidden_counterexamples_after_patch"", ""verbatim_reference_span_rejection"", ""quarantine_path_touch_rejection"", ""full_pytest_required""], ""source_commit_sha"": ""cd90742ed94d901759e26766197d0ce7c7bd9c8e"", ""source_file_path"": ""src/requests/sessions.py"", ""source_ref"": ""main"", ""source_repository"": ""psf/requests"", ""source_snippet_sha256"": ""4b0fdea45f0aca37fa69a3c0f4fd350134135ce7e397ecb311efc9eef0de04d9"", ""source_symbols"": [""merge_setting"", ""merge_hooks"", ""src"", ""requests"", ""sessions""], ""source_url"": ""https://raw.githubusercontent.com/psf/requests/main/src/requests/sessions.py""}",requests_merge_setting_none_removal,True
external_requests_code_transfer_repo,"Executable psf/requests merge_setting bug port with buggy source, visible failing test, quarantined reference hash, and hidden seed-derived cases.",external_requests_code_failure_fixture_query,verified_closed_loop,proposed,"Full loop: candidate generation, patching, rollback, persistence, root broad gate, and THDSE core gate.",6,8ea41c417fbd,0,5.162,0,3,0.0,0,True,True,0,5.162,0,/tmp/rsi_experiments_o8w6nkxd/external_requests_code_transfer_repo__external_requests_code_failure_fixture_query__verified_closed_loop__r6/.omega_rsi_runs/closed_rsi_summary.json,"     ""kind"": ""solver_primitive"",
          ""name"": ""merge_setting_visible_only"",
          ""rationale"": ""Reusable primitive for external_code_repair benchmark tasks."",
          ""target_surface"": ""shared/capability_primitives.py"",
          ""validation_plan"": {
            ""commands"": [
              [
                ""python"",
                ""-m"",
                ""pytest"",
                ""-q"",
                ""tests/test_capability_external_code_repair_operator_v1.py""
              ]
            ],
            ""expected_signals"": [
              ""public_counterexample_passes"",
              ""hidden_transfer_case_passes"",
              ""no_broad_regression_gate_failure""
            ],
            ""name"": ""validate_merge_setting_visible_only""
          }
        },
        {
          ""family"": ""external_code_repair"",
          ""kind"": ""search_heuristic"",
          ""name"": ""prefer_merge_setting_visible_only_reuse"",
          ""rationale"": ""Rank exact capability repair operators ahead of unrelated schema repairs."",
          ""target_surface"": ""scripts/closed_recursive_self_improvement_loop.py"",
          ""validation_plan"": {
            ""commands"": [
              [
                ""python"",
                ""-m"",
                ""pytest"",
                ""-q"",
                ""tests/test_capability_external_code_repair_operator_v1.py""
              ]
            ],
            ""expected_signals"": [
              ""public_counterexample_passes"",
              ""hidden_transfer_case_passes"",
              ""no_broad_regression_gate_failure""
            ],
            ""name"": ""validate_merge_setting_visible_only""
          }
        },
        {
          ""family"": ""external_code_repair"",
          ""kind"": ""evaluator_mutation"",
          ""name"": ""merge_setting_visible_only_hidden_transfer_case"",
          ""rationale"": ""Add a held-out case that checks transfer beyond the public example."",
          ""target_surface"": ""shared/capability_benchmarks.py"",
          ""validation_plan"": {
            ""commands"": [
              [
                ""python"",
                ""-m"",
                ""pytest"",
                ""-q"",
                ""tests/test_capability_external_code_repair_operator_v1.py""
              ]
            ],
            ""expected_signals"": [
              ""public_counterexample_passes"",
              ""hidden_transfer_case_passes"",
              ""no_broad_regression_gate_failure""
            ],
            ""name"": ""validate_merge_setting_visible_only""
          }
        },
        {
          ""family"": ""external_code_repair"",
          ""kind"": ""counterexample_test"",
          ""name"": ""test_merge_setting_visible_only_counterexample"",
          ""rationale"": ""Lock the primitive with public and hidden transfer counterexamples."",
          ""target_surface"": ""tests/test_capability_external_code_repair_operator_v1.py"",
          ""validation_plan"": {
            ""commands"": [
              [
                ""python"",
                ""-m"",
                ""pytest"",
                ""-q"",
                ""tests/test_capability_external_code_repair_operator_v1.py""
              ]
            ],
            ""expected_signals"": [
              ""public_counterexample_passes"",
              ""hidden_transfer_case_passes"",
              ""no_broad_regression_gate_failure""
            ],
            ""name"": ""validate_merge_setting_visible_only""
          }
        }
      ],
      ""promoted"": false,
      ""quarantine"": false,
      ""started_at"": ""2026-06-03T12:50:09Z"",
      ""target_path"": ""shared/external_repair_target.py"",
      ""test_path"": ""tests/test_external_code_repair_task.py""
    }
  ],
  ""rollback"": true,
  ""solved_new_tasks"": 0,
  ""state_path"": ""/tmp/rsi_experiments_o8w6nkxd/external_requests_code_transfer_repo__external_requests_code_failure_fixture_query__verified_closed_loop__r6/.omega_rsi_runs/closed_rsi_state.json"",
  ""thdse_core_gate"": true,
  ""total_accepted"": 0,
  ""total_quarantine_exploration"": 6,
  ""total_rejected"": 3
}
",,external_code_unseen,psf/requests,Measure transfer on a sandbox fixture extracted from actual psf/requests source snippets and issue failure excerpts.,External code transfer succeeds when the loop repairs a local executable failure target derived from bounded psf/requests source and failure snippets.,1.347,0,0,6,3,6,2,python -m pytest -q,,True,8ea41c417fbd,571e82ed46497f09d73ef5cd35c9e8642e26873524dbf95efbe7efd53ff640cc,"{""buggy_source_path"": ""shared/external_repair_target.py"", ""buggy_source_sha256"": ""e091fb3f780565f4d258d4d5a3a72fc67a3f798249726053347dde4ea75d27a7"", ""copied_failure_fixture"": ""external_sandbox/failure_excerpt.txt"", ""copied_source_fixture"": ""external_sandbox/source_snippet.txt"", ""failing_test"": ""tests/test_external_code_repair_task.py::test_requests_header_none_removes_session_header_visible_case"", ""failure_excerpt_sha256"": ""3bd526e1c1acd6c1247d5c2bc5922ba0fe37bf52c329d978674044d6632ac2d2"", ""field_name"": ""external_requests_code_signals"", ""field_values"": [""merge_setting_none_header"", ""merge_setting"", ""merge_hooks"", ""src"", ""requests"", ""sessions"", ""session"", ""headers""], ""fixture_id"": ""external-code:psf/requests"", ""fixture_kind"": ""external_code_repair_transfer"", ""function_name"": ""merge_setting"", ""held_out_reference_sha256"": ""7e9ba034646362f98b516fa8e76957efa09aa4098fff9ee48fa67e1fbe61497d"", ""held_out_reference_span_sha256"": [""0da01aa1df1d7458d5c64fd7bdf8f3d2a71ae989e265aacd3c434f632585ce17""], ""hidden_counterexample_family"": ""requests_merge_setting_none_removal"", ""issue_task_id"": ""github:psf/requests#4965"", ""issue_title"": ""Request-level None headers should remove inherited session headers"", ""issue_url"": ""https://github.com/psf/requests/issues/1921"", ""ported_external_symbol"": ""requests.sessions.merge_setting"", ""quarantine_paths"": ["".external_code_quarantine/requests_merge_setting_reference.sha256""], ""repair_target"": ""shared/external_repair_target.py"", ""repair_test"": ""tests/test_external_code_repair_task.py"", ""safety_controls"": [""actual_buggy_source_excerpt"", ""bounded_source_excerpt"", ""bounded_failure_excerpt"", ""source_url_provenance"", ""disposable_repo_execution_only"", ""local_executable_repair_task"", ""quarantined_reference_fix_hash_only"", ""seeded_hidden_counterexamples_after_patch"", ""verbatim_reference_span_rejection"", ""quarantine_path_touch_rejection"", ""full_pytest_required""], ""source_commit_sha"": ""cd90742ed94d901759e26766197d0ce7c7bd9c8e"", ""source_file_path"": ""src/requests/sessions.py"", ""source_ref"": ""main"", ""source_repository"": ""psf/requests"", ""source_snippet_sha256"": ""4b0fdea45f0aca37fa69a3c0f4fd350134135ce7e397ecb311efc9eef0de04d9"", ""source_symbols"": [""merge_setting"", ""merge_hooks"", ""src"", ""requests"", ""sessions""], ""source_url"": ""https://raw.githubusercontent.com/psf/requests/main/src/requests/sessions.py""}",requests_merge_setting_none_removal,True
external_requests_code_transfer_repo,"Executable psf/requests merge_setting bug port with buggy source, visible failing test, quarantined reference hash, and hidden seed-derived cases.",external_requests_code_failure_fixture_query,agent_coding_loop,baseline_agent_coding_loop,Baseline: single-pass automated coding loop with validation but without persistent recursive depth.,6,8ea41c417fbd,0,0.518,0,1,0.0,0,True,False,0,0.518,0,/tmp/rsi_experiments_o8w6nkxd/external_requests_code_transfer_repo__external_requests_code_failure_fixture_query__agent_coding_loop__r6/.omega_rsi_runs/closed_rsi_summary.json,"ame"": ""merge_setting_visible_header_set"",
          ""rationale"": ""Reusable primitive for external_code_repair benchmark tasks."",
          ""target_surface"": ""shared/capability_primitives.py"",
          ""validation_plan"": {
            ""commands"": [
              [
                ""python"",
                ""-m"",
                ""pytest"",
                ""-q"",
                ""tests/test_capability_external_code_repair_operator_v1.py""
              ]
            ],
            ""expected_signals"": [
              ""public_counterexample_passes"",
              ""hidden_transfer_case_passes"",
              ""no_broad_regression_gate_failure""
            ],
            ""name"": ""validate_merge_setting_visible_header_set""
          }
        },
        {
          ""family"": ""external_code_repair"",
          ""kind"": ""search_heuristic"",
          ""name"": ""prefer_merge_setting_visible_header_set_reuse"",
          ""rationale"": ""Rank exact capability repair operators ahead of unrelated schema repairs."",
          ""target_surface"": ""scripts/closed_recursive_self_improvement_loop.py"",
          ""validation_plan"": {
            ""commands"": [
              [
                ""python"",
                ""-m"",
                ""pytest"",
                ""-q"",
                ""tests/test_capability_external_code_repair_operator_v1.py""
              ]
            ],
            ""expected_signals"": [
              ""public_counterexample_passes"",
              ""hidden_transfer_case_passes"",
              ""no_broad_regression_gate_failure""
            ],
            ""name"": ""validate_merge_setting_visible_header_set""
          }
        },
        {
          ""family"": ""external_code_repair"",
          ""kind"": ""evaluator_mutation"",
          ""name"": ""merge_setting_visible_header_set_hidden_transfer_case"",
          ""rationale"": ""Add a held-out case that checks transfer beyond the public example."",
          ""target_surface"": ""shared/capability_benchmarks.py"",
          ""validation_plan"": {
            ""commands"": [
              [
                ""python"",
                ""-m"",
                ""pytest"",
                ""-q"",
                ""tests/test_capability_external_code_repair_operator_v1.py""
              ]
            ],
            ""expected_signals"": [
              ""public_counterexample_passes"",
              ""hidden_transfer_case_passes"",
              ""no_broad_regression_gate_failure""
            ],
            ""name"": ""validate_merge_setting_visible_header_set""
          }
        },
        {
          ""family"": ""external_code_repair"",
          ""kind"": ""counterexample_test"",
          ""name"": ""test_merge_setting_visible_header_set_counterexample"",
          ""rationale"": ""Lock the primitive with public and hidden transfer counterexamples."",
          ""target_surface"": ""tests/test_capability_external_code_repair_operator_v1.py"",
          ""validation_plan"": {
            ""commands"": [
              [
                ""python"",
                ""-m"",
                ""pytest"",
                ""-q"",
                ""tests/test_capability_external_code_repair_operator_v1.py""
              ]
            ],
            ""expected_signals"": [
              ""public_counterexample_passes"",
              ""hidden_transfer_case_passes"",
              ""no_broad_regression_gate_failure""
            ],
            ""name"": ""validate_merge_setting_visible_header_set""
          }
        }
      ],
      ""promoted"": false,
      ""quarantine"": false,
      ""started_at"": ""2026-06-03T12:50:14Z"",
      ""target_path"": ""shared/external_repair_target.py"",
      ""test_path"": ""tests/test_external_code_repair_task.py""
    }
  ],
  ""rollback"": true,
  ""solved_new_tasks"": 0,
  ""state_path"": ""/tmp/rsi_experiments_o8w6nkxd/external_requests_code_transfer_repo__external_requests_code_failure_fixture_query__agent_coding_loop__r6/.omega_rsi_runs/closed_rsi_state.json"",
  ""thdse_core_gate"": true,
  ""total_accepted"": 0,
  ""total_quarantine_exploration"": 0,
  ""total_rejected"": 1
}
",,external_code_unseen,psf/requests,Measure transfer on a sandbox fixture extracted from actual psf/requests source snippets and issue failure excerpts.,External code transfer succeeds when the loop repairs a local executable failure target derived from bounded psf/requests source and failure snippets.,0.449,0,0,2,1,0,0,python -m pytest -q,,True,8ea41c417fbd,4b7d8bbe5c1331028a76f452b2af87dd200afd117c6dc503764f0a459c1e455b,"{""buggy_source_path"": ""shared/external_repair_target.py"", ""buggy_source_sha256"": ""e091fb3f780565f4d258d4d5a3a72fc67a3f798249726053347dde4ea75d27a7"", ""copied_failure_fixture"": ""external_sandbox/failure_excerpt.txt"", ""copied_source_fixture"": ""external_sandbox/source_snippet.txt"", ""failing_test"": ""tests/test_external_code_repair_task.py::test_requests_header_none_removes_session_header_visible_case"", ""failure_excerpt_sha256"": ""3bd526e1c1acd6c1247d5c2bc5922ba0fe37bf52c329d978674044d6632ac2d2"", ""field_name"": ""external_requests_code_signals"", ""field_values"": [""merge_setting_none_header"", ""merge_setting"", ""merge_hooks"", ""src"", ""requests"", ""sessions"", ""session"", ""headers""], ""fixture_id"": ""external-code:psf/requests"", ""fixture_kind"": ""external_code_repair_transfer"", ""function_name"": ""merge_setting"", ""held_out_reference_sha256"": ""7e9ba034646362f98b516fa8e76957efa09aa4098fff9ee48fa67e1fbe61497d"", ""held_out_reference_span_sha256"": [""0da01aa1df1d7458d5c64fd7bdf8f3d2a71ae989e265aacd3c434f632585ce17""], ""hidden_counterexample_family"": ""requests_merge_setting_none_removal"", ""issue_task_id"": ""github:psf/requests#4965"", ""issue_title"": ""Request-level None headers should remove inherited session headers"", ""issue_url"": ""https://github.com/psf/requests/issues/1921"", ""ported_external_symbol"": ""requests.sessions.merge_setting"", ""quarantine_paths"": ["".external_code_quarantine/requests_merge_setting_reference.sha256""], ""repair_target"": ""shared/external_repair_target.py"", ""repair_test"": ""tests/test_external_code_repair_task.py"", ""safety_controls"": [""actual_buggy_source_excerpt"", ""bounded_source_excerpt"", ""bounded_failure_excerpt"", ""source_url_provenance"", ""disposable_repo_execution_only"", ""local_executable_repair_task"", ""quarantined_reference_fix_hash_only"", ""seeded_hidden_counterexamples_after_patch"", ""verbatim_reference_span_rejection"", ""quarantine_path_touch_rejection"", ""full_pytest_required""], ""source_commit_sha"": ""cd90742ed94d901759e26766197d0ce7c7bd9c8e"", ""source_file_path"": ""src/requests/sessions.py"", ""source_ref"": ""main"", ""source_repository"": ""psf/requests"", ""source_snippet_sha256"": ""4b0fdea45f0aca37fa69a3c0f4fd350134135ce7e397ecb311efc9eef0de04d9"", ""source_symbols"": [""merge_setting"", ""merge_hooks"", ""src"", ""requests"", ""sessions""], ""source_url"": ""https://raw.githubusercontent.com/psf/requests/main/src/requests/sessions.py""}",requests_merge_setting_none_removal,True
external_requests_code_transfer_repo,"Executable psf/requests merge_setting bug port with buggy source, visible failing test, quarantined reference hash, and hidden seed-derived cases.",external_requests_code_failure_fixture_query,evolutionary_repair_loop,baseline_evolutionary_repair_loop,Baseline: retry candidate repair loop with the same safety gates but without recursive quarantine search or persistent self-policy depth.,6,8ea41c417fbd,0,1.427,0,3,0.0,0,True,False,0,1.427,0,/tmp/rsi_experiments_o8w6nkxd/external_requests_code_transfer_repo__external_requests_code_failure_fixture_query__evolutionary_repair_loop__r6/.omega_rsi_runs/closed_rsi_summary.json," ""kind"": ""solver_primitive"",
          ""name"": ""merge_setting_visible_only"",
          ""rationale"": ""Reusable primitive for external_code_repair benchmark tasks."",
          ""target_surface"": ""shared/capability_primitives.py"",
          ""validation_plan"": {
            ""commands"": [
              [
                ""python"",
                ""-m"",
                ""pytest"",
                ""-q"",
                ""tests/test_capability_external_code_repair_operator_v1.py""
              ]
            ],
            ""expected_signals"": [
              ""public_counterexample_passes"",
              ""hidden_transfer_case_passes"",
              ""no_broad_regression_gate_failure""
            ],
            ""name"": ""validate_merge_setting_visible_only""
          }
        },
        {
          ""family"": ""external_code_repair"",
          ""kind"": ""search_heuristic"",
          ""name"": ""prefer_merge_setting_visible_only_reuse"",
          ""rationale"": ""Rank exact capability repair operators ahead of unrelated schema repairs."",
          ""target_surface"": ""scripts/closed_recursive_self_improvement_loop.py"",
          ""validation_plan"": {
            ""commands"": [
              [
                ""python"",
                ""-m"",
                ""pytest"",
                ""-q"",
                ""tests/test_capability_external_code_repair_operator_v1.py""
              ]
            ],
            ""expected_signals"": [
              ""public_counterexample_passes"",
              ""hidden_transfer_case_passes"",
              ""no_broad_regression_gate_failure""
            ],
            ""name"": ""validate_merge_setting_visible_only""
          }
        },
        {
          ""family"": ""external_code_repair"",
          ""kind"": ""evaluator_mutation"",
          ""name"": ""merge_setting_visible_only_hidden_transfer_case"",
          ""rationale"": ""Add a held-out case that checks transfer beyond the public example."",
          ""target_surface"": ""shared/capability_benchmarks.py"",
          ""validation_plan"": {
            ""commands"": [
              [
                ""python"",
                ""-m"",
                ""pytest"",
                ""-q"",
                ""tests/test_capability_external_code_repair_operator_v1.py""
              ]
            ],
            ""expected_signals"": [
              ""public_counterexample_passes"",
              ""hidden_transfer_case_passes"",
              ""no_broad_regression_gate_failure""
            ],
            ""name"": ""validate_merge_setting_visible_only""
          }
        },
        {
          ""family"": ""external_code_repair"",
          ""kind"": ""counterexample_test"",
          ""name"": ""test_merge_setting_visible_only_counterexample"",
          ""rationale"": ""Lock the primitive with public and hidden transfer counterexamples."",
          ""target_surface"": ""tests/test_capability_external_code_repair_operator_v1.py"",
          ""validation_plan"": {
            ""commands"": [
              [
                ""python"",
                ""-m"",
                ""pytest"",
                ""-q"",
                ""tests/test_capability_external_code_repair_operator_v1.py""
              ]
            ],
            ""expected_signals"": [
              ""public_counterexample_passes"",
              ""hidden_transfer_case_passes"",
              ""no_broad_regression_gate_failure""
            ],
            ""name"": ""validate_merge_setting_visible_only""
          }
        }
      ],
      ""promoted"": false,
      ""quarantine"": false,
      ""started_at"": ""2026-06-03T12:50:15Z"",
      ""target_path"": ""shared/external_repair_target.py"",
      ""test_path"": ""tests/test_external_code_repair_task.py""
    }
  ],
  ""rollback"": true,
  ""solved_new_tasks"": 0,
  ""state_path"": ""/tmp/rsi_experiments_o8w6nkxd/external_requests_code_transfer_repo__external_requests_code_failure_fixture_query__evolutionary_repair_loop__r6/.omega_rsi_runs/closed_rsi_state.json"",
  ""thdse_core_gate"": true,
  ""total_accepted"": 0,
  ""total_quarantine_exploration"": 0,
  ""total_rejected"": 3
}
",,external_code_unseen,psf/requests,Measure transfer on a sandbox fixture extracted from actual psf/requests source snippets and issue failure excerpts.,External code transfer succeeds when the loop repairs a local executable failure target derived from bounded psf/requests source and failure snippets.,1.347,0,0,6,3,0,0,python -m pytest -q,,True,8ea41c417fbd,ebb456956db8be7126931f0127f56c5cd8ed26b5ba2cb6e3486d2d0a92516faf,"{""buggy_source_path"": ""shared/external_repair_target.py"", ""buggy_source_sha256"": ""e091fb3f780565f4d258d4d5a3a72fc67a3f798249726053347dde4ea75d27a7"", ""copied_failure_fixture"": ""external_sandbox/failure_excerpt.txt"", ""copied_source_fixture"": ""external_sandbox/source_snippet.txt"", ""failing_test"": ""tests/test_external_code_repair_task.py::test_requests_header_none_removes_session_header_visible_case"", ""failure_excerpt_sha256"": ""3bd526e1c1acd6c1247d5c2bc5922ba0fe37bf52c329d978674044d6632ac2d2"", ""field_name"": ""external_requests_code_signals"", ""field_values"": [""merge_setting_none_header"", ""merge_setting"", ""merge_hooks"", ""src"", ""requests"", ""sessions"", ""session"", ""headers""], ""fixture_id"": ""external-code:psf/requests"", ""fixture_kind"": ""external_code_repair_transfer"", ""function_name"": ""merge_setting"", ""held_out_reference_sha256"": ""7e9ba034646362f98b516fa8e76957efa09aa4098fff9ee48fa67e1fbe61497d"", ""held_out_reference_span_sha256"": [""0da01aa1df1d7458d5c64fd7bdf8f3d2a71ae989e265aacd3c434f632585ce17""], ""hidden_counterexample_family"": ""requests_merge_setting_none_removal"", ""issue_task_id"": ""github:psf/requests#4965"", ""issue_title"": ""Request-level None headers should remove inherited session headers"", ""issue_url"": ""https://github.com/psf/requests/issues/1921"", ""ported_external_symbol"": ""requests.sessions.merge_setting"", ""quarantine_paths"": ["".external_code_quarantine/requests_merge_setting_reference.sha256""], ""repair_target"": ""shared/external_repair_target.py"", ""repair_test"": ""tests/test_external_code_repair_task.py"", ""safety_controls"": [""actual_buggy_source_excerpt"", ""bounded_source_excerpt"", ""bounded_failure_excerpt"", ""source_url_provenance"", ""disposable_repo_execution_only"", ""local_executable_repair_task"", ""quarantined_reference_fix_hash_only"", ""seeded_hidden_counterexamples_after_patch"", ""verbatim_reference_span_rejection"", ""quarantine_path_touch_rejection"", ""full_pytest_required""], ""source_commit_sha"": ""cd90742ed94d901759e26766197d0ce7c7bd9c8e"", ""source_file_path"": ""src/requests/sessions.py"", ""source_ref"": ""main"", ""source_repository"": ""psf/requests"", ""source_snippet_sha256"": ""4b0fdea45f0aca37fa69a3c0f4fd350134135ce7e397ecb311efc9eef0de04d9"", ""source_symbols"": [""merge_setting"", ""merge_hooks"", ""src"", ""requests"", ""sessions""], ""source_url"": ""https://raw.githubusercontent.com/psf/requests/main/src/requests/sessions.py""}",requests_merge_setting_none_removal,True
external_requests_code_transfer_repo,"Executable psf/requests merge_setting bug port with buggy source, visible failing test, quarantined reference hash, and hidden seed-derived cases.",external_requests_code_failure_fixture_query,ci_only_validation,baseline_ci_only,Baseline: run validation without candidate generation or code patching.,6,8ea41c417fbd,1,0.164,0,0,0.0,0,,False,0,0.164,0,/tmp/rsi_experiments_o8w6nkxd/external_requests_code_transfer_repo__external_requests_code_failure_fixture_query__ci_only_validation__r6/.omega_rsi_runs/closed_rsi_summary.json,"F                                                                        [100%]
=================================== FAILURES ===================================
________ test_requests_header_none_removes_session_header_visible_case _________

    def test_requests_header_none_removes_session_header_visible_case():
        failure_text = (Path.cwd() / ""external_sandbox"" / ""failure_excerpt.txt"").read_text(encoding=""utf-8"")
        session_headers = {""User-Agent"": ""session-agent"", ""Accept"": ""application/json""}
        request_headers = {""User-Agent"": None, ""Content-Type"": ""text/plain""}
    
        merged = merge_setting(request_headers, session_headers)
    
        assert failure_text
>       assert ""User-Agent"" not in merged
E       AssertionError: assert 'User-Agent' not in OrderedDict([('User-Agent', None), ('Accept', 'application/json'), ('Content-Type', 'text/plain')])

tests/test_external_code_repair_task.py:14: AssertionError
=========================== short test summary info ============================
FAILED tests/test_external_code_repair_task.py::test_requests_header_none_removes_session_header_visible_case - AssertionError: assert 'User-Agent' not in OrderedDict([('User-Agent', None), ('Accept', 'application/json'), ('Content-Type', 'text/plain')])
1 failed in 0.02s
",,external_code_unseen,psf/requests,Measure transfer on a sandbox fixture extracted from actual psf/requests source snippets and issue failure excerpts.,External code transfer succeeds when the loop repairs a local executable failure target derived from bounded psf/requests source and failure snippets.,0,0,0,0,0,0,0,python -m pytest -q,1,True,8ea41c417fbd,8ac6679de64294381a13aa0b630d4ff38d4f106a7c4cc4d010846fca60af79be,"{""buggy_source_path"": ""shared/external_repair_target.py"", ""buggy_source_sha256"": ""e091fb3f780565f4d258d4d5a3a72fc67a3f798249726053347dde4ea75d27a7"", ""copied_failure_fixture"": ""external_sandbox/failure_excerpt.txt"", ""copied_source_fixture"": ""external_sandbox/source_snippet.txt"", ""failing_test"": ""tests/test_external_code_repair_task.py::test_requests_header_none_removes_session_header_visible_case"", ""failure_excerpt_sha256"": ""3bd526e1c1acd6c1247d5c2bc5922ba0fe37bf52c329d978674044d6632ac2d2"", ""field_name"": ""external_requests_code_signals"", ""field_values"": [""merge_setting_none_header"", ""merge_setting"", ""merge_hooks"", ""src"", ""requests"", ""sessions"", ""session"", ""headers""], ""fixture_id"": ""external-code:psf/requests"", ""fixture_kind"": ""external_code_repair_transfer"", ""function_name"": ""merge_setting"", ""held_out_reference_sha256"": ""7e9ba034646362f98b516fa8e76957efa09aa4098fff9ee48fa67e1fbe61497d"", ""held_out_reference_span_sha256"": [""0da01aa1df1d7458d5c64fd7bdf8f3d2a71ae989e265aacd3c434f632585ce17""], ""hidden_counterexample_family"": ""requests_merge_setting_none_removal"", ""issue_task_id"": ""github:psf/requests#4965"", ""issue_title"": ""Request-level None headers should remove inherited session headers"", ""issue_url"": ""https://github.com/psf/requests/issues/1921"", ""ported_external_symbol"": ""requests.sessions.merge_setting"", ""quarantine_paths"": ["".external_code_quarantine/requests_merge_setting_reference.sha256""], ""repair_target"": ""shared/external_repair_target.py"", ""repair_test"": ""tests/test_external_code_repair_task.py"", ""safety_controls"": [""actual_buggy_source_excerpt"", ""bounded_source_excerpt"", ""bounded_failure_excerpt"", ""source_url_provenance"", ""disposable_repo_execution_only"", ""local_executable_repair_task"", ""quarantined_reference_fix_hash_only"", ""seeded_hidden_counterexamples_after_patch"", ""verbatim_reference_span_rejection"", ""quarantine_path_touch_rejection"", ""full_pytest_required""], ""source_commit_sha"": ""cd90742ed94d901759e26766197d0ce7c7bd9c8e"", ""source_file_path"": ""src/requests/sessions.py"", ""source_ref"": ""main"", ""source_repository"": ""psf/requests"", ""source_snippet_sha256"": ""4b0fdea45f0aca37fa69a3c0f4fd350134135ce7e397ecb311efc9eef0de04d9"", ""source_symbols"": [""merge_setting"", ""merge_hooks"", ""src"", ""requests"", ""sessions""], ""source_url"": ""https://raw.githubusercontent.com/psf/requests/main/src/requests/sessions.py""}",requests_merge_setting_none_removal,True
external_requests_code_transfer_repo,"Executable psf/requests merge_setting bug port with buggy source, visible failing test, quarantined reference hash, and hidden seed-derived cases.",external_requests_code_failure_fixture_query,verified_closed_loop,proposed,"Full loop: candidate generation, patching, rollback, persistence, root broad gate, and THDSE core gate.",7,433ff73aab11,0,4.909,3,1,0.75,0,,True,3,4.909,5,/tmp/rsi_experiments_o8w6nkxd/external_requests_code_transfer_repo__external_requests_code_failure_fixture_query__verified_closed_loop__r7/.omega_rsi_runs/closed_rsi_summary.json,"e_repair"",
          ""kind"": ""solver_primitive"",
          ""name"": ""merge_setting_empty_only"",
          ""rationale"": ""Reusable primitive for external_code_repair benchmark tasks."",
          ""target_surface"": ""shared/capability_primitives.py"",
          ""validation_plan"": {
            ""commands"": [
              [
                ""python"",
                ""-m"",
                ""pytest"",
                ""-q"",
                ""tests/test_capability_external_code_repair_operator_v1.py""
              ]
            ],
            ""expected_signals"": [
              ""public_counterexample_passes"",
              ""hidden_transfer_case_passes"",
              ""no_broad_regression_gate_failure""
            ],
            ""name"": ""validate_merge_setting_empty_only""
          }
        },
        {
          ""family"": ""external_code_repair"",
          ""kind"": ""search_heuristic"",
          ""name"": ""prefer_merge_setting_empty_only_reuse"",
          ""rationale"": ""Rank exact capability repair operators ahead of unrelated schema repairs."",
          ""target_surface"": ""scripts/closed_recursive_self_improvement_loop.py"",
          ""validation_plan"": {
            ""commands"": [
              [
                ""python"",
                ""-m"",
                ""pytest"",
                ""-q"",
                ""tests/test_capability_external_code_repair_operator_v1.py""
              ]
            ],
            ""expected_signals"": [
              ""public_counterexample_passes"",
              ""hidden_transfer_case_passes"",
              ""no_broad_regression_gate_failure""
            ],
            ""name"": ""validate_merge_setting_empty_only""
          }
        },
        {
          ""family"": ""external_code_repair"",
          ""kind"": ""evaluator_mutation"",
          ""name"": ""merge_setting_empty_only_hidden_transfer_case"",
          ""rationale"": ""Add a held-out case that checks transfer beyond the public example."",
          ""target_surface"": ""shared/capability_benchmarks.py"",
          ""validation_plan"": {
            ""commands"": [
              [
                ""python"",
                ""-m"",
                ""pytest"",
                ""-q"",
                ""tests/test_capability_external_code_repair_operator_v1.py""
              ]
            ],
            ""expected_signals"": [
              ""public_counterexample_passes"",
              ""hidden_transfer_case_passes"",
              ""no_broad_regression_gate_failure""
            ],
            ""name"": ""validate_merge_setting_empty_only""
          }
        },
        {
          ""family"": ""external_code_repair"",
          ""kind"": ""counterexample_test"",
          ""name"": ""test_merge_setting_empty_only_counterexample"",
          ""rationale"": ""Lock the primitive with public and hidden transfer counterexamples."",
          ""target_surface"": ""tests/test_capability_external_code_repair_operator_v1.py"",
          ""validation_plan"": {
            ""commands"": [
              [
                ""python"",
                ""-m"",
                ""pytest"",
                ""-q"",
                ""tests/test_capability_external_code_repair_operator_v1.py""
              ]
            ],
            ""expected_signals"": [
              ""public_counterexample_passes"",
              ""hidden_transfer_case_passes"",
              ""no_broad_regression_gate_failure""
            ],
            ""name"": ""validate_merge_setting_empty_only""
          }
        }
      ],
      ""promoted"": false,
      ""quarantine"": false,
      ""started_at"": ""2026-06-03T12:50:16Z"",
      ""target_path"": ""shared/external_repair_target.py"",
      ""test_path"": ""tests/test_external_code_repair_task.py""
    }
  ],
  ""rollback"": true,
  ""solved_new_tasks"": 0,
  ""state_path"": ""/tmp/rsi_experiments_o8w6nkxd/external_requests_code_transfer_repo__external_requests_code_failure_fixture_query__verified_closed_loop__r7/.omega_rsi_runs/closed_rsi_state.json"",
  ""thdse_core_gate"": true,
  ""total_accepted"": 3,
  ""total_quarantine_exploration"": 2,
  ""total_rejected"": 1
}
",,external_code_unseen,psf/requests,Measure transfer on a sandbox fixture extracted from actual psf/requests source snippets and issue failure excerpts.,External code transfer succeeds when the loop repairs a local executable failure target derived from bounded psf/requests source and failure snippets.,1.796,0,0,8,1,2,0,python -m pytest -q,0,True,433ff73aab11,a2037983d4220f441ba92b52bbe880e53ba9f63456a96bfcf3a15730de44b7c8,"{""buggy_source_path"": ""shared/external_repair_target.py"", ""buggy_source_sha256"": ""e091fb3f780565f4d258d4d5a3a72fc67a3f798249726053347dde4ea75d27a7"", ""copied_failure_fixture"": ""external_sandbox/failure_excerpt.txt"", ""copied_source_fixture"": ""external_sandbox/source_snippet.txt"", ""failing_test"": ""tests/test_external_code_repair_task.py::test_requests_header_none_removes_session_header_visible_case"", ""failure_excerpt_sha256"": ""3bd526e1c1acd6c1247d5c2bc5922ba0fe37bf52c329d978674044d6632ac2d2"", ""field_name"": ""external_requests_code_signals"", ""field_values"": [""merge_setting_none_header"", ""merge_setting"", ""merge_hooks"", ""src"", ""requests"", ""sessions"", ""session"", ""headers""], ""fixture_id"": ""external-code:psf/requests"", ""fixture_kind"": ""external_code_repair_transfer"", ""function_name"": ""merge_setting"", ""held_out_reference_sha256"": ""7e9ba034646362f98b516fa8e76957efa09aa4098fff9ee48fa67e1fbe61497d"", ""held_out_reference_span_sha256"": [""0da01aa1df1d7458d5c64fd7bdf8f3d2a71ae989e265aacd3c434f632585ce17""], ""hidden_counterexample_family"": ""requests_merge_setting_none_removal"", ""issue_task_id"": ""github:psf/requests#4965"", ""issue_title"": ""Request-level None headers should remove inherited session headers"", ""issue_url"": ""https://github.com/psf/requests/issues/1921"", ""ported_external_symbol"": ""requests.sessions.merge_setting"", ""quarantine_paths"": ["".external_code_quarantine/requests_merge_setting_reference.sha256""], ""repair_target"": ""shared/external_repair_target.py"", ""repair_test"": ""tests/test_external_code_repair_task.py"", ""safety_controls"": [""actual_buggy_source_excerpt"", ""bounded_source_excerpt"", ""bounded_failure_excerpt"", ""source_url_provenance"", ""disposable_repo_execution_only"", ""local_executable_repair_task"", ""quarantined_reference_fix_hash_only"", ""seeded_hidden_counterexamples_after_patch"", ""verbatim_reference_span_rejection"", ""quarantine_path_touch_rejection"", ""full_pytest_required""], ""source_commit_sha"": ""cd90742ed94d901759e26766197d0ce7c7bd9c8e"", ""source_file_path"": ""src/requests/sessions.py"", ""source_ref"": ""main"", ""source_repository"": ""psf/requests"", ""source_snippet_sha256"": ""4b0fdea45f0aca37fa69a3c0f4fd350134135ce7e397ecb311efc9eef0de04d9"", ""source_symbols"": [""merge_setting"", ""merge_hooks"", ""src"", ""requests"", ""sessions""], ""source_url"": ""https://raw.githubusercontent.com/psf/requests/main/src/requests/sessions.py""}",requests_merge_setting_none_removal,True
external_requests_code_transfer_repo,"Executable psf/requests merge_setting bug port with buggy source, visible failing test, quarantined reference hash, and hidden seed-derived cases.",external_requests_code_failure_fixture_query,agent_coding_loop,baseline_agent_coding_loop,Baseline: single-pass automated coding loop with validation but without persistent recursive depth.,7,433ff73aab11,0,0.47,0,1,0.0,0,True,False,0,0.47,0,/tmp/rsi_experiments_o8w6nkxd/external_requests_code_transfer_repo__external_requests_code_failure_fixture_query__agent_coding_loop__r7/.omega_rsi_runs/closed_rsi_summary.json,"code_repair"",
          ""kind"": ""solver_primitive"",
          ""name"": ""merge_setting_empty_only"",
          ""rationale"": ""Reusable primitive for external_code_repair benchmark tasks."",
          ""target_surface"": ""shared/capability_primitives.py"",
          ""validation_plan"": {
            ""commands"": [
              [
                ""python"",
                ""-m"",
                ""pytest"",
                ""-q"",
                ""tests/test_capability_external_code_repair_operator_v1.py""
              ]
            ],
            ""expected_signals"": [
              ""public_counterexample_passes"",
              ""hidden_transfer_case_passes"",
              ""no_broad_regression_gate_failure""
            ],
            ""name"": ""validate_merge_setting_empty_only""
          }
        },
        {
          ""family"": ""external_code_repair"",
          ""kind"": ""search_heuristic"",
          ""name"": ""prefer_merge_setting_empty_only_reuse"",
          ""rationale"": ""Rank exact capability repair operators ahead of unrelated schema repairs."",
          ""target_surface"": ""scripts/closed_recursive_self_improvement_loop.py"",
          ""validation_plan"": {
            ""commands"": [
              [
                ""python"",
                ""-m"",
                ""pytest"",
                ""-q"",
                ""tests/test_capability_external_code_repair_operator_v1.py""
              ]
            ],
            ""expected_signals"": [
              ""public_counterexample_passes"",
              ""hidden_transfer_case_passes"",
              ""no_broad_regression_gate_failure""
            ],
            ""name"": ""validate_merge_setting_empty_only""
          }
        },
        {
          ""family"": ""external_code_repair"",
          ""kind"": ""evaluator_mutation"",
          ""name"": ""merge_setting_empty_only_hidden_transfer_case"",
          ""rationale"": ""Add a held-out case that checks transfer beyond the public example."",
          ""target_surface"": ""shared/capability_benchmarks.py"",
          ""validation_plan"": {
            ""commands"": [
              [
                ""python"",
                ""-m"",
                ""pytest"",
                ""-q"",
                ""tests/test_capability_external_code_repair_operator_v1.py""
              ]
            ],
            ""expected_signals"": [
              ""public_counterexample_passes"",
              ""hidden_transfer_case_passes"",
              ""no_broad_regression_gate_failure""
            ],
            ""name"": ""validate_merge_setting_empty_only""
          }
        },
        {
          ""family"": ""external_code_repair"",
          ""kind"": ""counterexample_test"",
          ""name"": ""test_merge_setting_empty_only_counterexample"",
          ""rationale"": ""Lock the primitive with public and hidden transfer counterexamples."",
          ""target_surface"": ""tests/test_capability_external_code_repair_operator_v1.py"",
          ""validation_plan"": {
            ""commands"": [
              [
                ""python"",
                ""-m"",
                ""pytest"",
                ""-q"",
                ""tests/test_capability_external_code_repair_operator_v1.py""
              ]
            ],
            ""expected_signals"": [
              ""public_counterexample_passes"",
              ""hidden_transfer_case_passes"",
              ""no_broad_regression_gate_failure""
            ],
            ""name"": ""validate_merge_setting_empty_only""
          }
        }
      ],
      ""promoted"": false,
      ""quarantine"": false,
      ""started_at"": ""2026-06-03T12:50:21Z"",
      ""target_path"": ""shared/external_repair_target.py"",
      ""test_path"": ""tests/test_external_code_repair_task.py""
    }
  ],
  ""rollback"": true,
  ""solved_new_tasks"": 0,
  ""state_path"": ""/tmp/rsi_experiments_o8w6nkxd/external_requests_code_transfer_repo__external_requests_code_failure_fixture_query__agent_coding_loop__r7/.omega_rsi_runs/closed_rsi_state.json"",
  ""thdse_core_gate"": true,
  ""total_accepted"": 0,
  ""total_quarantine_exploration"": 0,
  ""total_rejected"": 1
}
",,external_code_unseen,psf/requests,Measure transfer on a sandbox fixture extracted from actual psf/requests source snippets and issue failure excerpts.,External code transfer succeeds when the loop repairs a local executable failure target derived from bounded psf/requests source and failure snippets.,0.449,0,0,2,1,0,0,python -m pytest -q,,True,433ff73aab11,f82f1db6a1f8461f6495fe335c3816a0b528a6c72e06208ca79bd174ebdcad2b,"{""buggy_source_path"": ""shared/external_repair_target.py"", ""buggy_source_sha256"": ""e091fb3f780565f4d258d4d5a3a72fc67a3f798249726053347dde4ea75d27a7"", ""copied_failure_fixture"": ""external_sandbox/failure_excerpt.txt"", ""copied_source_fixture"": ""external_sandbox/source_snippet.txt"", ""failing_test"": ""tests/test_external_code_repair_task.py::test_requests_header_none_removes_session_header_visible_case"", ""failure_excerpt_sha256"": ""3bd526e1c1acd6c1247d5c2bc5922ba0fe37bf52c329d978674044d6632ac2d2"", ""field_name"": ""external_requests_code_signals"", ""field_values"": [""merge_setting_none_header"", ""merge_setting"", ""merge_hooks"", ""src"", ""requests"", ""sessions"", ""session"", ""headers""], ""fixture_id"": ""external-code:psf/requests"", ""fixture_kind"": ""external_code_repair_transfer"", ""function_name"": ""merge_setting"", ""held_out_reference_sha256"": ""7e9ba034646362f98b516fa8e76957efa09aa4098fff9ee48fa67e1fbe61497d"", ""held_out_reference_span_sha256"": [""0da01aa1df1d7458d5c64fd7bdf8f3d2a71ae989e265aacd3c434f632585ce17""], ""hidden_counterexample_family"": ""requests_merge_setting_none_removal"", ""issue_task_id"": ""github:psf/requests#4965"", ""issue_title"": ""Request-level None headers should remove inherited session headers"", ""issue_url"": ""https://github.com/psf/requests/issues/1921"", ""ported_external_symbol"": ""requests.sessions.merge_setting"", ""quarantine_paths"": ["".external_code_quarantine/requests_merge_setting_reference.sha256""], ""repair_target"": ""shared/external_repair_target.py"", ""repair_test"": ""tests/test_external_code_repair_task.py"", ""safety_controls"": [""actual_buggy_source_excerpt"", ""bounded_source_excerpt"", ""bounded_failure_excerpt"", ""source_url_provenance"", ""disposable_repo_execution_only"", ""local_executable_repair_task"", ""quarantined_reference_fix_hash_only"", ""seeded_hidden_counterexamples_after_patch"", ""verbatim_reference_span_rejection"", ""quarantine_path_touch_rejection"", ""full_pytest_required""], ""source_commit_sha"": ""cd90742ed94d901759e26766197d0ce7c7bd9c8e"", ""source_file_path"": ""src/requests/sessions.py"", ""source_ref"": ""main"", ""source_repository"": ""psf/requests"", ""source_snippet_sha256"": ""4b0fdea45f0aca37fa69a3c0f4fd350134135ce7e397ecb311efc9eef0de04d9"", ""source_symbols"": [""merge_setting"", ""merge_hooks"", ""src"", ""requests"", ""sessions""], ""source_url"": ""https://raw.githubusercontent.com/psf/requests/main/src/requests/sessions.py""}",requests_merge_setting_none_removal,True
external_requests_code_transfer_repo,"Executable psf/requests merge_setting bug port with buggy source, visible failing test, quarantined reference hash, and hidden seed-derived cases.",external_requests_code_failure_fixture_query,evolutionary_repair_loop,baseline_evolutionary_repair_loop,Baseline: retry candidate repair loop with the same safety gates but without recursive quarantine search or persistent self-policy depth.,7,433ff73aab11,0,1.288,0,3,0.0,0,True,False,0,1.288,0,/tmp/rsi_experiments_o8w6nkxd/external_requests_code_transfer_repo__external_requests_code_failure_fixture_query__evolutionary_repair_loop__r7/.omega_rsi_runs/closed_rsi_summary.json,"merge_setting_visible_header_set"",
          ""rationale"": ""Reusable primitive for external_code_repair benchmark tasks."",
          ""target_surface"": ""shared/capability_primitives.py"",
          ""validation_plan"": {
            ""commands"": [
              [
                ""python"",
                ""-m"",
                ""pytest"",
                ""-q"",
                ""tests/test_capability_external_code_repair_operator_v1.py""
              ]
            ],
            ""expected_signals"": [
              ""public_counterexample_passes"",
              ""hidden_transfer_case_passes"",
              ""no_broad_regression_gate_failure""
            ],
            ""name"": ""validate_merge_setting_visible_header_set""
          }
        },
        {
          ""family"": ""external_code_repair"",
          ""kind"": ""search_heuristic"",
          ""name"": ""prefer_merge_setting_visible_header_set_reuse"",
          ""rationale"": ""Rank exact capability repair operators ahead of unrelated schema repairs."",
          ""target_surface"": ""scripts/closed_recursive_self_improvement_loop.py"",
          ""validation_plan"": {
            ""commands"": [
              [
                ""python"",
                ""-m"",
                ""pytest"",
                ""-q"",
                ""tests/test_capability_external_code_repair_operator_v1.py""
              ]
            ],
            ""expected_signals"": [
              ""public_counterexample_passes"",
              ""hidden_transfer_case_passes"",
              ""no_broad_regression_gate_failure""
            ],
            ""name"": ""validate_merge_setting_visible_header_set""
          }
        },
        {
          ""family"": ""external_code_repair"",
          ""kind"": ""evaluator_mutation"",
          ""name"": ""merge_setting_visible_header_set_hidden_transfer_case"",
          ""rationale"": ""Add a held-out case that checks transfer beyond the public example."",
          ""target_surface"": ""shared/capability_benchmarks.py"",
          ""validation_plan"": {
            ""commands"": [
              [
                ""python"",
                ""-m"",
                ""pytest"",
                ""-q"",
                ""tests/test_capability_external_code_repair_operator_v1.py""
              ]
            ],
            ""expected_signals"": [
              ""public_counterexample_passes"",
              ""hidden_transfer_case_passes"",
              ""no_broad_regression_gate_failure""
            ],
            ""name"": ""validate_merge_setting_visible_header_set""
          }
        },
        {
          ""family"": ""external_code_repair"",
          ""kind"": ""counterexample_test"",
          ""name"": ""test_merge_setting_visible_header_set_counterexample"",
          ""rationale"": ""Lock the primitive with public and hidden transfer counterexamples."",
          ""target_surface"": ""tests/test_capability_external_code_repair_operator_v1.py"",
          ""validation_plan"": {
            ""commands"": [
              [
                ""python"",
                ""-m"",
                ""pytest"",
                ""-q"",
                ""tests/test_capability_external_code_repair_operator_v1.py""
              ]
            ],
            ""expected_signals"": [
              ""public_counterexample_passes"",
              ""hidden_transfer_case_passes"",
              ""no_broad_regression_gate_failure""
            ],
            ""name"": ""validate_merge_setting_visible_header_set""
          }
        }
      ],
      ""promoted"": false,
      ""quarantine"": false,
      ""started_at"": ""2026-06-03T12:50:22Z"",
      ""target_path"": ""shared/external_repair_target.py"",
      ""test_path"": ""tests/test_external_code_repair_task.py""
    }
  ],
  ""rollback"": true,
  ""solved_new_tasks"": 0,
  ""state_path"": ""/tmp/rsi_experiments_o8w6nkxd/external_requests_code_transfer_repo__external_requests_code_failure_fixture_query__evolutionary_repair_loop__r7/.omega_rsi_runs/closed_rsi_state.json"",
  ""thdse_core_gate"": true,
  ""total_accepted"": 0,
  ""total_quarantine_exploration"": 0,
  ""total_rejected"": 3
}
",,external_code_unseen,psf/requests,Measure transfer on a sandbox fixture extracted from actual psf/requests source snippets and issue failure excerpts.,External code transfer succeeds when the loop repairs a local executable failure target derived from bounded psf/requests source and failure snippets.,1.347,0,0,6,3,0,0,python -m pytest -q,,True,433ff73aab11,61a09e35278a6165d93884aa6d9c19aed73b28fe9c0e2ad0b6adb5271fe2a67f,"{""buggy_source_path"": ""shared/external_repair_target.py"", ""buggy_source_sha256"": ""e091fb3f780565f4d258d4d5a3a72fc67a3f798249726053347dde4ea75d27a7"", ""copied_failure_fixture"": ""external_sandbox/failure_excerpt.txt"", ""copied_source_fixture"": ""external_sandbox/source_snippet.txt"", ""failing_test"": ""tests/test_external_code_repair_task.py::test_requests_header_none_removes_session_header_visible_case"", ""failure_excerpt_sha256"": ""3bd526e1c1acd6c1247d5c2bc5922ba0fe37bf52c329d978674044d6632ac2d2"", ""field_name"": ""external_requests_code_signals"", ""field_values"": [""merge_setting_none_header"", ""merge_setting"", ""merge_hooks"", ""src"", ""requests"", ""sessions"", ""session"", ""headers""], ""fixture_id"": ""external-code:psf/requests"", ""fixture_kind"": ""external_code_repair_transfer"", ""function_name"": ""merge_setting"", ""held_out_reference_sha256"": ""7e9ba034646362f98b516fa8e76957efa09aa4098fff9ee48fa67e1fbe61497d"", ""held_out_reference_span_sha256"": [""0da01aa1df1d7458d5c64fd7bdf8f3d2a71ae989e265aacd3c434f632585ce17""], ""hidden_counterexample_family"": ""requests_merge_setting_none_removal"", ""issue_task_id"": ""github:psf/requests#4965"", ""issue_title"": ""Request-level None headers should remove inherited session headers"", ""issue_url"": ""https://github.com/psf/requests/issues/1921"", ""ported_external_symbol"": ""requests.sessions.merge_setting"", ""quarantine_paths"": ["".external_code_quarantine/requests_merge_setting_reference.sha256""], ""repair_target"": ""shared/external_repair_target.py"", ""repair_test"": ""tests/test_external_code_repair_task.py"", ""safety_controls"": [""actual_buggy_source_excerpt"", ""bounded_source_excerpt"", ""bounded_failure_excerpt"", ""source_url_provenance"", ""disposable_repo_execution_only"", ""local_executable_repair_task"", ""quarantined_reference_fix_hash_only"", ""seeded_hidden_counterexamples_after_patch"", ""verbatim_reference_span_rejection"", ""quarantine_path_touch_rejection"", ""full_pytest_required""], ""source_commit_sha"": ""cd90742ed94d901759e26766197d0ce7c7bd9c8e"", ""source_file_path"": ""src/requests/sessions.py"", ""source_ref"": ""main"", ""source_repository"": ""psf/requests"", ""source_snippet_sha256"": ""4b0fdea45f0aca37fa69a3c0f4fd350134135ce7e397ecb311efc9eef0de04d9"", ""source_symbols"": [""merge_setting"", ""merge_hooks"", ""src"", ""requests"", ""sessions""], ""source_url"": ""https://raw.githubusercontent.com/psf/requests/main/src/requests/sessions.py""}",requests_merge_setting_none_removal,True
external_requests_code_transfer_repo,"Executable psf/requests merge_setting bug port with buggy source, visible failing test, quarantined reference hash, and hidden seed-derived cases.",external_requests_code_failure_fixture_query,ci_only_validation,baseline_ci_only,Baseline: run validation without candidate generation or code patching.,7,433ff73aab11,1,0.135,0,0,0.0,0,,False,0,0.135,0,/tmp/rsi_experiments_o8w6nkxd/external_requests_code_transfer_repo__external_requests_code_failure_fixture_query__ci_only_validation__r7/.omega_rsi_runs/closed_rsi_summary.json,"F                                                                        [100%]
=================================== FAILURES ===================================
________ test_requests_header_none_removes_session_header_visible_case _________

    def test_requests_header_none_removes_session_header_visible_case():
        failure_text = (Path.cwd() / ""external_sandbox"" / ""failure_excerpt.txt"").read_text(encoding=""utf-8"")
        session_headers = {""User-Agent"": ""session-agent"", ""Accept"": ""application/json""}
        request_headers = {""User-Agent"": None, ""Content-Type"": ""text/plain""}
    
        merged = merge_setting(request_headers, session_headers)
    
        assert failure_text
>       assert ""User-Agent"" not in merged
E       AssertionError: assert 'User-Agent' not in OrderedDict([('User-Agent', None), ('Accept', 'application/json'), ('Content-Type', 'text/plain')])

tests/test_external_code_repair_task.py:14: AssertionError
=========================== short test summary info ============================
FAILED tests/test_external_code_repair_task.py::test_requests_header_none_removes_session_header_visible_case - AssertionError: assert 'User-Agent' not in OrderedDict([('User-Agent', None), ('Accept', 'application/json'), ('Content-Type', 'text/plain')])
1 failed in 0.02s
",,external_code_unseen,psf/requests,Measure transfer on a sandbox fixture extracted from actual psf/requests source snippets and issue failure excerpts.,External code transfer succeeds when the loop repairs a local executable failure target derived from bounded psf/requests source and failure snippets.,0,0,0,0,0,0,0,python -m pytest -q,1,True,433ff73aab11,d7b9875aae8f9e7e1ee7008c73f86d2aa8224f67ad4dbab258b10c51533d1322,"{""buggy_source_path"": ""shared/external_repair_target.py"", ""buggy_source_sha256"": ""e091fb3f780565f4d258d4d5a3a72fc67a3f798249726053347dde4ea75d27a7"", ""copied_failure_fixture"": ""external_sandbox/failure_excerpt.txt"", ""copied_source_fixture"": ""external_sandbox/source_snippet.txt"", ""failing_test"": ""tests/test_external_code_repair_task.py::test_requests_header_none_removes_session_header_visible_case"", ""failure_excerpt_sha256"": ""3bd526e1c1acd6c1247d5c2bc5922ba0fe37bf52c329d978674044d6632ac2d2"", ""field_name"": ""external_requests_code_signals"", ""field_values"": [""merge_setting_none_header"", ""merge_setting"", ""merge_hooks"", ""src"", ""requests"", ""sessions"", ""session"", ""headers""], ""fixture_id"": ""external-code:psf/requests"", ""fixture_kind"": ""external_code_repair_transfer"", ""function_name"": ""merge_setting"", ""held_out_reference_sha256"": ""7e9ba034646362f98b516fa8e76957efa09aa4098fff9ee48fa67e1fbe61497d"", ""held_out_reference_span_sha256"": [""0da01aa1df1d7458d5c64fd7bdf8f3d2a71ae989e265aacd3c434f632585ce17""], ""hidden_counterexample_family"": ""requests_merge_setting_none_removal"", ""issue_task_id"": ""github:psf/requests#4965"", ""issue_title"": ""Request-level None headers should remove inherited session headers"", ""issue_url"": ""https://github.com/psf/requests/issues/1921"", ""ported_external_symbol"": ""requests.sessions.merge_setting"", ""quarantine_paths"": ["".external_code_quarantine/requests_merge_setting_reference.sha256""], ""repair_target"": ""shared/external_repair_target.py"", ""repair_test"": ""tests/test_external_code_repair_task.py"", ""safety_controls"": [""actual_buggy_source_excerpt"", ""bounded_source_excerpt"", ""bounded_failure_excerpt"", ""source_url_provenance"", ""disposable_repo_execution_only"", ""local_executable_repair_task"", ""quarantined_reference_fix_hash_only"", ""seeded_hidden_counterexamples_after_patch"", ""verbatim_reference_span_rejection"", ""quarantine_path_touch_rejection"", ""full_pytest_required""], ""source_commit_sha"": ""cd90742ed94d901759e26766197d0ce7c7bd9c8e"", ""source_file_path"": ""src/requests/sessions.py"", ""source_ref"": ""main"", ""source_repository"": ""psf/requests"", ""source_snippet_sha256"": ""4b0fdea45f0aca37fa69a3c0f4fd350134135ce7e397ecb311efc9eef0de04d9"", ""source_symbols"": [""merge_setting"", ""merge_hooks"", ""src"", ""requests"", ""sessions""], ""source_url"": ""https://raw.githubusercontent.com/psf/requests/main/src/requests/sessions.py""}",requests_merge_setting_none_removal,True
external_requests_code_transfer_repo,"Executable psf/requests merge_setting bug port with buggy source, visible failing test, quarantined reference hash, and hidden seed-derived cases.",external_requests_code_failure_fixture_query,verified_closed_loop,proposed,"Full loop: candidate generation, patching, rollback, persistence, root broad gate, and THDSE core gate.",8,2ef415011285,0,3.29,0,3,0.0,0,True,True,0,3.29,0,/tmp/rsi_experiments_o8w6nkxd/external_requests_code_transfer_repo__external_requests_code_failure_fixture_query__verified_closed_loop__r8/.omega_rsi_runs/closed_rsi_summary.json,"     ""kind"": ""solver_primitive"",
          ""name"": ""merge_setting_visible_only"",
          ""rationale"": ""Reusable primitive for external_code_repair benchmark tasks."",
          ""target_surface"": ""shared/capability_primitives.py"",
          ""validation_plan"": {
            ""commands"": [
              [
                ""python"",
                ""-m"",
                ""pytest"",
                ""-q"",
                ""tests/test_capability_external_code_repair_operator_v1.py""
              ]
            ],
            ""expected_signals"": [
              ""public_counterexample_passes"",
              ""hidden_transfer_case_passes"",
              ""no_broad_regression_gate_failure""
            ],
            ""name"": ""validate_merge_setting_visible_only""
          }
        },
        {
          ""family"": ""external_code_repair"",
          ""kind"": ""search_heuristic"",
          ""name"": ""prefer_merge_setting_visible_only_reuse"",
          ""rationale"": ""Rank exact capability repair operators ahead of unrelated schema repairs."",
          ""target_surface"": ""scripts/closed_recursive_self_improvement_loop.py"",
          ""validation_plan"": {
            ""commands"": [
              [
                ""python"",
                ""-m"",
                ""pytest"",
                ""-q"",
                ""tests/test_capability_external_code_repair_operator_v1.py""
              ]
            ],
            ""expected_signals"": [
              ""public_counterexample_passes"",
              ""hidden_transfer_case_passes"",
              ""no_broad_regression_gate_failure""
            ],
            ""name"": ""validate_merge_setting_visible_only""
          }
        },
        {
          ""family"": ""external_code_repair"",
          ""kind"": ""evaluator_mutation"",
          ""name"": ""merge_setting_visible_only_hidden_transfer_case"",
          ""rationale"": ""Add a held-out case that checks transfer beyond the public example."",
          ""target_surface"": ""shared/capability_benchmarks.py"",
          ""validation_plan"": {
            ""commands"": [
              [
                ""python"",
                ""-m"",
                ""pytest"",
                ""-q"",
                ""tests/test_capability_external_code_repair_operator_v1.py""
              ]
            ],
            ""expected_signals"": [
              ""public_counterexample_passes"",
              ""hidden_transfer_case_passes"",
              ""no_broad_regression_gate_failure""
            ],
            ""name"": ""validate_merge_setting_visible_only""
          }
        },
        {
          ""family"": ""external_code_repair"",
          ""kind"": ""counterexample_test"",
          ""name"": ""test_merge_setting_visible_only_counterexample"",
          ""rationale"": ""Lock the primitive with public and hidden transfer counterexamples."",
          ""target_surface"": ""tests/test_capability_external_code_repair_operator_v1.py"",
          ""validation_plan"": {
            ""commands"": [
              [
                ""python"",
                ""-m"",
                ""pytest"",
                ""-q"",
                ""tests/test_capability_external_code_repair_operator_v1.py""
              ]
            ],
            ""expected_signals"": [
              ""public_counterexample_passes"",
              ""hidden_transfer_case_passes"",
              ""no_broad_regression_gate_failure""
            ],
            ""name"": ""validate_merge_setting_visible_only""
          }
        }
      ],
      ""promoted"": false,
      ""quarantine"": false,
      ""started_at"": ""2026-06-03T12:50:23Z"",
      ""target_path"": ""shared/external_repair_target.py"",
      ""test_path"": ""tests/test_external_code_repair_task.py""
    }
  ],
  ""rollback"": true,
  ""solved_new_tasks"": 0,
  ""state_path"": ""/tmp/rsi_experiments_o8w6nkxd/external_requests_code_transfer_repo__external_requests_code_failure_fixture_query__verified_closed_loop__r8/.omega_rsi_runs/closed_rsi_state.json"",
  ""thdse_core_gate"": true,
  ""total_accepted"": 0,
  ""total_quarantine_exploration"": 6,
  ""total_rejected"": 3
}
",,external_code_unseen,psf/requests,Measure transfer on a sandbox fixture extracted from actual psf/requests source snippets and issue failure excerpts.,External code transfer succeeds when the loop repairs a local executable failure target derived from bounded psf/requests source and failure snippets.,1.347,0,0,6,3,6,6,python -m pytest -q,,True,2ef415011285,756dfb7fead5d879647a18628db23e08b57c1cdd98fb6786d9f41c44751526f9,"{""buggy_source_path"": ""shared/external_repair_target.py"", ""buggy_source_sha256"": ""e091fb3f780565f4d258d4d5a3a72fc67a3f798249726053347dde4ea75d27a7"", ""copied_failure_fixture"": ""external_sandbox/failure_excerpt.txt"", ""copied_source_fixture"": ""external_sandbox/source_snippet.txt"", ""failing_test"": ""tests/test_external_code_repair_task.py::test_requests_header_none_removes_session_header_visible_case"", ""failure_excerpt_sha256"": ""3bd526e1c1acd6c1247d5c2bc5922ba0fe37bf52c329d978674044d6632ac2d2"", ""field_name"": ""external_requests_code_signals"", ""field_values"": [""merge_setting_none_header"", ""merge_setting"", ""merge_hooks"", ""src"", ""requests"", ""sessions"", ""session"", ""headers""], ""fixture_id"": ""external-code:psf/requests"", ""fixture_kind"": ""external_code_repair_transfer"", ""function_name"": ""merge_setting"", ""held_out_reference_sha256"": ""7e9ba034646362f98b516fa8e76957efa09aa4098fff9ee48fa67e1fbe61497d"", ""held_out_reference_span_sha256"": [""0da01aa1df1d7458d5c64fd7bdf8f3d2a71ae989e265aacd3c434f632585ce17""], ""hidden_counterexample_family"": ""requests_merge_setting_none_removal"", ""issue_task_id"": ""github:psf/requests#4965"", ""issue_title"": ""Request-level None headers should remove inherited session headers"", ""issue_url"": ""https://github.com/psf/requests/issues/1921"", ""ported_external_symbol"": ""requests.sessions.merge_setting"", ""quarantine_paths"": ["".external_code_quarantine/requests_merge_setting_reference.sha256""], ""repair_target"": ""shared/external_repair_target.py"", ""repair_test"": ""tests/test_external_code_repair_task.py"", ""safety_controls"": [""actual_buggy_source_excerpt"", ""bounded_source_excerpt"", ""bounded_failure_excerpt"", ""source_url_provenance"", ""disposable_repo_execution_only"", ""local_executable_repair_task"", ""quarantined_reference_fix_hash_only"", ""seeded_hidden_counterexamples_after_patch"", ""verbatim_reference_span_rejection"", ""quarantine_path_touch_rejection"", ""full_pytest_required""], ""source_commit_sha"": ""cd90742ed94d901759e26766197d0ce7c7bd9c8e"", ""source_file_path"": ""src/requests/sessions.py"", ""source_ref"": ""main"", ""source_repository"": ""psf/requests"", ""source_snippet_sha256"": ""4b0fdea45f0aca37fa69a3c0f4fd350134135ce7e397ecb311efc9eef0de04d9"", ""source_symbols"": [""merge_setting"", ""merge_hooks"", ""src"", ""requests"", ""sessions""], ""source_url"": ""https://raw.githubusercontent.com/psf/requests/main/src/requests/sessions.py""}",requests_merge_setting_none_removal,True
external_requests_code_transfer_repo,"Executable psf/requests merge_setting bug port with buggy source, visible failing test, quarantined reference hash, and hidden seed-derived cases.",external_requests_code_failure_fixture_query,agent_coding_loop,baseline_agent_coding_loop,Baseline: single-pass automated coding loop with validation but without persistent recursive depth.,8,2ef415011285,0,0.437,0,1,0.0,0,True,False,0,0.437,0,/tmp/rsi_experiments_o8w6nkxd/external_requests_code_transfer_repo__external_requests_code_failure_fixture_query__agent_coding_loop__r8/.omega_rsi_runs/closed_rsi_summary.json,"erge_setting_user_agent_casefold"",
          ""rationale"": ""Reusable primitive for external_code_repair benchmark tasks."",
          ""target_surface"": ""shared/capability_primitives.py"",
          ""validation_plan"": {
            ""commands"": [
              [
                ""python"",
                ""-m"",
                ""pytest"",
                ""-q"",
                ""tests/test_capability_external_code_repair_operator_v1.py""
              ]
            ],
            ""expected_signals"": [
              ""public_counterexample_passes"",
              ""hidden_transfer_case_passes"",
              ""no_broad_regression_gate_failure""
            ],
            ""name"": ""validate_merge_setting_user_agent_casefold""
          }
        },
        {
          ""family"": ""external_code_repair"",
          ""kind"": ""search_heuristic"",
          ""name"": ""prefer_merge_setting_user_agent_casefold_reuse"",
          ""rationale"": ""Rank exact capability repair operators ahead of unrelated schema repairs."",
          ""target_surface"": ""scripts/closed_recursive_self_improvement_loop.py"",
          ""validation_plan"": {
            ""commands"": [
              [
                ""python"",
                ""-m"",
                ""pytest"",
                ""-q"",
                ""tests/test_capability_external_code_repair_operator_v1.py""
              ]
            ],
            ""expected_signals"": [
              ""public_counterexample_passes"",
              ""hidden_transfer_case_passes"",
              ""no_broad_regression_gate_failure""
            ],
            ""name"": ""validate_merge_setting_user_agent_casefold""
          }
        },
        {
          ""family"": ""external_code_repair"",
          ""kind"": ""evaluator_mutation"",
          ""name"": ""merge_setting_user_agent_casefold_hidden_transfer_case"",
          ""rationale"": ""Add a held-out case that checks transfer beyond the public example."",
          ""target_surface"": ""shared/capability_benchmarks.py"",
          ""validation_plan"": {
            ""commands"": [
              [
                ""python"",
                ""-m"",
                ""pytest"",
                ""-q"",
                ""tests/test_capability_external_code_repair_operator_v1.py""
              ]
            ],
            ""expected_signals"": [
              ""public_counterexample_passes"",
              ""hidden_transfer_case_passes"",
              ""no_broad_regression_gate_failure""
            ],
            ""name"": ""validate_merge_setting_user_agent_casefold""
          }
        },
        {
          ""family"": ""external_code_repair"",
          ""kind"": ""counterexample_test"",
          ""name"": ""test_merge_setting_user_agent_casefold_counterexample"",
          ""rationale"": ""Lock the primitive with public and hidden transfer counterexamples."",
          ""target_surface"": ""tests/test_capability_external_code_repair_operator_v1.py"",
          ""validation_plan"": {
            ""commands"": [
              [
                ""python"",
                ""-m"",
                ""pytest"",
                ""-q"",
                ""tests/test_capability_external_code_repair_operator_v1.py""
              ]
            ],
            ""expected_signals"": [
              ""public_counterexample_passes"",
              ""hidden_transfer_case_passes"",
              ""no_broad_regression_gate_failure""
            ],
            ""name"": ""validate_merge_setting_user_agent_casefold""
          }
        }
      ],
      ""promoted"": false,
      ""quarantine"": false,
      ""started_at"": ""2026-06-03T12:50:26Z"",
      ""target_path"": ""shared/external_repair_target.py"",
      ""test_path"": ""tests/test_external_code_repair_task.py""
    }
  ],
  ""rollback"": true,
  ""solved_new_tasks"": 0,
  ""state_path"": ""/tmp/rsi_experiments_o8w6nkxd/external_requests_code_transfer_repo__external_requests_code_failure_fixture_query__agent_coding_loop__r8/.omega_rsi_runs/closed_rsi_state.json"",
  ""thdse_core_gate"": true,
  ""total_accepted"": 0,
  ""total_quarantine_exploration"": 0,
  ""total_rejected"": 1
}
",,external_code_unseen,psf/requests,Measure transfer on a sandbox fixture extracted from actual psf/requests source snippets and issue failure excerpts.,External code transfer succeeds when the loop repairs a local executable failure target derived from bounded psf/requests source and failure snippets.,0.449,0,0,2,1,0,0,python -m pytest -q,,True,2ef415011285,83352d487c03a6301603859de3adaf4fb74c10fbcefa16eb09416f5a27cabcdb,"{""buggy_source_path"": ""shared/external_repair_target.py"", ""buggy_source_sha256"": ""e091fb3f780565f4d258d4d5a3a72fc67a3f798249726053347dde4ea75d27a7"", ""copied_failure_fixture"": ""external_sandbox/failure_excerpt.txt"", ""copied_source_fixture"": ""external_sandbox/source_snippet.txt"", ""failing_test"": ""tests/test_external_code_repair_task.py::test_requests_header_none_removes_session_header_visible_case"", ""failure_excerpt_sha256"": ""3bd526e1c1acd6c1247d5c2bc5922ba0fe37bf52c329d978674044d6632ac2d2"", ""field_name"": ""external_requests_code_signals"", ""field_values"": [""merge_setting_none_header"", ""merge_setting"", ""merge_hooks"", ""src"", ""requests"", ""sessions"", ""session"", ""headers""], ""fixture_id"": ""external-code:psf/requests"", ""fixture_kind"": ""external_code_repair_transfer"", ""function_name"": ""merge_setting"", ""held_out_reference_sha256"": ""7e9ba034646362f98b516fa8e76957efa09aa4098fff9ee48fa67e1fbe61497d"", ""held_out_reference_span_sha256"": [""0da01aa1df1d7458d5c64fd7bdf8f3d2a71ae989e265aacd3c434f632585ce17""], ""hidden_counterexample_family"": ""requests_merge_setting_none_removal"", ""issue_task_id"": ""github:psf/requests#4965"", ""issue_title"": ""Request-level None headers should remove inherited session headers"", ""issue_url"": ""https://github.com/psf/requests/issues/1921"", ""ported_external_symbol"": ""requests.sessions.merge_setting"", ""quarantine_paths"": ["".external_code_quarantine/requests_merge_setting_reference.sha256""], ""repair_target"": ""shared/external_repair_target.py"", ""repair_test"": ""tests/test_external_code_repair_task.py"", ""safety_controls"": [""actual_buggy_source_excerpt"", ""bounded_source_excerpt"", ""bounded_failure_excerpt"", ""source_url_provenance"", ""disposable_repo_execution_only"", ""local_executable_repair_task"", ""quarantined_reference_fix_hash_only"", ""seeded_hidden_counterexamples_after_patch"", ""verbatim_reference_span_rejection"", ""quarantine_path_touch_rejection"", ""full_pytest_required""], ""source_commit_sha"": ""cd90742ed94d901759e26766197d0ce7c7bd9c8e"", ""source_file_path"": ""src/requests/sessions.py"", ""source_ref"": ""main"", ""source_repository"": ""psf/requests"", ""source_snippet_sha256"": ""4b0fdea45f0aca37fa69a3c0f4fd350134135ce7e397ecb311efc9eef0de04d9"", ""source_symbols"": [""merge_setting"", ""merge_hooks"", ""src"", ""requests"", ""sessions""], ""source_url"": ""https://raw.githubusercontent.com/psf/requests/main/src/requests/sessions.py""}",requests_merge_setting_none_removal,True
external_requests_code_transfer_repo,"Executable psf/requests merge_setting bug port with buggy source, visible failing test, quarantined reference hash, and hidden seed-derived cases.",external_requests_code_failure_fixture_query,evolutionary_repair_loop,baseline_evolutionary_repair_loop,Baseline: retry candidate repair loop with the same safety gates but without recursive quarantine search or persistent self-policy depth.,8,2ef415011285,0,1.17,0,3,0.0,0,True,False,0,1.17,0,/tmp/rsi_experiments_o8w6nkxd/external_requests_code_transfer_repo__external_requests_code_failure_fixture_query__evolutionary_repair_loop__r8/.omega_rsi_runs/closed_rsi_summary.json," ""kind"": ""solver_primitive"",
          ""name"": ""merge_setting_visible_only"",
          ""rationale"": ""Reusable primitive for external_code_repair benchmark tasks."",
          ""target_surface"": ""shared/capability_primitives.py"",
          ""validation_plan"": {
            ""commands"": [
              [
                ""python"",
                ""-m"",
                ""pytest"",
                ""-q"",
                ""tests/test_capability_external_code_repair_operator_v1.py""
              ]
            ],
            ""expected_signals"": [
              ""public_counterexample_passes"",
              ""hidden_transfer_case_passes"",
              ""no_broad_regression_gate_failure""
            ],
            ""name"": ""validate_merge_setting_visible_only""
          }
        },
        {
          ""family"": ""external_code_repair"",
          ""kind"": ""search_heuristic"",
          ""name"": ""prefer_merge_setting_visible_only_reuse"",
          ""rationale"": ""Rank exact capability repair operators ahead of unrelated schema repairs."",
          ""target_surface"": ""scripts/closed_recursive_self_improvement_loop.py"",
          ""validation_plan"": {
            ""commands"": [
              [
                ""python"",
                ""-m"",
                ""pytest"",
                ""-q"",
                ""tests/test_capability_external_code_repair_operator_v1.py""
              ]
            ],
            ""expected_signals"": [
              ""public_counterexample_passes"",
              ""hidden_transfer_case_passes"",
              ""no_broad_regression_gate_failure""
            ],
            ""name"": ""validate_merge_setting_visible_only""
          }
        },
        {
          ""family"": ""external_code_repair"",
          ""kind"": ""evaluator_mutation"",
          ""name"": ""merge_setting_visible_only_hidden_transfer_case"",
          ""rationale"": ""Add a held-out case that checks transfer beyond the public example."",
          ""target_surface"": ""shared/capability_benchmarks.py"",
          ""validation_plan"": {
            ""commands"": [
              [
                ""python"",
                ""-m"",
                ""pytest"",
                ""-q"",
                ""tests/test_capability_external_code_repair_operator_v1.py""
              ]
            ],
            ""expected_signals"": [
              ""public_counterexample_passes"",
              ""hidden_transfer_case_passes"",
              ""no_broad_regression_gate_failure""
            ],
            ""name"": ""validate_merge_setting_visible_only""
          }
        },
        {
          ""family"": ""external_code_repair"",
          ""kind"": ""counterexample_test"",
          ""name"": ""test_merge_setting_visible_only_counterexample"",
          ""rationale"": ""Lock the primitive with public and hidden transfer counterexamples."",
          ""target_surface"": ""tests/test_capability_external_code_repair_operator_v1.py"",
          ""validation_plan"": {
            ""commands"": [
              [
                ""python"",
                ""-m"",
                ""pytest"",
                ""-q"",
                ""tests/test_capability_external_code_repair_operator_v1.py""
              ]
            ],
            ""expected_signals"": [
              ""public_counterexample_passes"",
              ""hidden_transfer_case_passes"",
              ""no_broad_regression_gate_failure""
            ],
            ""name"": ""validate_merge_setting_visible_only""
          }
        }
      ],
      ""promoted"": false,
      ""quarantine"": false,
      ""started_at"": ""2026-06-03T12:50:27Z"",
      ""target_path"": ""shared/external_repair_target.py"",
      ""test_path"": ""tests/test_external_code_repair_task.py""
    }
  ],
  ""rollback"": true,
  ""solved_new_tasks"": 0,
  ""state_path"": ""/tmp/rsi_experiments_o8w6nkxd/external_requests_code_transfer_repo__external_requests_code_failure_fixture_query__evolutionary_repair_loop__r8/.omega_rsi_runs/closed_rsi_state.json"",
  ""thdse_core_gate"": true,
  ""total_accepted"": 0,
  ""total_quarantine_exploration"": 0,
  ""total_rejected"": 3
}
",,external_code_unseen,psf/requests,Measure transfer on a sandbox fixture extracted from actual psf/requests source snippets and issue failure excerpts.,External code transfer succeeds when the loop repairs a local executable failure target derived from bounded psf/requests source and failure snippets.,1.347,0,0,6,3,0,0,python -m pytest -q,,True,2ef415011285,d8b52ac79c10313c54f35cc6798878c73555e3c6e15c6a00b7971d5a846234fe,"{""buggy_source_path"": ""shared/external_repair_target.py"", ""buggy_source_sha256"": ""e091fb3f780565f4d258d4d5a3a72fc67a3f798249726053347dde4ea75d27a7"", ""copied_failure_fixture"": ""external_sandbox/failure_excerpt.txt"", ""copied_source_fixture"": ""external_sandbox/source_snippet.txt"", ""failing_test"": ""tests/test_external_code_repair_task.py::test_requests_header_none_removes_session_header_visible_case"", ""failure_excerpt_sha256"": ""3bd526e1c1acd6c1247d5c2bc5922ba0fe37bf52c329d978674044d6632ac2d2"", ""field_name"": ""external_requests_code_signals"", ""field_values"": [""merge_setting_none_header"", ""merge_setting"", ""merge_hooks"", ""src"", ""requests"", ""sessions"", ""session"", ""headers""], ""fixture_id"": ""external-code:psf/requests"", ""fixture_kind"": ""external_code_repair_transfer"", ""function_name"": ""merge_setting"", ""held_out_reference_sha256"": ""7e9ba034646362f98b516fa8e76957efa09aa4098fff9ee48fa67e1fbe61497d"", ""held_out_reference_span_sha256"": [""0da01aa1df1d7458d5c64fd7bdf8f3d2a71ae989e265aacd3c434f632585ce17""], ""hidden_counterexample_family"": ""requests_merge_setting_none_removal"", ""issue_task_id"": ""github:psf/requests#4965"", ""issue_title"": ""Request-level None headers should remove inherited session headers"", ""issue_url"": ""https://github.com/psf/requests/issues/1921"", ""ported_external_symbol"": ""requests.sessions.merge_setting"", ""quarantine_paths"": ["".external_code_quarantine/requests_merge_setting_reference.sha256""], ""repair_target"": ""shared/external_repair_target.py"", ""repair_test"": ""tests/test_external_code_repair_task.py"", ""safety_controls"": [""actual_buggy_source_excerpt"", ""bounded_source_excerpt"", ""bounded_failure_excerpt"", ""source_url_provenance"", ""disposable_repo_execution_only"", ""local_executable_repair_task"", ""quarantined_reference_fix_hash_only"", ""seeded_hidden_counterexamples_after_patch"", ""verbatim_reference_span_rejection"", ""quarantine_path_touch_rejection"", ""full_pytest_required""], ""source_commit_sha"": ""cd90742ed94d901759e26766197d0ce7c7bd9c8e"", ""source_file_path"": ""src/requests/sessions.py"", ""source_ref"": ""main"", ""source_repository"": ""psf/requests"", ""source_snippet_sha256"": ""4b0fdea45f0aca37fa69a3c0f4fd350134135ce7e397ecb311efc9eef0de04d9"", ""source_symbols"": [""merge_setting"", ""merge_hooks"", ""src"", ""requests"", ""sessions""], ""source_url"": ""https://raw.githubusercontent.com/psf/requests/main/src/requests/sessions.py""}",requests_merge_setting_none_removal,True
external_requests_code_transfer_repo,"Executable psf/requests merge_setting bug port with buggy source, visible failing test, quarantined reference hash, and hidden seed-derived cases.",external_requests_code_failure_fixture_query,ci_only_validation,baseline_ci_only,Baseline: run validation without candidate generation or code patching.,8,2ef415011285,1,0.122,0,0,0.0,0,,False,0,0.122,0,/tmp/rsi_experiments_o8w6nkxd/external_requests_code_transfer_repo__external_requests_code_failure_fixture_query__ci_only_validation__r8/.omega_rsi_runs/closed_rsi_summary.json,"F                                                                        [100%]
=================================== FAILURES ===================================
________ test_requests_header_none_removes_session_header_visible_case _________

    def test_requests_header_none_removes_session_header_visible_case():
        failure_text = (Path.cwd() / ""external_sandbox"" / ""failure_excerpt.txt"").read_text(encoding=""utf-8"")
        session_headers = {""User-Agent"": ""session-agent"", ""Accept"": ""application/json""}
        request_headers = {""User-Agent"": None, ""Content-Type"": ""text/plain""}
    
        merged = merge_setting(request_headers, session_headers)
    
        assert failure_text
>       assert ""User-Agent"" not in merged
E       AssertionError: assert 'User-Agent' not in OrderedDict([('User-Agent', None), ('Accept', 'application/json'), ('Content-Type', 'text/plain')])

tests/test_external_code_repair_task.py:14: AssertionError
=========================== short test summary info ============================
FAILED tests/test_external_code_repair_task.py::test_requests_header_none_removes_session_header_visible_case - AssertionError: assert 'User-Agent' not in OrderedDict([('User-Agent', None), ('Accept', 'application/json'), ('Content-Type', 'text/plain')])
1 failed in 0.01s
",,external_code_unseen,psf/requests,Measure transfer on a sandbox fixture extracted from actual psf/requests source snippets and issue failure excerpts.,External code transfer succeeds when the loop repairs a local executable failure target derived from bounded psf/requests source and failure snippets.,0,0,0,0,0,0,0,python -m pytest -q,1,True,2ef415011285,2a8ac3d9d2f44aa2e718dd8ad0b13d7eff1ddd40da6fc4bce3f17fdda4d6f47a,"{""buggy_source_path"": ""shared/external_repair_target.py"", ""buggy_source_sha256"": ""e091fb3f780565f4d258d4d5a3a72fc67a3f798249726053347dde4ea75d27a7"", ""copied_failure_fixture"": ""external_sandbox/failure_excerpt.txt"", ""copied_source_fixture"": ""external_sandbox/source_snippet.txt"", ""failing_test"": ""tests/test_external_code_repair_task.py::test_requests_header_none_removes_session_header_visible_case"", ""failure_excerpt_sha256"": ""3bd526e1c1acd6c1247d5c2bc5922ba0fe37bf52c329d978674044d6632ac2d2"", ""field_name"": ""external_requests_code_signals"", ""field_values"": [""merge_setting_none_header"", ""merge_setting"", ""merge_hooks"", ""src"", ""requests"", ""sessions"", ""session"", ""headers""], ""fixture_id"": ""external-code:psf/requests"", ""fixture_kind"": ""external_code_repair_transfer"", ""function_name"": ""merge_setting"", ""held_out_reference_sha256"": ""7e9ba034646362f98b516fa8e76957efa09aa4098fff9ee48fa67e1fbe61497d"", ""held_out_reference_span_sha256"": [""0da01aa1df1d7458d5c64fd7bdf8f3d2a71ae989e265aacd3c434f632585ce17""], ""hidden_counterexample_family"": ""requests_merge_setting_none_removal"", ""issue_task_id"": ""github:psf/requests#4965"", ""issue_title"": ""Request-level None headers should remove inherited session headers"", ""issue_url"": ""https://github.com/psf/requests/issues/1921"", ""ported_external_symbol"": ""requests.sessions.merge_setting"", ""quarantine_paths"": ["".external_code_quarantine/requests_merge_setting_reference.sha256""], ""repair_target"": ""shared/external_repair_target.py"", ""repair_test"": ""tests/test_external_code_repair_task.py"", ""safety_controls"": [""actual_buggy_source_excerpt"", ""bounded_source_excerpt"", ""bounded_failure_excerpt"", ""source_url_provenance"", ""disposable_repo_execution_only"", ""local_executable_repair_task"", ""quarantined_reference_fix_hash_only"", ""seeded_hidden_counterexamples_after_patch"", ""verbatim_reference_span_rejection"", ""quarantine_path_touch_rejection"", ""full_pytest_required""], ""source_commit_sha"": ""cd90742ed94d901759e26766197d0ce7c7bd9c8e"", ""source_file_path"": ""src/requests/sessions.py"", ""source_ref"": ""main"", ""source_repository"": ""psf/requests"", ""source_snippet_sha256"": ""4b0fdea45f0aca37fa69a3c0f4fd350134135ce7e397ecb311efc9eef0de04d9"", ""source_symbols"": [""merge_setting"", ""merge_hooks"", ""src"", ""requests"", ""sessions""], ""source_url"": ""https://raw.githubusercontent.com/psf/requests/main/src/requests/sessions.py""}",requests_merge_setting_none_removal,True
external_requests_code_transfer_repo,"Executable psf/requests merge_setting bug port with buggy source, visible failing test, quarantined reference hash, and hidden seed-derived cases.",external_requests_code_failure_fixture_query,verified_closed_loop,proposed,"Full loop: candidate generation, patching, rollback, persistence, root broad gate, and THDSE core gate.",9,dbe4c89bed8c,0,4.274,3,1,0.75,0,,True,3,4.274,5,/tmp/rsi_experiments_o8w6nkxd/external_requests_code_transfer_repo__external_requests_code_failure_fixture_query__verified_closed_loop__r9/.omega_rsi_runs/closed_rsi_summary.json,"e_repair"",
          ""kind"": ""solver_primitive"",
          ""name"": ""merge_setting_empty_only"",
          ""rationale"": ""Reusable primitive for external_code_repair benchmark tasks."",
          ""target_surface"": ""shared/capability_primitives.py"",
          ""validation_plan"": {
            ""commands"": [
              [
                ""python"",
                ""-m"",
                ""pytest"",
                ""-q"",
                ""tests/test_capability_external_code_repair_operator_v1.py""
              ]
            ],
            ""expected_signals"": [
              ""public_counterexample_passes"",
              ""hidden_transfer_case_passes"",
              ""no_broad_regression_gate_failure""
            ],
            ""name"": ""validate_merge_setting_empty_only""
          }
        },
        {
          ""family"": ""external_code_repair"",
          ""kind"": ""search_heuristic"",
          ""name"": ""prefer_merge_setting_empty_only_reuse"",
          ""rationale"": ""Rank exact capability repair operators ahead of unrelated schema repairs."",
          ""target_surface"": ""scripts/closed_recursive_self_improvement_loop.py"",
          ""validation_plan"": {
            ""commands"": [
              [
                ""python"",
                ""-m"",
                ""pytest"",
                ""-q"",
                ""tests/test_capability_external_code_repair_operator_v1.py""
              ]
            ],
            ""expected_signals"": [
              ""public_counterexample_passes"",
              ""hidden_transfer_case_passes"",
              ""no_broad_regression_gate_failure""
            ],
            ""name"": ""validate_merge_setting_empty_only""
          }
        },
        {
          ""family"": ""external_code_repair"",
          ""kind"": ""evaluator_mutation"",
          ""name"": ""merge_setting_empty_only_hidden_transfer_case"",
          ""rationale"": ""Add a held-out case that checks transfer beyond the public example."",
          ""target_surface"": ""shared/capability_benchmarks.py"",
          ""validation_plan"": {
            ""commands"": [
              [
                ""python"",
                ""-m"",
                ""pytest"",
                ""-q"",
                ""tests/test_capability_external_code_repair_operator_v1.py""
              ]
            ],
            ""expected_signals"": [
              ""public_counterexample_passes"",
              ""hidden_transfer_case_passes"",
              ""no_broad_regression_gate_failure""
            ],
            ""name"": ""validate_merge_setting_empty_only""
          }
        },
        {
          ""family"": ""external_code_repair"",
          ""kind"": ""counterexample_test"",
          ""name"": ""test_merge_setting_empty_only_counterexample"",
          ""rationale"": ""Lock the primitive with public and hidden transfer counterexamples."",
          ""target_surface"": ""tests/test_capability_external_code_repair_operator_v1.py"",
          ""validation_plan"": {
            ""commands"": [
              [
                ""python"",
                ""-m"",
                ""pytest"",
                ""-q"",
                ""tests/test_capability_external_code_repair_operator_v1.py""
              ]
            ],
            ""expected_signals"": [
              ""public_counterexample_passes"",
              ""hidden_transfer_case_passes"",
              ""no_broad_regression_gate_failure""
            ],
            ""name"": ""validate_merge_setting_empty_only""
          }
        }
      ],
      ""promoted"": false,
      ""quarantine"": false,
      ""started_at"": ""2026-06-03T12:50:28Z"",
      ""target_path"": ""shared/external_repair_target.py"",
      ""test_path"": ""tests/test_external_code_repair_task.py""
    }
  ],
  ""rollback"": true,
  ""solved_new_tasks"": 0,
  ""state_path"": ""/tmp/rsi_experiments_o8w6nkxd/external_requests_code_transfer_repo__external_requests_code_failure_fixture_query__verified_closed_loop__r9/.omega_rsi_runs/closed_rsi_state.json"",
  ""thdse_core_gate"": true,
  ""total_accepted"": 3,
  ""total_quarantine_exploration"": 2,
  ""total_rejected"": 1
}
",,external_code_unseen,psf/requests,Measure transfer on a sandbox fixture extracted from actual psf/requests source snippets and issue failure excerpts.,External code transfer succeeds when the loop repairs a local executable failure target derived from bounded psf/requests source and failure snippets.,1.796,0,0,8,1,2,0,python -m pytest -q,0,True,dbe4c89bed8c,74c06785694befd2331ed2b310d1baccefb17f0194fa91f6cba0831bb3a89665,"{""buggy_source_path"": ""shared/external_repair_target.py"", ""buggy_source_sha256"": ""e091fb3f780565f4d258d4d5a3a72fc67a3f798249726053347dde4ea75d27a7"", ""copied_failure_fixture"": ""external_sandbox/failure_excerpt.txt"", ""copied_source_fixture"": ""external_sandbox/source_snippet.txt"", ""failing_test"": ""tests/test_external_code_repair_task.py::test_requests_header_none_removes_session_header_visible_case"", ""failure_excerpt_sha256"": ""3bd526e1c1acd6c1247d5c2bc5922ba0fe37bf52c329d978674044d6632ac2d2"", ""field_name"": ""external_requests_code_signals"", ""field_values"": [""merge_setting_none_header"", ""merge_setting"", ""merge_hooks"", ""src"", ""requests"", ""sessions"", ""session"", ""headers""], ""fixture_id"": ""external-code:psf/requests"", ""fixture_kind"": ""external_code_repair_transfer"", ""function_name"": ""merge_setting"", ""held_out_reference_sha256"": ""7e9ba034646362f98b516fa8e76957efa09aa4098fff9ee48fa67e1fbe61497d"", ""held_out_reference_span_sha256"": [""0da01aa1df1d7458d5c64fd7bdf8f3d2a71ae989e265aacd3c434f632585ce17""], ""hidden_counterexample_family"": ""requests_merge_setting_none_removal"", ""issue_task_id"": ""github:psf/requests#4965"", ""issue_title"": ""Request-level None headers should remove inherited session headers"", ""issue_url"": ""https://github.com/psf/requests/issues/1921"", ""ported_external_symbol"": ""requests.sessions.merge_setting"", ""quarantine_paths"": ["".external_code_quarantine/requests_merge_setting_reference.sha256""], ""repair_target"": ""shared/external_repair_target.py"", ""repair_test"": ""tests/test_external_code_repair_task.py"", ""safety_controls"": [""actual_buggy_source_excerpt"", ""bounded_source_excerpt"", ""bounded_failure_excerpt"", ""source_url_provenance"", ""disposable_repo_execution_only"", ""local_executable_repair_task"", ""quarantined_reference_fix_hash_only"", ""seeded_hidden_counterexamples_after_patch"", ""verbatim_reference_span_rejection"", ""quarantine_path_touch_rejection"", ""full_pytest_required""], ""source_commit_sha"": ""cd90742ed94d901759e26766197d0ce7c7bd9c8e"", ""source_file_path"": ""src/requests/sessions.py"", ""source_ref"": ""main"", ""source_repository"": ""psf/requests"", ""source_snippet_sha256"": ""4b0fdea45f0aca37fa69a3c0f4fd350134135ce7e397ecb311efc9eef0de04d9"", ""source_symbols"": [""merge_setting"", ""merge_hooks"", ""src"", ""requests"", ""sessions""], ""source_url"": ""https://raw.githubusercontent.com/psf/requests/main/src/requests/sessions.py""}",requests_merge_setting_none_removal,True
external_requests_code_transfer_repo,"Executable psf/requests merge_setting bug port with buggy source, visible failing test, quarantined reference hash, and hidden seed-derived cases.",external_requests_code_failure_fixture_query,agent_coding_loop,baseline_agent_coding_loop,Baseline: single-pass automated coding loop with validation but without persistent recursive depth.,9,dbe4c89bed8c,0,0.423,0,1,0.0,0,True,False,0,0.423,0,/tmp/rsi_experiments_o8w6nkxd/external_requests_code_transfer_repo__external_requests_code_failure_fixture_query__agent_coding_loop__r9/.omega_rsi_runs/closed_rsi_summary.json,"code_repair"",
          ""kind"": ""solver_primitive"",
          ""name"": ""merge_setting_empty_only"",
          ""rationale"": ""Reusable primitive for external_code_repair benchmark tasks."",
          ""target_surface"": ""shared/capability_primitives.py"",
          ""validation_plan"": {
            ""commands"": [
              [
                ""python"",
                ""-m"",
                ""pytest"",
                ""-q"",
                ""tests/test_capability_external_code_repair_operator_v1.py""
              ]
            ],
            ""expected_signals"": [
              ""public_counterexample_passes"",
              ""hidden_transfer_case_passes"",
              ""no_broad_regression_gate_failure""
            ],
            ""name"": ""validate_merge_setting_empty_only""
          }
        },
        {
          ""family"": ""external_code_repair"",
          ""kind"": ""search_heuristic"",
          ""name"": ""prefer_merge_setting_empty_only_reuse"",
          ""rationale"": ""Rank exact capability repair operators ahead of unrelated schema repairs."",
          ""target_surface"": ""scripts/closed_recursive_self_improvement_loop.py"",
          ""validation_plan"": {
            ""commands"": [
              [
                ""python"",
                ""-m"",
                ""pytest"",
                ""-q"",
                ""tests/test_capability_external_code_repair_operator_v1.py""
              ]
            ],
            ""expected_signals"": [
              ""public_counterexample_passes"",
              ""hidden_transfer_case_passes"",
              ""no_broad_regression_gate_failure""
            ],
            ""name"": ""validate_merge_setting_empty_only""
          }
        },
        {
          ""family"": ""external_code_repair"",
          ""kind"": ""evaluator_mutation"",
          ""name"": ""merge_setting_empty_only_hidden_transfer_case"",
          ""rationale"": ""Add a held-out case that checks transfer beyond the public example."",
          ""target_surface"": ""shared/capability_benchmarks.py"",
          ""validation_plan"": {
            ""commands"": [
              [
                ""python"",
                ""-m"",
                ""pytest"",
                ""-q"",
                ""tests/test_capability_external_code_repair_operator_v1.py""
              ]
            ],
            ""expected_signals"": [
              ""public_counterexample_passes"",
              ""hidden_transfer_case_passes"",
              ""no_broad_regression_gate_failure""
            ],
            ""name"": ""validate_merge_setting_empty_only""
          }
        },
        {
          ""family"": ""external_code_repair"",
          ""kind"": ""counterexample_test"",
          ""name"": ""test_merge_setting_empty_only_counterexample"",
          ""rationale"": ""Lock the primitive with public and hidden transfer counterexamples."",
          ""target_surface"": ""tests/test_capability_external_code_repair_operator_v1.py"",
          ""validation_plan"": {
            ""commands"": [
              [
                ""python"",
                ""-m"",
                ""pytest"",
                ""-q"",
                ""tests/test_capability_external_code_repair_operator_v1.py""
              ]
            ],
            ""expected_signals"": [
              ""public_counterexample_passes"",
              ""hidden_transfer_case_passes"",
              ""no_broad_regression_gate_failure""
            ],
            ""name"": ""validate_merge_setting_empty_only""
          }
        }
      ],
      ""promoted"": false,
      ""quarantine"": false,
      ""started_at"": ""2026-06-03T12:50:32Z"",
      ""target_path"": ""shared/external_repair_target.py"",
      ""test_path"": ""tests/test_external_code_repair_task.py""
    }
  ],
  ""rollback"": true,
  ""solved_new_tasks"": 0,
  ""state_path"": ""/tmp/rsi_experiments_o8w6nkxd/external_requests_code_transfer_repo__external_requests_code_failure_fixture_query__agent_coding_loop__r9/.omega_rsi_runs/closed_rsi_state.json"",
  ""thdse_core_gate"": true,
  ""total_accepted"": 0,
  ""total_quarantine_exploration"": 0,
  ""total_rejected"": 1
}
",,external_code_unseen,psf/requests,Measure transfer on a sandbox fixture extracted from actual psf/requests source snippets and issue failure excerpts.,External code transfer succeeds when the loop repairs a local executable failure target derived from bounded psf/requests source and failure snippets.,0.449,0,0,2,1,0,0,python -m pytest -q,,True,dbe4c89bed8c,07cab2ddfcb09955e82170c93b7068f61e1121a61e82a3ccd9a1bcc81ee6b667,"{""buggy_source_path"": ""shared/external_repair_target.py"", ""buggy_source_sha256"": ""e091fb3f780565f4d258d4d5a3a72fc67a3f798249726053347dde4ea75d27a7"", ""copied_failure_fixture"": ""external_sandbox/failure_excerpt.txt"", ""copied_source_fixture"": ""external_sandbox/source_snippet.txt"", ""failing_test"": ""tests/test_external_code_repair_task.py::test_requests_header_none_removes_session_header_visible_case"", ""failure_excerpt_sha256"": ""3bd526e1c1acd6c1247d5c2bc5922ba0fe37bf52c329d978674044d6632ac2d2"", ""field_name"": ""external_requests_code_signals"", ""field_values"": [""merge_setting_none_header"", ""merge_setting"", ""merge_hooks"", ""src"", ""requests"", ""sessions"", ""session"", ""headers""], ""fixture_id"": ""external-code:psf/requests"", ""fixture_kind"": ""external_code_repair_transfer"", ""function_name"": ""merge_setting"", ""held_out_reference_sha256"": ""7e9ba034646362f98b516fa8e76957efa09aa4098fff9ee48fa67e1fbe61497d"", ""held_out_reference_span_sha256"": [""0da01aa1df1d7458d5c64fd7bdf8f3d2a71ae989e265aacd3c434f632585ce17""], ""hidden_counterexample_family"": ""requests_merge_setting_none_removal"", ""issue_task_id"": ""github:psf/requests#4965"", ""issue_title"": ""Request-level None headers should remove inherited session headers"", ""issue_url"": ""https://github.com/psf/requests/issues/1921"", ""ported_external_symbol"": ""requests.sessions.merge_setting"", ""quarantine_paths"": ["".external_code_quarantine/requests_merge_setting_reference.sha256""], ""repair_target"": ""shared/external_repair_target.py"", ""repair_test"": ""tests/test_external_code_repair_task.py"", ""safety_controls"": [""actual_buggy_source_excerpt"", ""bounded_source_excerpt"", ""bounded_failure_excerpt"", ""source_url_provenance"", ""disposable_repo_execution_only"", ""local_executable_repair_task"", ""quarantined_reference_fix_hash_only"", ""seeded_hidden_counterexamples_after_patch"", ""verbatim_reference_span_rejection"", ""quarantine_path_touch_rejection"", ""full_pytest_required""], ""source_commit_sha"": ""cd90742ed94d901759e26766197d0ce7c7bd9c8e"", ""source_file_path"": ""src/requests/sessions.py"", ""source_ref"": ""main"", ""source_repository"": ""psf/requests"", ""source_snippet_sha256"": ""4b0fdea45f0aca37fa69a3c0f4fd350134135ce7e397ecb311efc9eef0de04d9"", ""source_symbols"": [""merge_setting"", ""merge_hooks"", ""src"", ""requests"", ""sessions""], ""source_url"": ""https://raw.githubusercontent.com/psf/requests/main/src/requests/sessions.py""}",requests_merge_setting_none_removal,True
external_requests_code_transfer_repo,"Executable psf/requests merge_setting bug port with buggy source, visible failing test, quarantined reference hash, and hidden seed-derived cases.",external_requests_code_failure_fixture_query,evolutionary_repair_loop,baseline_evolutionary_repair_loop,Baseline: retry candidate repair loop with the same safety gates but without recursive quarantine search or persistent self-policy depth.,9,dbe4c89bed8c,0,1.175,0,3,0.0,0,True,False,0,1.175,0,/tmp/rsi_experiments_o8w6nkxd/external_requests_code_transfer_repo__external_requests_code_failure_fixture_query__evolutionary_repair_loop__r9/.omega_rsi_runs/closed_rsi_summary.json,"merge_setting_visible_header_set"",
          ""rationale"": ""Reusable primitive for external_code_repair benchmark tasks."",
          ""target_surface"": ""shared/capability_primitives.py"",
          ""validation_plan"": {
            ""commands"": [
              [
                ""python"",
                ""-m"",
                ""pytest"",
                ""-q"",
                ""tests/test_capability_external_code_repair_operator_v1.py""
              ]
            ],
            ""expected_signals"": [
              ""public_counterexample_passes"",
              ""hidden_transfer_case_passes"",
              ""no_broad_regression_gate_failure""
            ],
            ""name"": ""validate_merge_setting_visible_header_set""
          }
        },
        {
          ""family"": ""external_code_repair"",
          ""kind"": ""search_heuristic"",
          ""name"": ""prefer_merge_setting_visible_header_set_reuse"",
          ""rationale"": ""Rank exact capability repair operators ahead of unrelated schema repairs."",
          ""target_surface"": ""scripts/closed_recursive_self_improvement_loop.py"",
          ""validation_plan"": {
            ""commands"": [
              [
                ""python"",
                ""-m"",
                ""pytest"",
                ""-q"",
                ""tests/test_capability_external_code_repair_operator_v1.py""
              ]
            ],
            ""expected_signals"": [
              ""public_counterexample_passes"",
              ""hidden_transfer_case_passes"",
              ""no_broad_regression_gate_failure""
            ],
            ""name"": ""validate_merge_setting_visible_header_set""
          }
        },
        {
          ""family"": ""external_code_repair"",
          ""kind"": ""evaluator_mutation"",
          ""name"": ""merge_setting_visible_header_set_hidden_transfer_case"",
          ""rationale"": ""Add a held-out case that checks transfer beyond the public example."",
          ""target_surface"": ""shared/capability_benchmarks.py"",
          ""validation_plan"": {
            ""commands"": [
              [
                ""python"",
                ""-m"",
                ""pytest"",
                ""-q"",
                ""tests/test_capability_external_code_repair_operator_v1.py""
              ]
            ],
            ""expected_signals"": [
              ""public_counterexample_passes"",
              ""hidden_transfer_case_passes"",
              ""no_broad_regression_gate_failure""
            ],
            ""name"": ""validate_merge_setting_visible_header_set""
          }
        },
        {
          ""family"": ""external_code_repair"",
          ""kind"": ""counterexample_test"",
          ""name"": ""test_merge_setting_visible_header_set_counterexample"",
          ""rationale"": ""Lock the primitive with public and hidden transfer counterexamples."",
          ""target_surface"": ""tests/test_capability_external_code_repair_operator_v1.py"",
          ""validation_plan"": {
            ""commands"": [
              [
                ""python"",
                ""-m"",
                ""pytest"",
                ""-q"",
                ""tests/test_capability_external_code_repair_operator_v1.py""
              ]
            ],
            ""expected_signals"": [
              ""public_counterexample_passes"",
              ""hidden_transfer_case_passes"",
              ""no_broad_regression_gate_failure""
            ],
            ""name"": ""validate_merge_setting_visible_header_set""
          }
        }
      ],
      ""promoted"": false,
      ""quarantine"": false,
      ""started_at"": ""2026-06-03T12:50:33Z"",
      ""target_path"": ""shared/external_repair_target.py"",
      ""test_path"": ""tests/test_external_code_repair_task.py""
    }
  ],
  ""rollback"": true,
  ""solved_new_tasks"": 0,
  ""state_path"": ""/tmp/rsi_experiments_o8w6nkxd/external_requests_code_transfer_repo__external_requests_code_failure_fixture_query__evolutionary_repair_loop__r9/.omega_rsi_runs/closed_rsi_state.json"",
  ""thdse_core_gate"": true,
  ""total_accepted"": 0,
  ""total_quarantine_exploration"": 0,
  ""total_rejected"": 3
}
",,external_code_unseen,psf/requests,Measure transfer on a sandbox fixture extracted from actual psf/requests source snippets and issue failure excerpts.,External code transfer succeeds when the loop repairs a local executable failure target derived from bounded psf/requests source and failure snippets.,1.347,0,0,6,3,0,0,python -m pytest -q,,True,dbe4c89bed8c,90766e44d2639992117d5918be9caadfef1f98d638b16d26311a746db9a0fb22,"{""buggy_source_path"": ""shared/external_repair_target.py"", ""buggy_source_sha256"": ""e091fb3f780565f4d258d4d5a3a72fc67a3f798249726053347dde4ea75d27a7"", ""copied_failure_fixture"": ""external_sandbox/failure_excerpt.txt"", ""copied_source_fixture"": ""external_sandbox/source_snippet.txt"", ""failing_test"": ""tests/test_external_code_repair_task.py::test_requests_header_none_removes_session_header_visible_case"", ""failure_excerpt_sha256"": ""3bd526e1c1acd6c1247d5c2bc5922ba0fe37bf52c329d978674044d6632ac2d2"", ""field_name"": ""external_requests_code_signals"", ""field_values"": [""merge_setting_none_header"", ""merge_setting"", ""merge_hooks"", ""src"", ""requests"", ""sessions"", ""session"", ""headers""], ""fixture_id"": ""external-code:psf/requests"", ""fixture_kind"": ""external_code_repair_transfer"", ""function_name"": ""merge_setting"", ""held_out_reference_sha256"": ""7e9ba034646362f98b516fa8e76957efa09aa4098fff9ee48fa67e1fbe61497d"", ""held_out_reference_span_sha256"": [""0da01aa1df1d7458d5c64fd7bdf8f3d2a71ae989e265aacd3c434f632585ce17""], ""hidden_counterexample_family"": ""requests_merge_setting_none_removal"", ""issue_task_id"": ""github:psf/requests#4965"", ""issue_title"": ""Request-level None headers should remove inherited session headers"", ""issue_url"": ""https://github.com/psf/requests/issues/1921"", ""ported_external_symbol"": ""requests.sessions.merge_setting"", ""quarantine_paths"": ["".external_code_quarantine/requests_merge_setting_reference.sha256""], ""repair_target"": ""shared/external_repair_target.py"", ""repair_test"": ""tests/test_external_code_repair_task.py"", ""safety_controls"": [""actual_buggy_source_excerpt"", ""bounded_source_excerpt"", ""bounded_failure_excerpt"", ""source_url_provenance"", ""disposable_repo_execution_only"", ""local_executable_repair_task"", ""quarantined_reference_fix_hash_only"", ""seeded_hidden_counterexamples_after_patch"", ""verbatim_reference_span_rejection"", ""quarantine_path_touch_rejection"", ""full_pytest_required""], ""source_commit_sha"": ""cd90742ed94d901759e26766197d0ce7c7bd9c8e"", ""source_file_path"": ""src/requests/sessions.py"", ""source_ref"": ""main"", ""source_repository"": ""psf/requests"", ""source_snippet_sha256"": ""4b0fdea45f0aca37fa69a3c0f4fd350134135ce7e397ecb311efc9eef0de04d9"", ""source_symbols"": [""merge_setting"", ""merge_hooks"", ""src"", ""requests"", ""sessions""], ""source_url"": ""https://raw.githubusercontent.com/psf/requests/main/src/requests/sessions.py""}",requests_merge_setting_none_removal,True
external_requests_code_transfer_repo,"Executable psf/requests merge_setting bug port with buggy source, visible failing test, quarantined reference hash, and hidden seed-derived cases.",external_requests_code_failure_fixture_query,ci_only_validation,baseline_ci_only,Baseline: run validation without candidate generation or code patching.,9,dbe4c89bed8c,1,0.125,0,0,0.0,0,,False,0,0.125,0,/tmp/rsi_experiments_o8w6nkxd/external_requests_code_transfer_repo__external_requests_code_failure_fixture_query__ci_only_validation__r9/.omega_rsi_runs/closed_rsi_summary.json,"F                                                                        [100%]
=================================== FAILURES ===================================
________ test_requests_header_none_removes_session_header_visible_case _________

    def test_requests_header_none_removes_session_header_visible_case():
        failure_text = (Path.cwd() / ""external_sandbox"" / ""failure_excerpt.txt"").read_text(encoding=""utf-8"")
        session_headers = {""User-Agent"": ""session-agent"", ""Accept"": ""application/json""}
        request_headers = {""User-Agent"": None, ""Content-Type"": ""text/plain""}
    
        merged = merge_setting(request_headers, session_headers)
    
        assert failure_text
>       assert ""User-Agent"" not in merged
E       AssertionError: assert 'User-Agent' not in OrderedDict([('User-Agent', None), ('Accept', 'application/json'), ('Content-Type', 'text/plain')])

tests/test_external_code_repair_task.py:14: AssertionError
=========================== short test summary info ============================
FAILED tests/test_external_code_repair_task.py::test_requests_header_none_removes_session_header_visible_case - AssertionError: assert 'User-Agent' not in OrderedDict([('User-Agent', None), ('Accept', 'application/json'), ('Content-Type', 'text/plain')])
1 failed in 0.01s
",,external_code_unseen,psf/requests,Measure transfer on a sandbox fixture extracted from actual psf/requests source snippets and issue failure excerpts.,External code transfer succeeds when the loop repairs a local executable failure target derived from bounded psf/requests source and failure snippets.,0,0,0,0,0,0,0,python -m pytest -q,1,True,dbe4c89bed8c,07212d4f3f830626ea4f9dd53d45245cd770471b3dc132f481ae425054242f26,"{""buggy_source_path"": ""shared/external_repair_target.py"", ""buggy_source_sha256"": ""e091fb3f780565f4d258d4d5a3a72fc67a3f798249726053347dde4ea75d27a7"", ""copied_failure_fixture"": ""external_sandbox/failure_excerpt.txt"", ""copied_source_fixture"": ""external_sandbox/source_snippet.txt"", ""failing_test"": ""tests/test_external_code_repair_task.py::test_requests_header_none_removes_session_header_visible_case"", ""failure_excerpt_sha256"": ""3bd526e1c1acd6c1247d5c2bc5922ba0fe37bf52c329d978674044d6632ac2d2"", ""field_name"": ""external_requests_code_signals"", ""field_values"": [""merge_setting_none_header"", ""merge_setting"", ""merge_hooks"", ""src"", ""requests"", ""sessions"", ""session"", ""headers""], ""fixture_id"": ""external-code:psf/requests"", ""fixture_kind"": ""external_code_repair_transfer"", ""function_name"": ""merge_setting"", ""held_out_reference_sha256"": ""7e9ba034646362f98b516fa8e76957efa09aa4098fff9ee48fa67e1fbe61497d"", ""held_out_reference_span_sha256"": [""0da01aa1df1d7458d5c64fd7bdf8f3d2a71ae989e265aacd3c434f632585ce17""], ""hidden_counterexample_family"": ""requests_merge_setting_none_removal"", ""issue_task_id"": ""github:psf/requests#4965"", ""issue_title"": ""Request-level None headers should remove inherited session headers"", ""issue_url"": ""https://github.com/psf/requests/issues/1921"", ""ported_external_symbol"": ""requests.sessions.merge_setting"", ""quarantine_paths"": ["".external_code_quarantine/requests_merge_setting_reference.sha256""], ""repair_target"": ""shared/external_repair_target.py"", ""repair_test"": ""tests/test_external_code_repair_task.py"", ""safety_controls"": [""actual_buggy_source_excerpt"", ""bounded_source_excerpt"", ""bounded_failure_excerpt"", ""source_url_provenance"", ""disposable_repo_execution_only"", ""local_executable_repair_task"", ""quarantined_reference_fix_hash_only"", ""seeded_hidden_counterexamples_after_patch"", ""verbatim_reference_span_rejection"", ""quarantine_path_touch_rejection"", ""full_pytest_required""], ""source_commit_sha"": ""cd90742ed94d901759e26766197d0ce7c7bd9c8e"", ""source_file_path"": ""src/requests/sessions.py"", ""source_ref"": ""main"", ""source_repository"": ""psf/requests"", ""source_snippet_sha256"": ""4b0fdea45f0aca37fa69a3c0f4fd350134135ce7e397ecb311efc9eef0de04d9"", ""source_symbols"": [""merge_setting"", ""merge_hooks"", ""src"", ""requests"", ""sessions""], ""source_url"": ""https://raw.githubusercontent.com/psf/requests/main/src/requests/sessions.py""}",requests_merge_setting_none_removal,True
external_requests_code_transfer_repo,"Executable psf/requests merge_setting bug port with buggy source, visible failing test, quarantined reference hash, and hidden seed-derived cases.",external_requests_code_failure_fixture_query,verified_closed_loop,proposed,"Full loop: candidate generation, patching, rollback, persistence, root broad gate, and THDSE core gate.",10,9097e88ee290,0,3.486,0,3,0.0,0,True,True,0,3.486,0,/tmp/rsi_experiments_o8w6nkxd/external_requests_code_transfer_repo__external_requests_code_failure_fixture_query__verified_closed_loop__r10/.omega_rsi_runs/closed_rsi_summary.json,"_setting_user_agent_casefold"",
          ""rationale"": ""Reusable primitive for external_code_repair benchmark tasks."",
          ""target_surface"": ""shared/capability_primitives.py"",
          ""validation_plan"": {
            ""commands"": [
              [
                ""python"",
                ""-m"",
                ""pytest"",
                ""-q"",
                ""tests/test_capability_external_code_repair_operator_v1.py""
              ]
            ],
            ""expected_signals"": [
              ""public_counterexample_passes"",
              ""hidden_transfer_case_passes"",
              ""no_broad_regression_gate_failure""
            ],
            ""name"": ""validate_merge_setting_user_agent_casefold""
          }
        },
        {
          ""family"": ""external_code_repair"",
          ""kind"": ""search_heuristic"",
          ""name"": ""prefer_merge_setting_user_agent_casefold_reuse"",
          ""rationale"": ""Rank exact capability repair operators ahead of unrelated schema repairs."",
          ""target_surface"": ""scripts/closed_recursive_self_improvement_loop.py"",
          ""validation_plan"": {
            ""commands"": [
              [
                ""python"",
                ""-m"",
                ""pytest"",
                ""-q"",
                ""tests/test_capability_external_code_repair_operator_v1.py""
              ]
            ],
            ""expected_signals"": [
              ""public_counterexample_passes"",
              ""hidden_transfer_case_passes"",
              ""no_broad_regression_gate_failure""
            ],
            ""name"": ""validate_merge_setting_user_agent_casefold""
          }
        },
        {
          ""family"": ""external_code_repair"",
          ""kind"": ""evaluator_mutation"",
          ""name"": ""merge_setting_user_agent_casefold_hidden_transfer_case"",
          ""rationale"": ""Add a held-out case that checks transfer beyond the public example."",
          ""target_surface"": ""shared/capability_benchmarks.py"",
          ""validation_plan"": {
            ""commands"": [
              [
                ""python"",
                ""-m"",
                ""pytest"",
                ""-q"",
                ""tests/test_capability_external_code_repair_operator_v1.py""
              ]
            ],
            ""expected_signals"": [
              ""public_counterexample_passes"",
              ""hidden_transfer_case_passes"",
              ""no_broad_regression_gate_failure""
            ],
            ""name"": ""validate_merge_setting_user_agent_casefold""
          }
        },
        {
          ""family"": ""external_code_repair"",
          ""kind"": ""counterexample_test"",
          ""name"": ""test_merge_setting_user_agent_casefold_counterexample"",
          ""rationale"": ""Lock the primitive with public and hidden transfer counterexamples."",
          ""target_surface"": ""tests/test_capability_external_code_repair_operator_v1.py"",
          ""validation_plan"": {
            ""commands"": [
              [
                ""python"",
                ""-m"",
                ""pytest"",
                ""-q"",
                ""tests/test_capability_external_code_repair_operator_v1.py""
              ]
            ],
            ""expected_signals"": [
              ""public_counterexample_passes"",
              ""hidden_transfer_case_passes"",
              ""no_broad_regression_gate_failure""
            ],
            ""name"": ""validate_merge_setting_user_agent_casefold""
          }
        }
      ],
      ""promoted"": false,
      ""quarantine"": false,
      ""started_at"": ""2026-06-03T12:50:34Z"",
      ""target_path"": ""shared/external_repair_target.py"",
      ""test_path"": ""tests/test_external_code_repair_task.py""
    }
  ],
  ""rollback"": true,
  ""solved_new_tasks"": 0,
  ""state_path"": ""/tmp/rsi_experiments_o8w6nkxd/external_requests_code_transfer_repo__external_requests_code_failure_fixture_query__verified_closed_loop__r10/.omega_rsi_runs/closed_rsi_state.json"",
  ""thdse_core_gate"": true,
  ""total_accepted"": 0,
  ""total_quarantine_exploration"": 6,
  ""total_rejected"": 3
}
",,external_code_unseen,psf/requests,Measure transfer on a sandbox fixture extracted from actual psf/requests source snippets and issue failure excerpts.,External code transfer succeeds when the loop repairs a local executable failure target derived from bounded psf/requests source and failure snippets.,1.347,0,0,6,3,6,4,python -m pytest -q,,True,9097e88ee290,7be312a51f80c2457e076a61b0ce059d94e1c38dcb1e26162b6d8751fcbd0ada,"{""buggy_source_path"": ""shared/external_repair_target.py"", ""buggy_source_sha256"": ""e091fb3f780565f4d258d4d5a3a72fc67a3f798249726053347dde4ea75d27a7"", ""copied_failure_fixture"": ""external_sandbox/failure_excerpt.txt"", ""copied_source_fixture"": ""external_sandbox/source_snippet.txt"", ""failing_test"": ""tests/test_external_code_repair_task.py::test_requests_header_none_removes_session_header_visible_case"", ""failure_excerpt_sha256"": ""3bd526e1c1acd6c1247d5c2bc5922ba0fe37bf52c329d978674044d6632ac2d2"", ""field_name"": ""external_requests_code_signals"", ""field_values"": [""merge_setting_none_header"", ""merge_setting"", ""merge_hooks"", ""src"", ""requests"", ""sessions"", ""session"", ""headers""], ""fixture_id"": ""external-code:psf/requests"", ""fixture_kind"": ""external_code_repair_transfer"", ""function_name"": ""merge_setting"", ""held_out_reference_sha256"": ""7e9ba034646362f98b516fa8e76957efa09aa4098fff9ee48fa67e1fbe61497d"", ""held_out_reference_span_sha256"": [""0da01aa1df1d7458d5c64fd7bdf8f3d2a71ae989e265aacd3c434f632585ce17""], ""hidden_counterexample_family"": ""requests_merge_setting_none_removal"", ""issue_task_id"": ""github:psf/requests#4965"", ""issue_title"": ""Request-level None headers should remove inherited session headers"", ""issue_url"": ""https://github.com/psf/requests/issues/1921"", ""ported_external_symbol"": ""requests.sessions.merge_setting"", ""quarantine_paths"": ["".external_code_quarantine/requests_merge_setting_reference.sha256""], ""repair_target"": ""shared/external_repair_target.py"", ""repair_test"": ""tests/test_external_code_repair_task.py"", ""safety_controls"": [""actual_buggy_source_excerpt"", ""bounded_source_excerpt"", ""bounded_failure_excerpt"", ""source_url_provenance"", ""disposable_repo_execution_only"", ""local_executable_repair_task"", ""quarantined_reference_fix_hash_only"", ""seeded_hidden_counterexamples_after_patch"", ""verbatim_reference_span_rejection"", ""quarantine_path_touch_rejection"", ""full_pytest_required""], ""source_commit_sha"": ""cd90742ed94d901759e26766197d0ce7c7bd9c8e"", ""source_file_path"": ""src/requests/sessions.py"", ""source_ref"": ""main"", ""source_repository"": ""psf/requests"", ""source_snippet_sha256"": ""4b0fdea45f0aca37fa69a3c0f4fd350134135ce7e397ecb311efc9eef0de04d9"", ""source_symbols"": [""merge_setting"", ""merge_hooks"", ""src"", ""requests"", ""sessions""], ""source_url"": ""https://raw.githubusercontent.com/psf/requests/main/src/requests/sessions.py""}",requests_merge_setting_none_removal,True
external_requests_code_transfer_repo,"Executable psf/requests merge_setting bug port with buggy source, visible failing test, quarantined reference hash, and hidden seed-derived cases.",external_requests_code_failure_fixture_query,agent_coding_loop,baseline_agent_coding_loop,Baseline: single-pass automated coding loop with validation but without persistent recursive depth.,10,9097e88ee290,0,0.431,0,1,0.0,0,True,False,0,0.431,0,/tmp/rsi_experiments_o8w6nkxd/external_requests_code_transfer_repo__external_requests_code_failure_fixture_query__agent_coding_loop__r10/.omega_rsi_runs/closed_rsi_summary.json,"ode_repair"",
          ""kind"": ""solver_primitive"",
          ""name"": ""merge_setting_empty_only"",
          ""rationale"": ""Reusable primitive for external_code_repair benchmark tasks."",
          ""target_surface"": ""shared/capability_primitives.py"",
          ""validation_plan"": {
            ""commands"": [
              [
                ""python"",
                ""-m"",
                ""pytest"",
                ""-q"",
                ""tests/test_capability_external_code_repair_operator_v1.py""
              ]
            ],
            ""expected_signals"": [
              ""public_counterexample_passes"",
              ""hidden_transfer_case_passes"",
              ""no_broad_regression_gate_failure""
            ],
            ""name"": ""validate_merge_setting_empty_only""
          }
        },
        {
          ""family"": ""external_code_repair"",
          ""kind"": ""search_heuristic"",
          ""name"": ""prefer_merge_setting_empty_only_reuse"",
          ""rationale"": ""Rank exact capability repair operators ahead of unrelated schema repairs."",
          ""target_surface"": ""scripts/closed_recursive_self_improvement_loop.py"",
          ""validation_plan"": {
            ""commands"": [
              [
                ""python"",
                ""-m"",
                ""pytest"",
                ""-q"",
                ""tests/test_capability_external_code_repair_operator_v1.py""
              ]
            ],
            ""expected_signals"": [
              ""public_counterexample_passes"",
              ""hidden_transfer_case_passes"",
              ""no_broad_regression_gate_failure""
            ],
            ""name"": ""validate_merge_setting_empty_only""
          }
        },
        {
          ""family"": ""external_code_repair"",
          ""kind"": ""evaluator_mutation"",
          ""name"": ""merge_setting_empty_only_hidden_transfer_case"",
          ""rationale"": ""Add a held-out case that checks transfer beyond the public example."",
          ""target_surface"": ""shared/capability_benchmarks.py"",
          ""validation_plan"": {
            ""commands"": [
              [
                ""python"",
                ""-m"",
                ""pytest"",
                ""-q"",
                ""tests/test_capability_external_code_repair_operator_v1.py""
              ]
            ],
            ""expected_signals"": [
              ""public_counterexample_passes"",
              ""hidden_transfer_case_passes"",
              ""no_broad_regression_gate_failure""
            ],
            ""name"": ""validate_merge_setting_empty_only""
          }
        },
        {
          ""family"": ""external_code_repair"",
          ""kind"": ""counterexample_test"",
          ""name"": ""test_merge_setting_empty_only_counterexample"",
          ""rationale"": ""Lock the primitive with public and hidden transfer counterexamples."",
          ""target_surface"": ""tests/test_capability_external_code_repair_operator_v1.py"",
          ""validation_plan"": {
            ""commands"": [
              [
                ""python"",
                ""-m"",
                ""pytest"",
                ""-q"",
                ""tests/test_capability_external_code_repair_operator_v1.py""
              ]
            ],
            ""expected_signals"": [
              ""public_counterexample_passes"",
              ""hidden_transfer_case_passes"",
              ""no_broad_regression_gate_failure""
            ],
            ""name"": ""validate_merge_setting_empty_only""
          }
        }
      ],
      ""promoted"": false,
      ""quarantine"": false,
      ""started_at"": ""2026-06-03T12:50:37Z"",
      ""target_path"": ""shared/external_repair_target.py"",
      ""test_path"": ""tests/test_external_code_repair_task.py""
    }
  ],
  ""rollback"": true,
  ""solved_new_tasks"": 0,
  ""state_path"": ""/tmp/rsi_experiments_o8w6nkxd/external_requests_code_transfer_repo__external_requests_code_failure_fixture_query__agent_coding_loop__r10/.omega_rsi_runs/closed_rsi_state.json"",
  ""thdse_core_gate"": true,
  ""total_accepted"": 0,
  ""total_quarantine_exploration"": 0,
  ""total_rejected"": 1
}
",,external_code_unseen,psf/requests,Measure transfer on a sandbox fixture extracted from actual psf/requests source snippets and issue failure excerpts.,External code transfer succeeds when the loop repairs a local executable failure target derived from bounded psf/requests source and failure snippets.,0.449,0,0,2,1,0,0,python -m pytest -q,,True,9097e88ee290,3ce99f97e26768535d688239ad8539b86f6084186bff0ee678c9038674fac585,"{""buggy_source_path"": ""shared/external_repair_target.py"", ""buggy_source_sha256"": ""e091fb3f780565f4d258d4d5a3a72fc67a3f798249726053347dde4ea75d27a7"", ""copied_failure_fixture"": ""external_sandbox/failure_excerpt.txt"", ""copied_source_fixture"": ""external_sandbox/source_snippet.txt"", ""failing_test"": ""tests/test_external_code_repair_task.py::test_requests_header_none_removes_session_header_visible_case"", ""failure_excerpt_sha256"": ""3bd526e1c1acd6c1247d5c2bc5922ba0fe37bf52c329d978674044d6632ac2d2"", ""field_name"": ""external_requests_code_signals"", ""field_values"": [""merge_setting_none_header"", ""merge_setting"", ""merge_hooks"", ""src"", ""requests"", ""sessions"", ""session"", ""headers""], ""fixture_id"": ""external-code:psf/requests"", ""fixture_kind"": ""external_code_repair_transfer"", ""function_name"": ""merge_setting"", ""held_out_reference_sha256"": ""7e9ba034646362f98b516fa8e76957efa09aa4098fff9ee48fa67e1fbe61497d"", ""held_out_reference_span_sha256"": [""0da01aa1df1d7458d5c64fd7bdf8f3d2a71ae989e265aacd3c434f632585ce17""], ""hidden_counterexample_family"": ""requests_merge_setting_none_removal"", ""issue_task_id"": ""github:psf/requests#4965"", ""issue_title"": ""Request-level None headers should remove inherited session headers"", ""issue_url"": ""https://github.com/psf/requests/issues/1921"", ""ported_external_symbol"": ""requests.sessions.merge_setting"", ""quarantine_paths"": ["".external_code_quarantine/requests_merge_setting_reference.sha256""], ""repair_target"": ""shared/external_repair_target.py"", ""repair_test"": ""tests/test_external_code_repair_task.py"", ""safety_controls"": [""actual_buggy_source_excerpt"", ""bounded_source_excerpt"", ""bounded_failure_excerpt"", ""source_url_provenance"", ""disposable_repo_execution_only"", ""local_executable_repair_task"", ""quarantined_reference_fix_hash_only"", ""seeded_hidden_counterexamples_after_patch"", ""verbatim_reference_span_rejection"", ""quarantine_path_touch_rejection"", ""full_pytest_required""], ""source_commit_sha"": ""cd90742ed94d901759e26766197d0ce7c7bd9c8e"", ""source_file_path"": ""src/requests/sessions.py"", ""source_ref"": ""main"", ""source_repository"": ""psf/requests"", ""source_snippet_sha256"": ""4b0fdea45f0aca37fa69a3c0f4fd350134135ce7e397ecb311efc9eef0de04d9"", ""source_symbols"": [""merge_setting"", ""merge_hooks"", ""src"", ""requests"", ""sessions""], ""source_url"": ""https://raw.githubusercontent.com/psf/requests/main/src/requests/sessions.py""}",requests_merge_setting_none_removal,True
external_requests_code_transfer_repo,"Executable psf/requests merge_setting bug port with buggy source, visible failing test, quarantined reference hash, and hidden seed-derived cases.",external_requests_code_failure_fixture_query,evolutionary_repair_loop,baseline_evolutionary_repair_loop,Baseline: retry candidate repair loop with the same safety gates but without recursive quarantine search or persistent self-policy depth.,10,9097e88ee290,0,1.177,0,3,0.0,0,True,False,0,1.177,0,/tmp/rsi_experiments_o8w6nkxd/external_requests_code_transfer_repo__external_requests_code_failure_fixture_query__evolutionary_repair_loop__r10/.omega_rsi_runs/closed_rsi_summary.json,"ting_user_agent_casefold"",
          ""rationale"": ""Reusable primitive for external_code_repair benchmark tasks."",
          ""target_surface"": ""shared/capability_primitives.py"",
          ""validation_plan"": {
            ""commands"": [
              [
                ""python"",
                ""-m"",
                ""pytest"",
                ""-q"",
                ""tests/test_capability_external_code_repair_operator_v1.py""
              ]
            ],
            ""expected_signals"": [
              ""public_counterexample_passes"",
              ""hidden_transfer_case_passes"",
              ""no_broad_regression_gate_failure""
            ],
            ""name"": ""validate_merge_setting_user_agent_casefold""
          }
        },
        {
          ""family"": ""external_code_repair"",
          ""kind"": ""search_heuristic"",
          ""name"": ""prefer_merge_setting_user_agent_casefold_reuse"",
          ""rationale"": ""Rank exact capability repair operators ahead of unrelated schema repairs."",
          ""target_surface"": ""scripts/closed_recursive_self_improvement_loop.py"",
          ""validation_plan"": {
            ""commands"": [
              [
                ""python"",
                ""-m"",
                ""pytest"",
                ""-q"",
                ""tests/test_capability_external_code_repair_operator_v1.py""
              ]
            ],
            ""expected_signals"": [
              ""public_counterexample_passes"",
              ""hidden_transfer_case_passes"",
              ""no_broad_regression_gate_failure""
            ],
            ""name"": ""validate_merge_setting_user_agent_casefold""
          }
        },
        {
          ""family"": ""external_code_repair"",
          ""kind"": ""evaluator_mutation"",
          ""name"": ""merge_setting_user_agent_casefold_hidden_transfer_case"",
          ""rationale"": ""Add a held-out case that checks transfer beyond the public example."",
          ""target_surface"": ""shared/capability_benchmarks.py"",
          ""validation_plan"": {
            ""commands"": [
              [
                ""python"",
                ""-m"",
                ""pytest"",
                ""-q"",
                ""tests/test_capability_external_code_repair_operator_v1.py""
              ]
            ],
            ""expected_signals"": [
              ""public_counterexample_passes"",
              ""hidden_transfer_case_passes"",
              ""no_broad_regression_gate_failure""
            ],
            ""name"": ""validate_merge_setting_user_agent_casefold""
          }
        },
        {
          ""family"": ""external_code_repair"",
          ""kind"": ""counterexample_test"",
          ""name"": ""test_merge_setting_user_agent_casefold_counterexample"",
          ""rationale"": ""Lock the primitive with public and hidden transfer counterexamples."",
          ""target_surface"": ""tests/test_capability_external_code_repair_operator_v1.py"",
          ""validation_plan"": {
            ""commands"": [
              [
                ""python"",
                ""-m"",
                ""pytest"",
                ""-q"",
                ""tests/test_capability_external_code_repair_operator_v1.py""
              ]
            ],
            ""expected_signals"": [
              ""public_counterexample_passes"",
              ""hidden_transfer_case_passes"",
              ""no_broad_regression_gate_failure""
            ],
            ""name"": ""validate_merge_setting_user_agent_casefold""
          }
        }
      ],
      ""promoted"": false,
      ""quarantine"": false,
      ""started_at"": ""2026-06-03T12:50:38Z"",
      ""target_path"": ""shared/external_repair_target.py"",
      ""test_path"": ""tests/test_external_code_repair_task.py""
    }
  ],
  ""rollback"": true,
  ""solved_new_tasks"": 0,
  ""state_path"": ""/tmp/rsi_experiments_o8w6nkxd/external_requests_code_transfer_repo__external_requests_code_failure_fixture_query__evolutionary_repair_loop__r10/.omega_rsi_runs/closed_rsi_state.json"",
  ""thdse_core_gate"": true,
  ""total_accepted"": 0,
  ""total_quarantine_exploration"": 0,
  ""total_rejected"": 3
}
",,external_code_unseen,psf/requests,Measure transfer on a sandbox fixture extracted from actual psf/requests source snippets and issue failure excerpts.,External code transfer succeeds when the loop repairs a local executable failure target derived from bounded psf/requests source and failure snippets.,1.347,0,0,6,3,0,0,python -m pytest -q,,True,9097e88ee290,da23b80eb7e7311a200bc8f6c0a38a9c78a4e9ddb9b8a170cd3befcc7bd7d5a4,"{""buggy_source_path"": ""shared/external_repair_target.py"", ""buggy_source_sha256"": ""e091fb3f780565f4d258d4d5a3a72fc67a3f798249726053347dde4ea75d27a7"", ""copied_failure_fixture"": ""external_sandbox/failure_excerpt.txt"", ""copied_source_fixture"": ""external_sandbox/source_snippet.txt"", ""failing_test"": ""tests/test_external_code_repair_task.py::test_requests_header_none_removes_session_header_visible_case"", ""failure_excerpt_sha256"": ""3bd526e1c1acd6c1247d5c2bc5922ba0fe37bf52c329d978674044d6632ac2d2"", ""field_name"": ""external_requests_code_signals"", ""field_values"": [""merge_setting_none_header"", ""merge_setting"", ""merge_hooks"", ""src"", ""requests"", ""sessions"", ""session"", ""headers""], ""fixture_id"": ""external-code:psf/requests"", ""fixture_kind"": ""external_code_repair_transfer"", ""function_name"": ""merge_setting"", ""held_out_reference_sha256"": ""7e9ba034646362f98b516fa8e76957efa09aa4098fff9ee48fa67e1fbe61497d"", ""held_out_reference_span_sha256"": [""0da01aa1df1d7458d5c64fd7bdf8f3d2a71ae989e265aacd3c434f632585ce17""], ""hidden_counterexample_family"": ""requests_merge_setting_none_removal"", ""issue_task_id"": ""github:psf/requests#4965"", ""issue_title"": ""Request-level None headers should remove inherited session headers"", ""issue_url"": ""https://github.com/psf/requests/issues/1921"", ""ported_external_symbol"": ""requests.sessions.merge_setting"", ""quarantine_paths"": ["".external_code_quarantine/requests_merge_setting_reference.sha256""], ""repair_target"": ""shared/external_repair_target.py"", ""repair_test"": ""tests/test_external_code_repair_task.py"", ""safety_controls"": [""actual_buggy_source_excerpt"", ""bounded_source_excerpt"", ""bounded_failure_excerpt"", ""source_url_provenance"", ""disposable_repo_execution_only"", ""local_executable_repair_task"", ""quarantined_reference_fix_hash_only"", ""seeded_hidden_counterexamples_after_patch"", ""verbatim_reference_span_rejection"", ""quarantine_path_touch_rejection"", ""full_pytest_required""], ""source_commit_sha"": ""cd90742ed94d901759e26766197d0ce7c7bd9c8e"", ""source_file_path"": ""src/requests/sessions.py"", ""source_ref"": ""main"", ""source_repository"": ""psf/requests"", ""source_snippet_sha256"": ""4b0fdea45f0aca37fa69a3c0f4fd350134135ce7e397ecb311efc9eef0de04d9"", ""source_symbols"": [""merge_setting"", ""merge_hooks"", ""src"", ""requests"", ""sessions""], ""source_url"": ""https://raw.githubusercontent.com/psf/requests/main/src/requests/sessions.py""}",requests_merge_setting_none_removal,True
external_requests_code_transfer_repo,"Executable psf/requests merge_setting bug port with buggy source, visible failing test, quarantined reference hash, and hidden seed-derived cases.",external_requests_code_failure_fixture_query,ci_only_validation,baseline_ci_only,Baseline: run validation without candidate generation or code patching.,10,9097e88ee290,1,0.127,0,0,0.0,0,,False,0,0.127,0,/tmp/rsi_experiments_o8w6nkxd/external_requests_code_transfer_repo__external_requests_code_failure_fixture_query__ci_only_validation__r10/.omega_rsi_runs/closed_rsi_summary.json,"F                                                                        [100%]
=================================== FAILURES ===================================
________ test_requests_header_none_removes_session_header_visible_case _________

    def test_requests_header_none_removes_session_header_visible_case():
        failure_text = (Path.cwd() / ""external_sandbox"" / ""failure_excerpt.txt"").read_text(encoding=""utf-8"")
        session_headers = {""User-Agent"": ""session-agent"", ""Accept"": ""application/json""}
        request_headers = {""User-Agent"": None, ""Content-Type"": ""text/plain""}
    
        merged = merge_setting(request_headers, session_headers)
    
        assert failure_text
>       assert ""User-Agent"" not in merged
E       AssertionError: assert 'User-Agent' not in OrderedDict([('User-Agent', None), ('Accept', 'application/json'), ('Content-Type', 'text/plain')])

tests/test_external_code_repair_task.py:14: AssertionError
=========================== short test summary info ============================
FAILED tests/test_external_code_repair_task.py::test_requests_header_none_removes_session_header_visible_case - AssertionError: assert 'User-Agent' not in OrderedDict([('User-Agent', None), ('Accept', 'application/json'), ('Content-Type', 'text/plain')])
1 failed in 0.01s
",,external_code_unseen,psf/requests,Measure transfer on a sandbox fixture extracted from actual psf/requests source snippets and issue failure excerpts.,External code transfer succeeds when the loop repairs a local executable failure target derived from bounded psf/requests source and failure snippets.,0,0,0,0,0,0,0,python -m pytest -q,1,True,9097e88ee290,dea91a2d8a3d2a34b1234390ccb7f6691e37f03ded3ccae0f5ae61fbf99dbfc0,"{""buggy_source_path"": ""shared/external_repair_target.py"", ""buggy_source_sha256"": ""e091fb3f780565f4d258d4d5a3a72fc67a3f798249726053347dde4ea75d27a7"", ""copied_failure_fixture"": ""external_sandbox/failure_excerpt.txt"", ""copied_source_fixture"": ""external_sandbox/source_snippet.txt"", ""failing_test"": ""tests/test_external_code_repair_task.py::test_requests_header_none_removes_session_header_visible_case"", ""failure_excerpt_sha256"": ""3bd526e1c1acd6c1247d5c2bc5922ba0fe37bf52c329d978674044d6632ac2d2"", ""field_name"": ""external_requests_code_signals"", ""field_values"": [""merge_setting_none_header"", ""merge_setting"", ""merge_hooks"", ""src"", ""requests"", ""sessions"", ""session"", ""headers""], ""fixture_id"": ""external-code:psf/requests"", ""fixture_kind"": ""external_code_repair_transfer"", ""function_name"": ""merge_setting"", ""held_out_reference_sha256"": ""7e9ba034646362f98b516fa8e76957efa09aa4098fff9ee48fa67e1fbe61497d"", ""held_out_reference_span_sha256"": [""0da01aa1df1d7458d5c64fd7bdf8f3d2a71ae989e265aacd3c434f632585ce17""], ""hidden_counterexample_family"": ""requests_merge_setting_none_removal"", ""issue_task_id"": ""github:psf/requests#4965"", ""issue_title"": ""Request-level None headers should remove inherited session headers"", ""issue_url"": ""https://github.com/psf/requests/issues/1921"", ""ported_external_symbol"": ""requests.sessions.merge_setting"", ""quarantine_paths"": ["".external_code_quarantine/requests_merge_setting_reference.sha256""], ""repair_target"": ""shared/external_repair_target.py"", ""repair_test"": ""tests/test_external_code_repair_task.py"", ""safety_controls"": [""actual_buggy_source_excerpt"", ""bounded_source_excerpt"", ""bounded_failure_excerpt"", ""source_url_provenance"", ""disposable_repo_execution_only"", ""local_executable_repair_task"", ""quarantined_reference_fix_hash_only"", ""seeded_hidden_counterexamples_after_patch"", ""verbatim_reference_span_rejection"", ""quarantine_path_touch_rejection"", ""full_pytest_required""], ""source_commit_sha"": ""cd90742ed94d901759e26766197d0ce7c7bd9c8e"", ""source_file_path"": ""src/requests/sessions.py"", ""source_ref"": ""main"", ""source_repository"": ""psf/requests"", ""source_snippet_sha256"": ""4b0fdea45f0aca37fa69a3c0f4fd350134135ce7e397ecb311efc9eef0de04d9"", ""source_symbols"": [""merge_setting"", ""merge_hooks"", ""src"", ""requests"", ""sessions""], ""source_url"": ""https://raw.githubusercontent.com/psf/requests/main/src/requests/sessions.py""}",requests_merge_setting_none_removal,True
external_requests_code_transfer_repo,"Executable psf/requests merge_setting bug port with buggy source, visible failing test, quarantined reference hash, and hidden seed-derived cases.",external_requests_code_failure_fixture_query,verified_closed_loop,proposed,"Full loop: candidate generation, patching, rollback, persistence, root broad gate, and THDSE core gate.",11,20897d8188ad,0,4.452,3,1,0.75,0,,True,3,4.452,5,/tmp/rsi_experiments_o8w6nkxd/external_requests_code_transfer_repo__external_requests_code_failure_fixture_query__verified_closed_loop__r11/.omega_rsi_runs/closed_rsi_summary.json,"_setting_user_agent_casefold"",
          ""rationale"": ""Reusable primitive for external_code_repair benchmark tasks."",
          ""target_surface"": ""shared/capability_primitives.py"",
          ""validation_plan"": {
            ""commands"": [
              [
                ""python"",
                ""-m"",
                ""pytest"",
                ""-q"",
                ""tests/test_capability_external_code_repair_operator_v1.py""
              ]
            ],
            ""expected_signals"": [
              ""public_counterexample_passes"",
              ""hidden_transfer_case_passes"",
              ""no_broad_regression_gate_failure""
            ],
            ""name"": ""validate_merge_setting_user_agent_casefold""
          }
        },
        {
          ""family"": ""external_code_repair"",
          ""kind"": ""search_heuristic"",
          ""name"": ""prefer_merge_setting_user_agent_casefold_reuse"",
          ""rationale"": ""Rank exact capability repair operators ahead of unrelated schema repairs."",
          ""target_surface"": ""scripts/closed_recursive_self_improvement_loop.py"",
          ""validation_plan"": {
            ""commands"": [
              [
                ""python"",
                ""-m"",
                ""pytest"",
                ""-q"",
                ""tests/test_capability_external_code_repair_operator_v1.py""
              ]
            ],
            ""expected_signals"": [
              ""public_counterexample_passes"",
              ""hidden_transfer_case_passes"",
              ""no_broad_regression_gate_failure""
            ],
            ""name"": ""validate_merge_setting_user_agent_casefold""
          }
        },
        {
          ""family"": ""external_code_repair"",
          ""kind"": ""evaluator_mutation"",
          ""name"": ""merge_setting_user_agent_casefold_hidden_transfer_case"",
          ""rationale"": ""Add a held-out case that checks transfer beyond the public example."",
          ""target_surface"": ""shared/capability_benchmarks.py"",
          ""validation_plan"": {
            ""commands"": [
              [
                ""python"",
                ""-m"",
                ""pytest"",
                ""-q"",
                ""tests/test_capability_external_code_repair_operator_v1.py""
              ]
            ],
            ""expected_signals"": [
              ""public_counterexample_passes"",
              ""hidden_transfer_case_passes"",
              ""no_broad_regression_gate_failure""
            ],
            ""name"": ""validate_merge_setting_user_agent_casefold""
          }
        },
        {
          ""family"": ""external_code_repair"",
          ""kind"": ""counterexample_test"",
          ""name"": ""test_merge_setting_user_agent_casefold_counterexample"",
          ""rationale"": ""Lock the primitive with public and hidden transfer counterexamples."",
          ""target_surface"": ""tests/test_capability_external_code_repair_operator_v1.py"",
          ""validation_plan"": {
            ""commands"": [
              [
                ""python"",
                ""-m"",
                ""pytest"",
                ""-q"",
                ""tests/test_capability_external_code_repair_operator_v1.py""
              ]
            ],
            ""expected_signals"": [
              ""public_counterexample_passes"",
              ""hidden_transfer_case_passes"",
              ""no_broad_regression_gate_failure""
            ],
            ""name"": ""validate_merge_setting_user_agent_casefold""
          }
        }
      ],
      ""promoted"": false,
      ""quarantine"": false,
      ""started_at"": ""2026-06-03T12:50:39Z"",
      ""target_path"": ""shared/external_repair_target.py"",
      ""test_path"": ""tests/test_external_code_repair_task.py""
    }
  ],
  ""rollback"": true,
  ""solved_new_tasks"": 0,
  ""state_path"": ""/tmp/rsi_experiments_o8w6nkxd/external_requests_code_transfer_repo__external_requests_code_failure_fixture_query__verified_closed_loop__r11/.omega_rsi_runs/closed_rsi_state.json"",
  ""thdse_core_gate"": true,
  ""total_accepted"": 3,
  ""total_quarantine_exploration"": 2,
  ""total_rejected"": 1
}
",,external_code_unseen,psf/requests,Measure transfer on a sandbox fixture extracted from actual psf/requests source snippets and issue failure excerpts.,External code transfer succeeds when the loop repairs a local executable failure target derived from bounded psf/requests source and failure snippets.,1.796,0,0,8,1,2,0,python -m pytest -q,0,True,20897d8188ad,191ac1b83fbbddfb36c7b238ea15db98df10bcae468938bedaedfa1b40c52587,"{""buggy_source_path"": ""shared/external_repair_target.py"", ""buggy_source_sha256"": ""e091fb3f780565f4d258d4d5a3a72fc67a3f798249726053347dde4ea75d27a7"", ""copied_failure_fixture"": ""external_sandbox/failure_excerpt.txt"", ""copied_source_fixture"": ""external_sandbox/source_snippet.txt"", ""failing_test"": ""tests/test_external_code_repair_task.py::test_requests_header_none_removes_session_header_visible_case"", ""failure_excerpt_sha256"": ""3bd526e1c1acd6c1247d5c2bc5922ba0fe37bf52c329d978674044d6632ac2d2"", ""field_name"": ""external_requests_code_signals"", ""field_values"": [""merge_setting_none_header"", ""merge_setting"", ""merge_hooks"", ""src"", ""requests"", ""sessions"", ""session"", ""headers""], ""fixture_id"": ""external-code:psf/requests"", ""fixture_kind"": ""external_code_repair_transfer"", ""function_name"": ""merge_setting"", ""held_out_reference_sha256"": ""7e9ba034646362f98b516fa8e76957efa09aa4098fff9ee48fa67e1fbe61497d"", ""held_out_reference_span_sha256"": [""0da01aa1df1d7458d5c64fd7bdf8f3d2a71ae989e265aacd3c434f632585ce17""], ""hidden_counterexample_family"": ""requests_merge_setting_none_removal"", ""issue_task_id"": ""github:psf/requests#4965"", ""issue_title"": ""Request-level None headers should remove inherited session headers"", ""issue_url"": ""https://github.com/psf/requests/issues/1921"", ""ported_external_symbol"": ""requests.sessions.merge_setting"", ""quarantine_paths"": ["".external_code_quarantine/requests_merge_setting_reference.sha256""], ""repair_target"": ""shared/external_repair_target.py"", ""repair_test"": ""tests/test_external_code_repair_task.py"", ""safety_controls"": [""actual_buggy_source_excerpt"", ""bounded_source_excerpt"", ""bounded_failure_excerpt"", ""source_url_provenance"", ""disposable_repo_execution_only"", ""local_executable_repair_task"", ""quarantined_reference_fix_hash_only"", ""seeded_hidden_counterexamples_after_patch"", ""verbatim_reference_span_rejection"", ""quarantine_path_touch_rejection"", ""full_pytest_required""], ""source_commit_sha"": ""cd90742ed94d901759e26766197d0ce7c7bd9c8e"", ""source_file_path"": ""src/requests/sessions.py"", ""source_ref"": ""main"", ""source_repository"": ""psf/requests"", ""source_snippet_sha256"": ""4b0fdea45f0aca37fa69a3c0f4fd350134135ce7e397ecb311efc9eef0de04d9"", ""source_symbols"": [""merge_setting"", ""merge_hooks"", ""src"", ""requests"", ""sessions""], ""source_url"": ""https://raw.githubusercontent.com/psf/requests/main/src/requests/sessions.py""}",requests_merge_setting_none_removal,True
external_requests_code_transfer_repo,"Executable psf/requests merge_setting bug port with buggy source, visible failing test, quarantined reference hash, and hidden seed-derived cases.",external_requests_code_failure_fixture_query,agent_coding_loop,baseline_agent_coding_loop,Baseline: single-pass automated coding loop with validation but without persistent recursive depth.,11,20897d8188ad,0,0.427,0,1,0.0,0,True,False,0,0.427,0,/tmp/rsi_experiments_o8w6nkxd/external_requests_code_transfer_repo__external_requests_code_failure_fixture_query__agent_coding_loop__r11/.omega_rsi_runs/closed_rsi_summary.json,"rge_setting_user_agent_casefold"",
          ""rationale"": ""Reusable primitive for external_code_repair benchmark tasks."",
          ""target_surface"": ""shared/capability_primitives.py"",
          ""validation_plan"": {
            ""commands"": [
              [
                ""python"",
                ""-m"",
                ""pytest"",
                ""-q"",
                ""tests/test_capability_external_code_repair_operator_v1.py""
              ]
            ],
            ""expected_signals"": [
              ""public_counterexample_passes"",
              ""hidden_transfer_case_passes"",
              ""no_broad_regression_gate_failure""
            ],
            ""name"": ""validate_merge_setting_user_agent_casefold""
          }
        },
        {
          ""family"": ""external_code_repair"",
          ""kind"": ""search_heuristic"",
          ""name"": ""prefer_merge_setting_user_agent_casefold_reuse"",
          ""rationale"": ""Rank exact capability repair operators ahead of unrelated schema repairs."",
          ""target_surface"": ""scripts/closed_recursive_self_improvement_loop.py"",
          ""validation_plan"": {
            ""commands"": [
              [
                ""python"",
                ""-m"",
                ""pytest"",
                ""-q"",
                ""tests/test_capability_external_code_repair_operator_v1.py""
              ]
            ],
            ""expected_signals"": [
              ""public_counterexample_passes"",
              ""hidden_transfer_case_passes"",
              ""no_broad_regression_gate_failure""
            ],
            ""name"": ""validate_merge_setting_user_agent_casefold""
          }
        },
        {
          ""family"": ""external_code_repair"",
          ""kind"": ""evaluator_mutation"",
          ""name"": ""merge_setting_user_agent_casefold_hidden_transfer_case"",
          ""rationale"": ""Add a held-out case that checks transfer beyond the public example."",
          ""target_surface"": ""shared/capability_benchmarks.py"",
          ""validation_plan"": {
            ""commands"": [
              [
                ""python"",
                ""-m"",
                ""pytest"",
                ""-q"",
                ""tests/test_capability_external_code_repair_operator_v1.py""
              ]
            ],
            ""expected_signals"": [
              ""public_counterexample_passes"",
              ""hidden_transfer_case_passes"",
              ""no_broad_regression_gate_failure""
            ],
            ""name"": ""validate_merge_setting_user_agent_casefold""
          }
        },
        {
          ""family"": ""external_code_repair"",
          ""kind"": ""counterexample_test"",
          ""name"": ""test_merge_setting_user_agent_casefold_counterexample"",
          ""rationale"": ""Lock the primitive with public and hidden transfer counterexamples."",
          ""target_surface"": ""tests/test_capability_external_code_repair_operator_v1.py"",
          ""validation_plan"": {
            ""commands"": [
              [
                ""python"",
                ""-m"",
                ""pytest"",
                ""-q"",
                ""tests/test_capability_external_code_repair_operator_v1.py""
              ]
            ],
            ""expected_signals"": [
              ""public_counterexample_passes"",
              ""hidden_transfer_case_passes"",
              ""no_broad_regression_gate_failure""
            ],
            ""name"": ""validate_merge_setting_user_agent_casefold""
          }
        }
      ],
      ""promoted"": false,
      ""quarantine"": false,
      ""started_at"": ""2026-06-03T12:50:43Z"",
      ""target_path"": ""shared/external_repair_target.py"",
      ""test_path"": ""tests/test_external_code_repair_task.py""
    }
  ],
  ""rollback"": true,
  ""solved_new_tasks"": 0,
  ""state_path"": ""/tmp/rsi_experiments_o8w6nkxd/external_requests_code_transfer_repo__external_requests_code_failure_fixture_query__agent_coding_loop__r11/.omega_rsi_runs/closed_rsi_state.json"",
  ""thdse_core_gate"": true,
  ""total_accepted"": 0,
  ""total_quarantine_exploration"": 0,
  ""total_rejected"": 1
}
",,external_code_unseen,psf/requests,Measure transfer on a sandbox fixture extracted from actual psf/requests source snippets and issue failure excerpts.,External code transfer succeeds when the loop repairs a local executable failure target derived from bounded psf/requests source and failure snippets.,0.449,0,0,2,1,0,0,python -m pytest -q,,True,20897d8188ad,4fd2483b36a4868081e107ad564f7dd4e46a1fb7125bd12e782dc5b6eb23d2db,"{""buggy_source_path"": ""shared/external_repair_target.py"", ""buggy_source_sha256"": ""e091fb3f780565f4d258d4d5a3a72fc67a3f798249726053347dde4ea75d27a7"", ""copied_failure_fixture"": ""external_sandbox/failure_excerpt.txt"", ""copied_source_fixture"": ""external_sandbox/source_snippet.txt"", ""failing_test"": ""tests/test_external_code_repair_task.py::test_requests_header_none_removes_session_header_visible_case"", ""failure_excerpt_sha256"": ""3bd526e1c1acd6c1247d5c2bc5922ba0fe37bf52c329d978674044d6632ac2d2"", ""field_name"": ""external_requests_code_signals"", ""field_values"": [""merge_setting_none_header"", ""merge_setting"", ""merge_hooks"", ""src"", ""requests"", ""sessions"", ""session"", ""headers""], ""fixture_id"": ""external-code:psf/requests"", ""fixture_kind"": ""external_code_repair_transfer"", ""function_name"": ""merge_setting"", ""held_out_reference_sha256"": ""7e9ba034646362f98b516fa8e76957efa09aa4098fff9ee48fa67e1fbe61497d"", ""held_out_reference_span_sha256"": [""0da01aa1df1d7458d5c64fd7bdf8f3d2a71ae989e265aacd3c434f632585ce17""], ""hidden_counterexample_family"": ""requests_merge_setting_none_removal"", ""issue_task_id"": ""github:psf/requests#4965"", ""issue_title"": ""Request-level None headers should remove inherited session headers"", ""issue_url"": ""https://github.com/psf/requests/issues/1921"", ""ported_external_symbol"": ""requests.sessions.merge_setting"", ""quarantine_paths"": ["".external_code_quarantine/requests_merge_setting_reference.sha256""], ""repair_target"": ""shared/external_repair_target.py"", ""repair_test"": ""tests/test_external_code_repair_task.py"", ""safety_controls"": [""actual_buggy_source_excerpt"", ""bounded_source_excerpt"", ""bounded_failure_excerpt"", ""source_url_provenance"", ""disposable_repo_execution_only"", ""local_executable_repair_task"", ""quarantined_reference_fix_hash_only"", ""seeded_hidden_counterexamples_after_patch"", ""verbatim_reference_span_rejection"", ""quarantine_path_touch_rejection"", ""full_pytest_required""], ""source_commit_sha"": ""cd90742ed94d901759e26766197d0ce7c7bd9c8e"", ""source_file_path"": ""src/requests/sessions.py"", ""source_ref"": ""main"", ""source_repository"": ""psf/requests"", ""source_snippet_sha256"": ""4b0fdea45f0aca37fa69a3c0f4fd350134135ce7e397ecb311efc9eef0de04d9"", ""source_symbols"": [""merge_setting"", ""merge_hooks"", ""src"", ""requests"", ""sessions""], ""source_url"": ""https://raw.githubusercontent.com/psf/requests/main/src/requests/sessions.py""}",requests_merge_setting_none_removal,True
external_requests_code_transfer_repo,"Executable psf/requests merge_setting bug port with buggy source, visible failing test, quarantined reference hash, and hidden seed-derived cases.",external_requests_code_failure_fixture_query,evolutionary_repair_loop,baseline_evolutionary_repair_loop,Baseline: retry candidate repair loop with the same safety gates but without recursive quarantine search or persistent self-policy depth.,11,20897d8188ad,0,1.292,0,3,0.0,0,True,False,0,1.292,0,/tmp/rsi_experiments_o8w6nkxd/external_requests_code_transfer_repo__external_requests_code_failure_fixture_query__evolutionary_repair_loop__r11/.omega_rsi_runs/closed_rsi_summary.json,"air"",
          ""kind"": ""solver_primitive"",
          ""name"": ""merge_setting_empty_only"",
          ""rationale"": ""Reusable primitive for external_code_repair benchmark tasks."",
          ""target_surface"": ""shared/capability_primitives.py"",
          ""validation_plan"": {
            ""commands"": [
              [
                ""python"",
                ""-m"",
                ""pytest"",
                ""-q"",
                ""tests/test_capability_external_code_repair_operator_v1.py""
              ]
            ],
            ""expected_signals"": [
              ""public_counterexample_passes"",
              ""hidden_transfer_case_passes"",
              ""no_broad_regression_gate_failure""
            ],
            ""name"": ""validate_merge_setting_empty_only""
          }
        },
        {
          ""family"": ""external_code_repair"",
          ""kind"": ""search_heuristic"",
          ""name"": ""prefer_merge_setting_empty_only_reuse"",
          ""rationale"": ""Rank exact capability repair operators ahead of unrelated schema repairs."",
          ""target_surface"": ""scripts/closed_recursive_self_improvement_loop.py"",
          ""validation_plan"": {
            ""commands"": [
              [
                ""python"",
                ""-m"",
                ""pytest"",
                ""-q"",
                ""tests/test_capability_external_code_repair_operator_v1.py""
              ]
            ],
            ""expected_signals"": [
              ""public_counterexample_passes"",
              ""hidden_transfer_case_passes"",
              ""no_broad_regression_gate_failure""
            ],
            ""name"": ""validate_merge_setting_empty_only""
          }
        },
        {
          ""family"": ""external_code_repair"",
          ""kind"": ""evaluator_mutation"",
          ""name"": ""merge_setting_empty_only_hidden_transfer_case"",
          ""rationale"": ""Add a held-out case that checks transfer beyond the public example."",
          ""target_surface"": ""shared/capability_benchmarks.py"",
          ""validation_plan"": {
            ""commands"": [
              [
                ""python"",
                ""-m"",
                ""pytest"",
                ""-q"",
                ""tests/test_capability_external_code_repair_operator_v1.py""
              ]
            ],
            ""expected_signals"": [
              ""public_counterexample_passes"",
              ""hidden_transfer_case_passes"",
              ""no_broad_regression_gate_failure""
            ],
            ""name"": ""validate_merge_setting_empty_only""
          }
        },
        {
          ""family"": ""external_code_repair"",
          ""kind"": ""counterexample_test"",
          ""name"": ""test_merge_setting_empty_only_counterexample"",
          ""rationale"": ""Lock the primitive with public and hidden transfer counterexamples."",
          ""target_surface"": ""tests/test_capability_external_code_repair_operator_v1.py"",
          ""validation_plan"": {
            ""commands"": [
              [
                ""python"",
                ""-m"",
                ""pytest"",
                ""-q"",
                ""tests/test_capability_external_code_repair_operator_v1.py""
              ]
            ],
            ""expected_signals"": [
              ""public_counterexample_passes"",
              ""hidden_transfer_case_passes"",
              ""no_broad_regression_gate_failure""
            ],
            ""name"": ""validate_merge_setting_empty_only""
          }
        }
      ],
      ""promoted"": false,
      ""quarantine"": false,
      ""started_at"": ""2026-06-03T12:50:45Z"",
      ""target_path"": ""shared/external_repair_target.py"",
      ""test_path"": ""tests/test_external_code_repair_task.py""
    }
  ],
  ""rollback"": true,
  ""solved_new_tasks"": 0,
  ""state_path"": ""/tmp/rsi_experiments_o8w6nkxd/external_requests_code_transfer_repo__external_requests_code_failure_fixture_query__evolutionary_repair_loop__r11/.omega_rsi_runs/closed_rsi_state.json"",
  ""thdse_core_gate"": true,
  ""total_accepted"": 0,
  ""total_quarantine_exploration"": 0,
  ""total_rejected"": 3
}
",,external_code_unseen,psf/requests,Measure transfer on a sandbox fixture extracted from actual psf/requests source snippets and issue failure excerpts.,External code transfer succeeds when the loop repairs a local executable failure target derived from bounded psf/requests source and failure snippets.,1.347,0,0,6,3,0,0,python -m pytest -q,,True,20897d8188ad,18a97e50d372c7bf8f8a06fe88b0220636201d7b281313198970e2695a4eaa4e,"{""buggy_source_path"": ""shared/external_repair_target.py"", ""buggy_source_sha256"": ""e091fb3f780565f4d258d4d5a3a72fc67a3f798249726053347dde4ea75d27a7"", ""copied_failure_fixture"": ""external_sandbox/failure_excerpt.txt"", ""copied_source_fixture"": ""external_sandbox/source_snippet.txt"", ""failing_test"": ""tests/test_external_code_repair_task.py::test_requests_header_none_removes_session_header_visible_case"", ""failure_excerpt_sha256"": ""3bd526e1c1acd6c1247d5c2bc5922ba0fe37bf52c329d978674044d6632ac2d2"", ""field_name"": ""external_requests_code_signals"", ""field_values"": [""merge_setting_none_header"", ""merge_setting"", ""merge_hooks"", ""src"", ""requests"", ""sessions"", ""session"", ""headers""], ""fixture_id"": ""external-code:psf/requests"", ""fixture_kind"": ""external_code_repair_transfer"", ""function_name"": ""merge_setting"", ""held_out_reference_sha256"": ""7e9ba034646362f98b516fa8e76957efa09aa4098fff9ee48fa67e1fbe61497d"", ""held_out_reference_span_sha256"": [""0da01aa1df1d7458d5c64fd7bdf8f3d2a71ae989e265aacd3c434f632585ce17""], ""hidden_counterexample_family"": ""requests_merge_setting_none_removal"", ""issue_task_id"": ""github:psf/requests#4965"", ""issue_title"": ""Request-level None headers should remove inherited session headers"", ""issue_url"": ""https://github.com/psf/requests/issues/1921"", ""ported_external_symbol"": ""requests.sessions.merge_setting"", ""quarantine_paths"": ["".external_code_quarantine/requests_merge_setting_reference.sha256""], ""repair_target"": ""shared/external_repair_target.py"", ""repair_test"": ""tests/test_external_code_repair_task.py"", ""safety_controls"": [""actual_buggy_source_excerpt"", ""bounded_source_excerpt"", ""bounded_failure_excerpt"", ""source_url_provenance"", ""disposable_repo_execution_only"", ""local_executable_repair_task"", ""quarantined_reference_fix_hash_only"", ""seeded_hidden_counterexamples_after_patch"", ""verbatim_reference_span_rejection"", ""quarantine_path_touch_rejection"", ""full_pytest_required""], ""source_commit_sha"": ""cd90742ed94d901759e26766197d0ce7c7bd9c8e"", ""source_file_path"": ""src/requests/sessions.py"", ""source_ref"": ""main"", ""source_repository"": ""psf/requests"", ""source_snippet_sha256"": ""4b0fdea45f0aca37fa69a3c0f4fd350134135ce7e397ecb311efc9eef0de04d9"", ""source_symbols"": [""merge_setting"", ""merge_hooks"", ""src"", ""requests"", ""sessions""], ""source_url"": ""https://raw.githubusercontent.com/psf/requests/main/src/requests/sessions.py""}",requests_merge_setting_none_removal,True
external_requests_code_transfer_repo,"Executable psf/requests merge_setting bug port with buggy source, visible failing test, quarantined reference hash, and hidden seed-derived cases.",external_requests_code_failure_fixture_query,ci_only_validation,baseline_ci_only,Baseline: run validation without candidate generation or code patching.,11,20897d8188ad,1,0.126,0,0,0.0,0,,False,0,0.126,0,/tmp/rsi_experiments_o8w6nkxd/external_requests_code_transfer_repo__external_requests_code_failure_fixture_query__ci_only_validation__r11/.omega_rsi_runs/closed_rsi_summary.json,"F                                                                        [100%]
=================================== FAILURES ===================================
________ test_requests_header_none_removes_session_header_visible_case _________

    def test_requests_header_none_removes_session_header_visible_case():
        failure_text = (Path.cwd() / ""external_sandbox"" / ""failure_excerpt.txt"").read_text(encoding=""utf-8"")
        session_headers = {""User-Agent"": ""session-agent"", ""Accept"": ""application/json""}
        request_headers = {""User-Agent"": None, ""Content-Type"": ""text/plain""}
    
        merged = merge_setting(request_headers, session_headers)
    
        assert failure_text
>       assert ""User-Agent"" not in merged
E       AssertionError: assert 'User-Agent' not in OrderedDict([('User-Agent', None), ('Accept', 'application/json'), ('Content-Type', 'text/plain')])

tests/test_external_code_repair_task.py:14: AssertionError
=========================== short test summary info ============================
FAILED tests/test_external_code_repair_task.py::test_requests_header_none_removes_session_header_visible_case - AssertionError: assert 'User-Agent' not in OrderedDict([('User-Agent', None), ('Accept', 'application/json'), ('Content-Type', 'text/plain')])
1 failed in 0.01s
",,external_code_unseen,psf/requests,Measure transfer on a sandbox fixture extracted from actual psf/requests source snippets and issue failure excerpts.,External code transfer succeeds when the loop repairs a local executable failure target derived from bounded psf/requests source and failure snippets.,0,0,0,0,0,0,0,python -m pytest -q,1,True,20897d8188ad,6d72f7832531e03a9905fb0bece8630ab42cb93582dec3137144302b5566cf48,"{""buggy_source_path"": ""shared/external_repair_target.py"", ""buggy_source_sha256"": ""e091fb3f780565f4d258d4d5a3a72fc67a3f798249726053347dde4ea75d27a7"", ""copied_failure_fixture"": ""external_sandbox/failure_excerpt.txt"", ""copied_source_fixture"": ""external_sandbox/source_snippet.txt"", ""failing_test"": ""tests/test_external_code_repair_task.py::test_requests_header_none_removes_session_header_visible_case"", ""failure_excerpt_sha256"": ""3bd526e1c1acd6c1247d5c2bc5922ba0fe37bf52c329d978674044d6632ac2d2"", ""field_name"": ""external_requests_code_signals"", ""field_values"": [""merge_setting_none_header"", ""merge_setting"", ""merge_hooks"", ""src"", ""requests"", ""sessions"", ""session"", ""headers""], ""fixture_id"": ""external-code:psf/requests"", ""fixture_kind"": ""external_code_repair_transfer"", ""function_name"": ""merge_setting"", ""held_out_reference_sha256"": ""7e9ba034646362f98b516fa8e76957efa09aa4098fff9ee48fa67e1fbe61497d"", ""held_out_reference_span_sha256"": [""0da01aa1df1d7458d5c64fd7bdf8f3d2a71ae989e265aacd3c434f632585ce17""], ""hidden_counterexample_family"": ""requests_merge_setting_none_removal"", ""issue_task_id"": ""github:psf/requests#4965"", ""issue_title"": ""Request-level None headers should remove inherited session headers"", ""issue_url"": ""https://github.com/psf/requests/issues/1921"", ""ported_external_symbol"": ""requests.sessions.merge_setting"", ""quarantine_paths"": ["".external_code_quarantine/requests_merge_setting_reference.sha256""], ""repair_target"": ""shared/external_repair_target.py"", ""repair_test"": ""tests/test_external_code_repair_task.py"", ""safety_controls"": [""actual_buggy_source_excerpt"", ""bounded_source_excerpt"", ""bounded_failure_excerpt"", ""source_url_provenance"", ""disposable_repo_execution_only"", ""local_executable_repair_task"", ""quarantined_reference_fix_hash_only"", ""seeded_hidden_counterexamples_after_patch"", ""verbatim_reference_span_rejection"", ""quarantine_path_touch_rejection"", ""full_pytest_required""], ""source_commit_sha"": ""cd90742ed94d901759e26766197d0ce7c7bd9c8e"", ""source_file_path"": ""src/requests/sessions.py"", ""source_ref"": ""main"", ""source_repository"": ""psf/requests"", ""source_snippet_sha256"": ""4b0fdea45f0aca37fa69a3c0f4fd350134135ce7e397ecb311efc9eef0de04d9"", ""source_symbols"": [""merge_setting"", ""merge_hooks"", ""src"", ""requests"", ""sessions""], ""source_url"": ""https://raw.githubusercontent.com/psf/requests/main/src/requests/sessions.py""}",requests_merge_setting_none_removal,True
external_requests_code_transfer_repo,"Executable psf/requests merge_setting bug port with buggy source, visible failing test, quarantined reference hash, and hidden seed-derived cases.",external_requests_code_failure_fixture_query,verified_closed_loop,proposed,"Full loop: candidate generation, patching, rollback, persistence, root broad gate, and THDSE core gate.",12,017cc10d455c,0,3.891,3,0,1.0,0,,True,3,3.891,5,/tmp/rsi_experiments_o8w6nkxd/external_requests_code_transfer_repo__external_requests_code_failure_fixture_query__verified_closed_loop__r12/.omega_rsi_runs/closed_rsi_summary.json,"hema_query_repair benchmark tasks."",
          ""target_surface"": ""shared/capability_primitives.py"",
          ""validation_plan"": {
            ""commands"": [
              [
                ""python"",
                ""-m"",
                ""pytest"",
                ""-q"",
                ""tests/test_capability_schema_query_repair_operator_v1.py""
              ]
            ],
            ""expected_signals"": [
              ""public_counterexample_passes"",
              ""hidden_transfer_case_passes"",
              ""no_broad_regression_gate_failure""
            ],
            ""name"": ""validate_records_matching_feature_flags""
          }
        },
        {
          ""family"": ""schema_query_repair"",
          ""kind"": ""search_heuristic"",
          ""name"": ""prefer_records_matching_feature_flags_reuse"",
          ""rationale"": ""Rank exact capability repair operators ahead of unrelated schema repairs."",
          ""target_surface"": ""scripts/closed_recursive_self_improvement_loop.py"",
          ""validation_plan"": {
            ""commands"": [
              [
                ""python"",
                ""-m"",
                ""pytest"",
                ""-q"",
                ""tests/test_capability_schema_query_repair_operator_v1.py""
              ]
            ],
            ""expected_signals"": [
              ""public_counterexample_passes"",
              ""hidden_transfer_case_passes"",
              ""no_broad_regression_gate_failure""
            ],
            ""name"": ""validate_records_matching_feature_flags""
          }
        },
        {
          ""family"": ""schema_query_repair"",
          ""kind"": ""evaluator_mutation"",
          ""name"": ""records_matching_feature_flags_hidden_transfer_case"",
          ""rationale"": ""Add a held-out case that checks transfer beyond the public example."",
          ""target_surface"": ""shared/capability_benchmarks.py"",
          ""validation_plan"": {
            ""commands"": [
              [
                ""python"",
                ""-m"",
                ""pytest"",
                ""-q"",
                ""tests/test_capability_schema_query_repair_operator_v1.py""
              ]
            ],
            ""expected_signals"": [
              ""public_counterexample_passes"",
              ""hidden_transfer_case_passes"",
              ""no_broad_regression_gate_failure""
            ],
            ""name"": ""validate_records_matching_feature_flags""
          }
        },
        {
          ""family"": ""schema_query_repair"",
          ""kind"": ""counterexample_test"",
          ""name"": ""test_records_matching_feature_flags_counterexample"",
          ""rationale"": ""Lock the primitive with public and hidden transfer counterexamples."",
          ""target_surface"": ""tests/test_capability_schema_query_repair_operator_v1.py"",
          ""validation_plan"": {
            ""commands"": [
              [
                ""python"",
                ""-m"",
                ""pytest"",
                ""-q"",
                ""tests/test_capability_schema_query_repair_operator_v1.py""
              ]
            ],
            ""expected_signals"": [
              ""public_counterexample_passes"",
              ""hidden_transfer_case_passes"",
              ""no_broad_regression_gate_failure""
            ],
            ""name"": ""validate_records_matching_feature_flags""
          }
        }
      ],
      ""promoted"": false,
      ""quarantine"": true,
      ""started_at"": ""2026-06-03T12:50:48Z"",
      ""target_path"": ""shared/local_corpus.py"",
      ""test_path"": ""tests/test_emergent_local_corpus_feature_flags_membership_v1.py""
    }
  ],
  ""quarantine_failure_residue_count"": 0,
  ""quarantine_max_depth"": 1,
  ""rejected_this_run"": [],
  ""rollback"": true,
  ""solved_new_tasks"": 0,
  ""state_path"": ""/tmp/rsi_experiments_o8w6nkxd/external_requests_code_transfer_repo__external_requests_code_failure_fixture_query__verified_closed_loop__r12/.omega_rsi_runs/closed_rsi_state.json"",
  ""thdse_core_gate"": true,
  ""total_accepted"": 3,
  ""total_quarantine_exploration"": 2,
  ""total_rejected"": 0
}
",,external_code_unseen,psf/requests,Measure transfer on a sandbox fixture extracted from actual psf/requests source snippets and issue failure excerpts.,External code transfer succeeds when the loop repairs a local executable failure target derived from bounded psf/requests source and failure snippets.,1.347,0,0,6,0,2,0,python -m pytest -q,0,True,017cc10d455c,ab66ff1cd4abff3a540ffb52640bfbe7eee3acbaec9974068af5b7a921444027,"{""buggy_source_path"": ""shared/external_repair_target.py"", ""buggy_source_sha256"": ""e091fb3f780565f4d258d4d5a3a72fc67a3f798249726053347dde4ea75d27a7"", ""copied_failure_fixture"": ""external_sandbox/failure_excerpt.txt"", ""copied_source_fixture"": ""external_sandbox/source_snippet.txt"", ""failing_test"": ""tests/test_external_code_repair_task.py::test_requests_header_none_removes_session_header_visible_case"", ""failure_excerpt_sha256"": ""3bd526e1c1acd6c1247d5c2bc5922ba0fe37bf52c329d978674044d6632ac2d2"", ""field_name"": ""external_requests_code_signals"", ""field_values"": [""merge_setting_none_header"", ""merge_setting"", ""merge_hooks"", ""src"", ""requests"", ""sessions"", ""session"", ""headers""], ""fixture_id"": ""external-code:psf/requests"", ""fixture_kind"": ""external_code_repair_transfer"", ""function_name"": ""merge_setting"", ""held_out_reference_sha256"": ""7e9ba034646362f98b516fa8e76957efa09aa4098fff9ee48fa67e1fbe61497d"", ""held_out_reference_span_sha256"": [""0da01aa1df1d7458d5c64fd7bdf8f3d2a71ae989e265aacd3c434f632585ce17""], ""hidden_counterexample_family"": ""requests_merge_setting_none_removal"", ""issue_task_id"": ""github:psf/requests#4965"", ""issue_title"": ""Request-level None headers should remove inherited session headers"", ""issue_url"": ""https://github.com/psf/requests/issues/1921"", ""ported_external_symbol"": ""requests.sessions.merge_setting"", ""quarantine_paths"": ["".external_code_quarantine/requests_merge_setting_reference.sha256""], ""repair_target"": ""shared/external_repair_target.py"", ""repair_test"": ""tests/test_external_code_repair_task.py"", ""safety_controls"": [""actual_buggy_source_excerpt"", ""bounded_source_excerpt"", ""bounded_failure_excerpt"", ""source_url_provenance"", ""disposable_repo_execution_only"", ""local_executable_repair_task"", ""quarantined_reference_fix_hash_only"", ""seeded_hidden_counterexamples_after_patch"", ""verbatim_reference_span_rejection"", ""quarantine_path_touch_rejection"", ""full_pytest_required""], ""source_commit_sha"": ""cd90742ed94d901759e26766197d0ce7c7bd9c8e"", ""source_file_path"": ""src/requests/sessions.py"", ""source_ref"": ""main"", ""source_repository"": ""psf/requests"", ""source_snippet_sha256"": ""4b0fdea45f0aca37fa69a3c0f4fd350134135ce7e397ecb311efc9eef0de04d9"", ""source_symbols"": [""merge_setting"", ""merge_hooks"", ""src"", ""requests"", ""sessions""], ""source_url"": ""https://raw.githubusercontent.com/psf/requests/main/src/requests/sessions.py""}",requests_merge_setting_none_removal,True
external_requests_code_transfer_repo,"Executable psf/requests merge_setting bug port with buggy source, visible failing test, quarantined reference hash, and hidden seed-derived cases.",external_requests_code_failure_fixture_query,agent_coding_loop,baseline_agent_coding_loop,Baseline: single-pass automated coding loop with validation but without persistent recursive depth.,12,017cc10d455c,0,0.453,0,1,0.0,0,True,False,0,0.453,0,/tmp/rsi_experiments_o8w6nkxd/external_requests_code_transfer_repo__external_requests_code_failure_fixture_query__agent_coding_loop__r12/.omega_rsi_runs/closed_rsi_summary.json,"me"": ""merge_setting_visible_header_set"",
          ""rationale"": ""Reusable primitive for external_code_repair benchmark tasks."",
          ""target_surface"": ""shared/capability_primitives.py"",
          ""validation_plan"": {
            ""commands"": [
              [
                ""python"",
                ""-m"",
                ""pytest"",
                ""-q"",
                ""tests/test_capability_external_code_repair_operator_v1.py""
              ]
            ],
            ""expected_signals"": [
              ""public_counterexample_passes"",
              ""hidden_transfer_case_passes"",
              ""no_broad_regression_gate_failure""
            ],
            ""name"": ""validate_merge_setting_visible_header_set""
          }
        },
        {
          ""family"": ""external_code_repair"",
          ""kind"": ""search_heuristic"",
          ""name"": ""prefer_merge_setting_visible_header_set_reuse"",
          ""rationale"": ""Rank exact capability repair operators ahead of unrelated schema repairs."",
          ""target_surface"": ""scripts/closed_recursive_self_improvement_loop.py"",
          ""validation_plan"": {
            ""commands"": [
              [
                ""python"",
                ""-m"",
                ""pytest"",
                ""-q"",
                ""tests/test_capability_external_code_repair_operator_v1.py""
              ]
            ],
            ""expected_signals"": [
              ""public_counterexample_passes"",
              ""hidden_transfer_case_passes"",
              ""no_broad_regression_gate_failure""
            ],
            ""name"": ""validate_merge_setting_visible_header_set""
          }
        },
        {
          ""family"": ""external_code_repair"",
          ""kind"": ""evaluator_mutation"",
          ""name"": ""merge_setting_visible_header_set_hidden_transfer_case"",
          ""rationale"": ""Add a held-out case that checks transfer beyond the public example."",
          ""target_surface"": ""shared/capability_benchmarks.py"",
          ""validation_plan"": {
            ""commands"": [
              [
                ""python"",
                ""-m"",
                ""pytest"",
                ""-q"",
                ""tests/test_capability_external_code_repair_operator_v1.py""
              ]
            ],
            ""expected_signals"": [
              ""public_counterexample_passes"",
              ""hidden_transfer_case_passes"",
              ""no_broad_regression_gate_failure""
            ],
            ""name"": ""validate_merge_setting_visible_header_set""
          }
        },
        {
          ""family"": ""external_code_repair"",
          ""kind"": ""counterexample_test"",
          ""name"": ""test_merge_setting_visible_header_set_counterexample"",
          ""rationale"": ""Lock the primitive with public and hidden transfer counterexamples."",
          ""target_surface"": ""tests/test_capability_external_code_repair_operator_v1.py"",
          ""validation_plan"": {
            ""commands"": [
              [
                ""python"",
                ""-m"",
                ""pytest"",
                ""-q"",
                ""tests/test_capability_external_code_repair_operator_v1.py""
              ]
            ],
            ""expected_signals"": [
              ""public_counterexample_passes"",
              ""hidden_transfer_case_passes"",
              ""no_broad_regression_gate_failure""
            ],
            ""name"": ""validate_merge_setting_visible_header_set""
          }
        }
      ],
      ""promoted"": false,
      ""quarantine"": false,
      ""started_at"": ""2026-06-03T12:50:49Z"",
      ""target_path"": ""shared/external_repair_target.py"",
      ""test_path"": ""tests/test_external_code_repair_task.py""
    }
  ],
  ""rollback"": true,
  ""solved_new_tasks"": 0,
  ""state_path"": ""/tmp/rsi_experiments_o8w6nkxd/external_requests_code_transfer_repo__external_requests_code_failure_fixture_query__agent_coding_loop__r12/.omega_rsi_runs/closed_rsi_state.json"",
  ""thdse_core_gate"": true,
  ""total_accepted"": 0,
  ""total_quarantine_exploration"": 0,
  ""total_rejected"": 1
}
",,external_code_unseen,psf/requests,Measure transfer on a sandbox fixture extracted from actual psf/requests source snippets and issue failure excerpts.,External code transfer succeeds when the loop repairs a local executable failure target derived from bounded psf/requests source and failure snippets.,0.449,0,0,2,1,0,0,python -m pytest -q,,True,017cc10d455c,59a5f6a04a012e3d0eb0e627f96273aa46ca57fd81f5238f9c2fb5bb8a10dab6,"{""buggy_source_path"": ""shared/external_repair_target.py"", ""buggy_source_sha256"": ""e091fb3f780565f4d258d4d5a3a72fc67a3f798249726053347dde4ea75d27a7"", ""copied_failure_fixture"": ""external_sandbox/failure_excerpt.txt"", ""copied_source_fixture"": ""external_sandbox/source_snippet.txt"", ""failing_test"": ""tests/test_external_code_repair_task.py::test_requests_header_none_removes_session_header_visible_case"", ""failure_excerpt_sha256"": ""3bd526e1c1acd6c1247d5c2bc5922ba0fe37bf52c329d978674044d6632ac2d2"", ""field_name"": ""external_requests_code_signals"", ""field_values"": [""merge_setting_none_header"", ""merge_setting"", ""merge_hooks"", ""src"", ""requests"", ""sessions"", ""session"", ""headers""], ""fixture_id"": ""external-code:psf/requests"", ""fixture_kind"": ""external_code_repair_transfer"", ""function_name"": ""merge_setting"", ""held_out_reference_sha256"": ""7e9ba034646362f98b516fa8e76957efa09aa4098fff9ee48fa67e1fbe61497d"", ""held_out_reference_span_sha256"": [""0da01aa1df1d7458d5c64fd7bdf8f3d2a71ae989e265aacd3c434f632585ce17""], ""hidden_counterexample_family"": ""requests_merge_setting_none_removal"", ""issue_task_id"": ""github:psf/requests#4965"", ""issue_title"": ""Request-level None headers should remove inherited session headers"", ""issue_url"": ""https://github.com/psf/requests/issues/1921"", ""ported_external_symbol"": ""requests.sessions.merge_setting"", ""quarantine_paths"": ["".external_code_quarantine/requests_merge_setting_reference.sha256""], ""repair_target"": ""shared/external_repair_target.py"", ""repair_test"": ""tests/test_external_code_repair_task.py"", ""safety_controls"": [""actual_buggy_source_excerpt"", ""bounded_source_excerpt"", ""bounded_failure_excerpt"", ""source_url_provenance"", ""disposable_repo_execution_only"", ""local_executable_repair_task"", ""quarantined_reference_fix_hash_only"", ""seeded_hidden_counterexamples_after_patch"", ""verbatim_reference_span_rejection"", ""quarantine_path_touch_rejection"", ""full_pytest_required""], ""source_commit_sha"": ""cd90742ed94d901759e26766197d0ce7c7bd9c8e"", ""source_file_path"": ""src/requests/sessions.py"", ""source_ref"": ""main"", ""source_repository"": ""psf/requests"", ""source_snippet_sha256"": ""4b0fdea45f0aca37fa69a3c0f4fd350134135ce7e397ecb311efc9eef0de04d9"", ""source_symbols"": [""merge_setting"", ""merge_hooks"", ""src"", ""requests"", ""sessions""], ""source_url"": ""https://raw.githubusercontent.com/psf/requests/main/src/requests/sessions.py""}",requests_merge_setting_none_removal,True
external_requests_code_transfer_repo,"Executable psf/requests merge_setting bug port with buggy source, visible failing test, quarantined reference hash, and hidden seed-derived cases.",external_requests_code_failure_fixture_query,evolutionary_repair_loop,baseline_evolutionary_repair_loop,Baseline: retry candidate repair loop with the same safety gates but without recursive quarantine search or persistent self-policy depth.,12,017cc10d455c,0,1.2,0,3,0.0,0,True,False,0,1.2,0,/tmp/rsi_experiments_o8w6nkxd/external_requests_code_transfer_repo__external_requests_code_failure_fixture_query__evolutionary_repair_loop__r12/.omega_rsi_runs/closed_rsi_summary.json,"ting_user_agent_casefold"",
          ""rationale"": ""Reusable primitive for external_code_repair benchmark tasks."",
          ""target_surface"": ""shared/capability_primitives.py"",
          ""validation_plan"": {
            ""commands"": [
              [
                ""python"",
                ""-m"",
                ""pytest"",
                ""-q"",
                ""tests/test_capability_external_code_repair_operator_v1.py""
              ]
            ],
            ""expected_signals"": [
              ""public_counterexample_passes"",
              ""hidden_transfer_case_passes"",
              ""no_broad_regression_gate_failure""
            ],
            ""name"": ""validate_merge_setting_user_agent_casefold""
          }
        },
        {
          ""family"": ""external_code_repair"",
          ""kind"": ""search_heuristic"",
          ""name"": ""prefer_merge_setting_user_agent_casefold_reuse"",
          ""rationale"": ""Rank exact capability repair operators ahead of unrelated schema repairs."",
          ""target_surface"": ""scripts/closed_recursive_self_improvement_loop.py"",
          ""validation_plan"": {
            ""commands"": [
              [
                ""python"",
                ""-m"",
                ""pytest"",
                ""-q"",
                ""tests/test_capability_external_code_repair_operator_v1.py""
              ]
            ],
            ""expected_signals"": [
              ""public_counterexample_passes"",
              ""hidden_transfer_case_passes"",
              ""no_broad_regression_gate_failure""
            ],
            ""name"": ""validate_merge_setting_user_agent_casefold""
          }
        },
        {
          ""family"": ""external_code_repair"",
          ""kind"": ""evaluator_mutation"",
          ""name"": ""merge_setting_user_agent_casefold_hidden_transfer_case"",
          ""rationale"": ""Add a held-out case that checks transfer beyond the public example."",
          ""target_surface"": ""shared/capability_benchmarks.py"",
          ""validation_plan"": {
            ""commands"": [
              [
                ""python"",
                ""-m"",
                ""pytest"",
                ""-q"",
                ""tests/test_capability_external_code_repair_operator_v1.py""
              ]
            ],
            ""expected_signals"": [
              ""public_counterexample_passes"",
              ""hidden_transfer_case_passes"",
              ""no_broad_regression_gate_failure""
            ],
            ""name"": ""validate_merge_setting_user_agent_casefold""
          }
        },
        {
          ""family"": ""external_code_repair"",
          ""kind"": ""counterexample_test"",
          ""name"": ""test_merge_setting_user_agent_casefold_counterexample"",
          ""rationale"": ""Lock the primitive with public and hidden transfer counterexamples."",
          ""target_surface"": ""tests/test_capability_external_code_repair_operator_v1.py"",
          ""validation_plan"": {
            ""commands"": [
              [
                ""python"",
                ""-m"",
                ""pytest"",
                ""-q"",
                ""tests/test_capability_external_code_repair_operator_v1.py""
              ]
            ],
            ""expected_signals"": [
              ""public_counterexample_passes"",
              ""hidden_transfer_case_passes"",
              ""no_broad_regression_gate_failure""
            ],
            ""name"": ""validate_merge_setting_user_agent_casefold""
          }
        }
      ],
      ""promoted"": false,
      ""quarantine"": false,
      ""started_at"": ""2026-06-03T12:50:50Z"",
      ""target_path"": ""shared/external_repair_target.py"",
      ""test_path"": ""tests/test_external_code_repair_task.py""
    }
  ],
  ""rollback"": true,
  ""solved_new_tasks"": 0,
  ""state_path"": ""/tmp/rsi_experiments_o8w6nkxd/external_requests_code_transfer_repo__external_requests_code_failure_fixture_query__evolutionary_repair_loop__r12/.omega_rsi_runs/closed_rsi_state.json"",
  ""thdse_core_gate"": true,
  ""total_accepted"": 0,
  ""total_quarantine_exploration"": 0,
  ""total_rejected"": 3
}
",,external_code_unseen,psf/requests,Measure transfer on a sandbox fixture extracted from actual psf/requests source snippets and issue failure excerpts.,External code transfer succeeds when the loop repairs a local executable failure target derived from bounded psf/requests source and failure snippets.,1.347,0,0,6,3,0,0,python -m pytest -q,,True,017cc10d455c,56904eb7519fbc7cecde56bd6922614fdf84e758a99da3b3d5e5c2bb75bbe7fa,"{""buggy_source_path"": ""shared/external_repair_target.py"", ""buggy_source_sha256"": ""e091fb3f780565f4d258d4d5a3a72fc67a3f798249726053347dde4ea75d27a7"", ""copied_failure_fixture"": ""external_sandbox/failure_excerpt.txt"", ""copied_source_fixture"": ""external_sandbox/source_snippet.txt"", ""failing_test"": ""tests/test_external_code_repair_task.py::test_requests_header_none_removes_session_header_visible_case"", ""failure_excerpt_sha256"": ""3bd526e1c1acd6c1247d5c2bc5922ba0fe37bf52c329d978674044d6632ac2d2"", ""field_name"": ""external_requests_code_signals"", ""field_values"": [""merge_setting_none_header"", ""merge_setting"", ""merge_hooks"", ""src"", ""requests"", ""sessions"", ""session"", ""headers""], ""fixture_id"": ""external-code:psf/requests"", ""fixture_kind"": ""external_code_repair_transfer"", ""function_name"": ""merge_setting"", ""held_out_reference_sha256"": ""7e9ba034646362f98b516fa8e76957efa09aa4098fff9ee48fa67e1fbe61497d"", ""held_out_reference_span_sha256"": [""0da01aa1df1d7458d5c64fd7bdf8f3d2a71ae989e265aacd3c434f632585ce17""], ""hidden_counterexample_family"": ""requests_merge_setting_none_removal"", ""issue_task_id"": ""github:psf/requests#4965"", ""issue_title"": ""Request-level None headers should remove inherited session headers"", ""issue_url"": ""https://github.com/psf/requests/issues/1921"", ""ported_external_symbol"": ""requests.sessions.merge_setting"", ""quarantine_paths"": ["".external_code_quarantine/requests_merge_setting_reference.sha256""], ""repair_target"": ""shared/external_repair_target.py"", ""repair_test"": ""tests/test_external_code_repair_task.py"", ""safety_controls"": [""actual_buggy_source_excerpt"", ""bounded_source_excerpt"", ""bounded_failure_excerpt"", ""source_url_provenance"", ""disposable_repo_execution_only"", ""local_executable_repair_task"", ""quarantined_reference_fix_hash_only"", ""seeded_hidden_counterexamples_after_patch"", ""verbatim_reference_span_rejection"", ""quarantine_path_touch_rejection"", ""full_pytest_required""], ""source_commit_sha"": ""cd90742ed94d901759e26766197d0ce7c7bd9c8e"", ""source_file_path"": ""src/requests/sessions.py"", ""source_ref"": ""main"", ""source_repository"": ""psf/requests"", ""source_snippet_sha256"": ""4b0fdea45f0aca37fa69a3c0f4fd350134135ce7e397ecb311efc9eef0de04d9"", ""source_symbols"": [""merge_setting"", ""merge_hooks"", ""src"", ""requests"", ""sessions""], ""source_url"": ""https://raw.githubusercontent.com/psf/requests/main/src/requests/sessions.py""}",requests_merge_setting_none_removal,True
external_requests_code_transfer_repo,"Executable psf/requests merge_setting bug port with buggy source, visible failing test, quarantined reference hash, and hidden seed-derived cases.",external_requests_code_failure_fixture_query,ci_only_validation,baseline_ci_only,Baseline: run validation without candidate generation or code patching.,12,017cc10d455c,1,0.127,0,0,0.0,0,,False,0,0.127,0,/tmp/rsi_experiments_o8w6nkxd/external_requests_code_transfer_repo__external_requests_code_failure_fixture_query__ci_only_validation__r12/.omega_rsi_runs/closed_rsi_summary.json,"F                                                                        [100%]
=================================== FAILURES ===================================
________ test_requests_header_none_removes_session_header_visible_case _________

    def test_requests_header_none_removes_session_header_visible_case():
        failure_text = (Path.cwd() / ""external_sandbox"" / ""failure_excerpt.txt"").read_text(encoding=""utf-8"")
        session_headers = {""User-Agent"": ""session-agent"", ""Accept"": ""application/json""}
        request_headers = {""User-Agent"": None, ""Content-Type"": ""text/plain""}
    
        merged = merge_setting(request_headers, session_headers)
    
        assert failure_text
>       assert ""User-Agent"" not in merged
E       AssertionError: assert 'User-Agent' not in OrderedDict([('User-Agent', None), ('Accept', 'application/json'), ('Content-Type', 'text/plain')])

tests/test_external_code_repair_task.py:14: AssertionError
=========================== short test summary info ============================
FAILED tests/test_external_code_repair_task.py::test_requests_header_none_removes_session_header_visible_case - AssertionError: assert 'User-Agent' not in OrderedDict([('User-Agent', None), ('Accept', 'application/json'), ('Content-Type', 'text/plain')])
1 failed in 0.01s
",,external_code_unseen,psf/requests,Measure transfer on a sandbox fixture extracted from actual psf/requests source snippets and issue failure excerpts.,External code transfer succeeds when the loop repairs a local executable failure target derived from bounded psf/requests source and failure snippets.,0,0,0,0,0,0,0,python -m pytest -q,1,True,017cc10d455c,64d24c122dbf94f3227f6740fd15c8ae016a0ffec7611dffb3029bc4e0845747,"{""buggy_source_path"": ""shared/external_repair_target.py"", ""buggy_source_sha256"": ""e091fb3f780565f4d258d4d5a3a72fc67a3f798249726053347dde4ea75d27a7"", ""copied_failure_fixture"": ""external_sandbox/failure_excerpt.txt"", ""copied_source_fixture"": ""external_sandbox/source_snippet.txt"", ""failing_test"": ""tests/test_external_code_repair_task.py::test_requests_header_none_removes_session_header_visible_case"", ""failure_excerpt_sha256"": ""3bd526e1c1acd6c1247d5c2bc5922ba0fe37bf52c329d978674044d6632ac2d2"", ""field_name"": ""external_requests_code_signals"", ""field_values"": [""merge_setting_none_header"", ""merge_setting"", ""merge_hooks"", ""src"", ""requests"", ""sessions"", ""session"", ""headers""], ""fixture_id"": ""external-code:psf/requests"", ""fixture_kind"": ""external_code_repair_transfer"", ""function_name"": ""merge_setting"", ""held_out_reference_sha256"": ""7e9ba034646362f98b516fa8e76957efa09aa4098fff9ee48fa67e1fbe61497d"", ""held_out_reference_span_sha256"": [""0da01aa1df1d7458d5c64fd7bdf8f3d2a71ae989e265aacd3c434f632585ce17""], ""hidden_counterexample_family"": ""requests_merge_setting_none_removal"", ""issue_task_id"": ""github:psf/requests#4965"", ""issue_title"": ""Request-level None headers should remove inherited session headers"", ""issue_url"": ""https://github.com/psf/requests/issues/1921"", ""ported_external_symbol"": ""requests.sessions.merge_setting"", ""quarantine_paths"": ["".external_code_quarantine/requests_merge_setting_reference.sha256""], ""repair_target"": ""shared/external_repair_target.py"", ""repair_test"": ""tests/test_external_code_repair_task.py"", ""safety_controls"": [""actual_buggy_source_excerpt"", ""bounded_source_excerpt"", ""bounded_failure_excerpt"", ""source_url_provenance"", ""disposable_repo_execution_only"", ""local_executable_repair_task"", ""quarantined_reference_fix_hash_only"", ""seeded_hidden_counterexamples_after_patch"", ""verbatim_reference_span_rejection"", ""quarantine_path_touch_rejection"", ""full_pytest_required""], ""source_commit_sha"": ""cd90742ed94d901759e26766197d0ce7c7bd9c8e"", ""source_file_path"": ""src/requests/sessions.py"", ""source_ref"": ""main"", ""source_repository"": ""psf/requests"", ""source_snippet_sha256"": ""4b0fdea45f0aca37fa69a3c0f4fd350134135ce7e397ecb311efc9eef0de04d9"", ""source_symbols"": [""merge_setting"", ""merge_hooks"", ""src"", ""requests"", ""sessions""], ""source_url"": ""https://raw.githubusercontent.com/psf/requests/main/src/requests/sessions.py""}",requests_merge_setting_none_removal,True
external_requests_code_transfer_repo,"Executable psf/requests merge_setting bug port with buggy source, visible failing test, quarantined reference hash, and hidden seed-derived cases.",external_requests_code_failure_fixture_query,verified_closed_loop,proposed,"Full loop: candidate generation, patching, rollback, persistence, root broad gate, and THDSE core gate.",13,18e5cd64ae44,0,4.766,3,2,0.6,0,,True,3,4.766,5,/tmp/rsi_experiments_o8w6nkxd/external_requests_code_transfer_repo__external_requests_code_failure_fixture_query__verified_closed_loop__r13/.omega_rsi_runs/closed_rsi_summary.json,"    ""kind"": ""solver_primitive"",
          ""name"": ""merge_setting_visible_only"",
          ""rationale"": ""Reusable primitive for external_code_repair benchmark tasks."",
          ""target_surface"": ""shared/capability_primitives.py"",
          ""validation_plan"": {
            ""commands"": [
              [
                ""python"",
                ""-m"",
                ""pytest"",
                ""-q"",
                ""tests/test_capability_external_code_repair_operator_v1.py""
              ]
            ],
            ""expected_signals"": [
              ""public_counterexample_passes"",
              ""hidden_transfer_case_passes"",
              ""no_broad_regression_gate_failure""
            ],
            ""name"": ""validate_merge_setting_visible_only""
          }
        },
        {
          ""family"": ""external_code_repair"",
          ""kind"": ""search_heuristic"",
          ""name"": ""prefer_merge_setting_visible_only_reuse"",
          ""rationale"": ""Rank exact capability repair operators ahead of unrelated schema repairs."",
          ""target_surface"": ""scripts/closed_recursive_self_improvement_loop.py"",
          ""validation_plan"": {
            ""commands"": [
              [
                ""python"",
                ""-m"",
                ""pytest"",
                ""-q"",
                ""tests/test_capability_external_code_repair_operator_v1.py""
              ]
            ],
            ""expected_signals"": [
              ""public_counterexample_passes"",
              ""hidden_transfer_case_passes"",
              ""no_broad_regression_gate_failure""
            ],
            ""name"": ""validate_merge_setting_visible_only""
          }
        },
        {
          ""family"": ""external_code_repair"",
          ""kind"": ""evaluator_mutation"",
          ""name"": ""merge_setting_visible_only_hidden_transfer_case"",
          ""rationale"": ""Add a held-out case that checks transfer beyond the public example."",
          ""target_surface"": ""shared/capability_benchmarks.py"",
          ""validation_plan"": {
            ""commands"": [
              [
                ""python"",
                ""-m"",
                ""pytest"",
                ""-q"",
                ""tests/test_capability_external_code_repair_operator_v1.py""
              ]
            ],
            ""expected_signals"": [
              ""public_counterexample_passes"",
              ""hidden_transfer_case_passes"",
              ""no_broad_regression_gate_failure""
            ],
            ""name"": ""validate_merge_setting_visible_only""
          }
        },
        {
          ""family"": ""external_code_repair"",
          ""kind"": ""counterexample_test"",
          ""name"": ""test_merge_setting_visible_only_counterexample"",
          ""rationale"": ""Lock the primitive with public and hidden transfer counterexamples."",
          ""target_surface"": ""tests/test_capability_external_code_repair_operator_v1.py"",
          ""validation_plan"": {
            ""commands"": [
              [
                ""python"",
                ""-m"",
                ""pytest"",
                ""-q"",
                ""tests/test_capability_external_code_repair_operator_v1.py""
              ]
            ],
            ""expected_signals"": [
              ""public_counterexample_passes"",
              ""hidden_transfer_case_passes"",
              ""no_broad_regression_gate_failure""
            ],
            ""name"": ""validate_merge_setting_visible_only""
          }
        }
      ],
      ""promoted"": false,
      ""quarantine"": false,
      ""started_at"": ""2026-06-03T12:50:51Z"",
      ""target_path"": ""shared/external_repair_target.py"",
      ""test_path"": ""tests/test_external_code_repair_task.py""
    }
  ],
  ""rollback"": true,
  ""solved_new_tasks"": 0,
  ""state_path"": ""/tmp/rsi_experiments_o8w6nkxd/external_requests_code_transfer_repo__external_requests_code_failure_fixture_query__verified_closed_loop__r13/.omega_rsi_runs/closed_rsi_state.json"",
  ""thdse_core_gate"": true,
  ""total_accepted"": 3,
  ""total_quarantine_exploration"": 2,
  ""total_rejected"": 2
}
",,external_code_unseen,psf/requests,Measure transfer on a sandbox fixture extracted from actual psf/requests source snippets and issue failure excerpts.,External code transfer succeeds when the loop repairs a local executable failure target derived from bounded psf/requests source and failure snippets.,2.245,0,0,10,2,2,0,python -m pytest -q,0,True,18e5cd64ae44,40de3213933efc024a006d72cc41cf87407545e605678347eafa4ea48c714d25,"{""buggy_source_path"": ""shared/external_repair_target.py"", ""buggy_source_sha256"": ""e091fb3f780565f4d258d4d5a3a72fc67a3f798249726053347dde4ea75d27a7"", ""copied_failure_fixture"": ""external_sandbox/failure_excerpt.txt"", ""copied_source_fixture"": ""external_sandbox/source_snippet.txt"", ""failing_test"": ""tests/test_external_code_repair_task.py::test_requests_header_none_removes_session_header_visible_case"", ""failure_excerpt_sha256"": ""3bd526e1c1acd6c1247d5c2bc5922ba0fe37bf52c329d978674044d6632ac2d2"", ""field_name"": ""external_requests_code_signals"", ""field_values"": [""merge_setting_none_header"", ""merge_setting"", ""merge_hooks"", ""src"", ""requests"", ""sessions"", ""session"", ""headers""], ""fixture_id"": ""external-code:psf/requests"", ""fixture_kind"": ""external_code_repair_transfer"", ""function_name"": ""merge_setting"", ""held_out_reference_sha256"": ""7e9ba034646362f98b516fa8e76957efa09aa4098fff9ee48fa67e1fbe61497d"", ""held_out_reference_span_sha256"": [""0da01aa1df1d7458d5c64fd7bdf8f3d2a71ae989e265aacd3c434f632585ce17""], ""hidden_counterexample_family"": ""requests_merge_setting_none_removal"", ""issue_task_id"": ""github:psf/requests#4965"", ""issue_title"": ""Request-level None headers should remove inherited session headers"", ""issue_url"": ""https://github.com/psf/requests/issues/1921"", ""ported_external_symbol"": ""requests.sessions.merge_setting"", ""quarantine_paths"": ["".external_code_quarantine/requests_merge_setting_reference.sha256""], ""repair_target"": ""shared/external_repair_target.py"", ""repair_test"": ""tests/test_external_code_repair_task.py"", ""safety_controls"": [""actual_buggy_source_excerpt"", ""bounded_source_excerpt"", ""bounded_failure_excerpt"", ""source_url_provenance"", ""disposable_repo_execution_only"", ""local_executable_repair_task"", ""quarantined_reference_fix_hash_only"", ""seeded_hidden_counterexamples_after_patch"", ""verbatim_reference_span_rejection"", ""quarantine_path_touch_rejection"", ""full_pytest_required""], ""source_commit_sha"": ""cd90742ed94d901759e26766197d0ce7c7bd9c8e"", ""source_file_path"": ""src/requests/sessions.py"", ""source_ref"": ""main"", ""source_repository"": ""psf/requests"", ""source_snippet_sha256"": ""4b0fdea45f0aca37fa69a3c0f4fd350134135ce7e397ecb311efc9eef0de04d9"", ""source_symbols"": [""merge_setting"", ""merge_hooks"", ""src"", ""requests"", ""sessions""], ""source_url"": ""https://raw.githubusercontent.com/psf/requests/main/src/requests/sessions.py""}",requests_merge_setting_none_removal,True
external_requests_code_transfer_repo,"Executable psf/requests merge_setting bug port with buggy source, visible failing test, quarantined reference hash, and hidden seed-derived cases.",external_requests_code_failure_fixture_query,agent_coding_loop,baseline_agent_coding_loop,Baseline: single-pass automated coding loop with validation but without persistent recursive depth.,13,18e5cd64ae44,0,0.47,0,1,0.0,0,True,False,0,0.47,0,/tmp/rsi_experiments_o8w6nkxd/external_requests_code_transfer_repo__external_requests_code_failure_fixture_query__agent_coding_loop__r13/.omega_rsi_runs/closed_rsi_summary.json,"rge_setting_user_agent_casefold"",
          ""rationale"": ""Reusable primitive for external_code_repair benchmark tasks."",
          ""target_surface"": ""shared/capability_primitives.py"",
          ""validation_plan"": {
            ""commands"": [
              [
                ""python"",
                ""-m"",
                ""pytest"",
                ""-q"",
                ""tests/test_capability_external_code_repair_operator_v1.py""
              ]
            ],
            ""expected_signals"": [
              ""public_counterexample_passes"",
              ""hidden_transfer_case_passes"",
              ""no_broad_regression_gate_failure""
            ],
            ""name"": ""validate_merge_setting_user_agent_casefold""
          }
        },
        {
          ""family"": ""external_code_repair"",
          ""kind"": ""search_heuristic"",
          ""name"": ""prefer_merge_setting_user_agent_casefold_reuse"",
          ""rationale"": ""Rank exact capability repair operators ahead of unrelated schema repairs."",
          ""target_surface"": ""scripts/closed_recursive_self_improvement_loop.py"",
          ""validation_plan"": {
            ""commands"": [
              [
                ""python"",
                ""-m"",
                ""pytest"",
                ""-q"",
                ""tests/test_capability_external_code_repair_operator_v1.py""
              ]
            ],
            ""expected_signals"": [
              ""public_counterexample_passes"",
              ""hidden_transfer_case_passes"",
              ""no_broad_regression_gate_failure""
            ],
            ""name"": ""validate_merge_setting_user_agent_casefold""
          }
        },
        {
          ""family"": ""external_code_repair"",
          ""kind"": ""evaluator_mutation"",
          ""name"": ""merge_setting_user_agent_casefold_hidden_transfer_case"",
          ""rationale"": ""Add a held-out case that checks transfer beyond the public example."",
          ""target_surface"": ""shared/capability_benchmarks.py"",
          ""validation_plan"": {
            ""commands"": [
              [
                ""python"",
                ""-m"",
                ""pytest"",
                ""-q"",
                ""tests/test_capability_external_code_repair_operator_v1.py""
              ]
            ],
            ""expected_signals"": [
              ""public_counterexample_passes"",
              ""hidden_transfer_case_passes"",
              ""no_broad_regression_gate_failure""
            ],
            ""name"": ""validate_merge_setting_user_agent_casefold""
          }
        },
        {
          ""family"": ""external_code_repair"",
          ""kind"": ""counterexample_test"",
          ""name"": ""test_merge_setting_user_agent_casefold_counterexample"",
          ""rationale"": ""Lock the primitive with public and hidden transfer counterexamples."",
          ""target_surface"": ""tests/test_capability_external_code_repair_operator_v1.py"",
          ""validation_plan"": {
            ""commands"": [
              [
                ""python"",
                ""-m"",
                ""pytest"",
                ""-q"",
                ""tests/test_capability_external_code_repair_operator_v1.py""
              ]
            ],
            ""expected_signals"": [
              ""public_counterexample_passes"",
              ""hidden_transfer_case_passes"",
              ""no_broad_regression_gate_failure""
            ],
            ""name"": ""validate_merge_setting_user_agent_casefold""
          }
        }
      ],
      ""promoted"": false,
      ""quarantine"": false,
      ""started_at"": ""2026-06-03T12:50:56Z"",
      ""target_path"": ""shared/external_repair_target.py"",
      ""test_path"": ""tests/test_external_code_repair_task.py""
    }
  ],
  ""rollback"": true,
  ""solved_new_tasks"": 0,
  ""state_path"": ""/tmp/rsi_experiments_o8w6nkxd/external_requests_code_transfer_repo__external_requests_code_failure_fixture_query__agent_coding_loop__r13/.omega_rsi_runs/closed_rsi_state.json"",
  ""thdse_core_gate"": true,
  ""total_accepted"": 0,
  ""total_quarantine_exploration"": 0,
  ""total_rejected"": 1
}
",,external_code_unseen,psf/requests,Measure transfer on a sandbox fixture extracted from actual psf/requests source snippets and issue failure excerpts.,External code transfer succeeds when the loop repairs a local executable failure target derived from bounded psf/requests source and failure snippets.,0.449,0,0,2,1,0,0,python -m pytest -q,,True,18e5cd64ae44,9418142805a88d66f80aff511b847d32648987867775998a8c751a2d68c94100,"{""buggy_source_path"": ""shared/external_repair_target.py"", ""buggy_source_sha256"": ""e091fb3f780565f4d258d4d5a3a72fc67a3f798249726053347dde4ea75d27a7"", ""copied_failure_fixture"": ""external_sandbox/failure_excerpt.txt"", ""copied_source_fixture"": ""external_sandbox/source_snippet.txt"", ""failing_test"": ""tests/test_external_code_repair_task.py::test_requests_header_none_removes_session_header_visible_case"", ""failure_excerpt_sha256"": ""3bd526e1c1acd6c1247d5c2bc5922ba0fe37bf52c329d978674044d6632ac2d2"", ""field_name"": ""external_requests_code_signals"", ""field_values"": [""merge_setting_none_header"", ""merge_setting"", ""merge_hooks"", ""src"", ""requests"", ""sessions"", ""session"", ""headers""], ""fixture_id"": ""external-code:psf/requests"", ""fixture_kind"": ""external_code_repair_transfer"", ""function_name"": ""merge_setting"", ""held_out_reference_sha256"": ""7e9ba034646362f98b516fa8e76957efa09aa4098fff9ee48fa67e1fbe61497d"", ""held_out_reference_span_sha256"": [""0da01aa1df1d7458d5c64fd7bdf8f3d2a71ae989e265aacd3c434f632585ce17""], ""hidden_counterexample_family"": ""requests_merge_setting_none_removal"", ""issue_task_id"": ""github:psf/requests#4965"", ""issue_title"": ""Request-level None headers should remove inherited session headers"", ""issue_url"": ""https://github.com/psf/requests/issues/1921"", ""ported_external_symbol"": ""requests.sessions.merge_setting"", ""quarantine_paths"": ["".external_code_quarantine/requests_merge_setting_reference.sha256""], ""repair_target"": ""shared/external_repair_target.py"", ""repair_test"": ""tests/test_external_code_repair_task.py"", ""safety_controls"": [""actual_buggy_source_excerpt"", ""bounded_source_excerpt"", ""bounded_failure_excerpt"", ""source_url_provenance"", ""disposable_repo_execution_only"", ""local_executable_repair_task"", ""quarantined_reference_fix_hash_only"", ""seeded_hidden_counterexamples_after_patch"", ""verbatim_reference_span_rejection"", ""quarantine_path_touch_rejection"", ""full_pytest_required""], ""source_commit_sha"": ""cd90742ed94d901759e26766197d0ce7c7bd9c8e"", ""source_file_path"": ""src/requests/sessions.py"", ""source_ref"": ""main"", ""source_repository"": ""psf/requests"", ""source_snippet_sha256"": ""4b0fdea45f0aca37fa69a3c0f4fd350134135ce7e397ecb311efc9eef0de04d9"", ""source_symbols"": [""merge_setting"", ""merge_hooks"", ""src"", ""requests"", ""sessions""], ""source_url"": ""https://raw.githubusercontent.com/psf/requests/main/src/requests/sessions.py""}",requests_merge_setting_none_removal,True
external_requests_code_transfer_repo,"Executable psf/requests merge_setting bug port with buggy source, visible failing test, quarantined reference hash, and hidden seed-derived cases.",external_requests_code_failure_fixture_query,evolutionary_repair_loop,baseline_evolutionary_repair_loop,Baseline: retry candidate repair loop with the same safety gates but without recursive quarantine search or persistent self-policy depth.,13,18e5cd64ae44,0,1.246,0,3,0.0,0,True,False,0,1.246,0,/tmp/rsi_experiments_o8w6nkxd/external_requests_code_transfer_repo__external_requests_code_failure_fixture_query__evolutionary_repair_loop__r13/.omega_rsi_runs/closed_rsi_summary.json,"air"",
          ""kind"": ""solver_primitive"",
          ""name"": ""merge_setting_empty_only"",
          ""rationale"": ""Reusable primitive for external_code_repair benchmark tasks."",
          ""target_surface"": ""shared/capability_primitives.py"",
          ""validation_plan"": {
            ""commands"": [
              [
                ""python"",
                ""-m"",
                ""pytest"",
                ""-q"",
                ""tests/test_capability_external_code_repair_operator_v1.py""
              ]
            ],
            ""expected_signals"": [
              ""public_counterexample_passes"",
              ""hidden_transfer_case_passes"",
              ""no_broad_regression_gate_failure""
            ],
            ""name"": ""validate_merge_setting_empty_only""
          }
        },
        {
          ""family"": ""external_code_repair"",
          ""kind"": ""search_heuristic"",
          ""name"": ""prefer_merge_setting_empty_only_reuse"",
          ""rationale"": ""Rank exact capability repair operators ahead of unrelated schema repairs."",
          ""target_surface"": ""scripts/closed_recursive_self_improvement_loop.py"",
          ""validation_plan"": {
            ""commands"": [
              [
                ""python"",
                ""-m"",
                ""pytest"",
                ""-q"",
                ""tests/test_capability_external_code_repair_operator_v1.py""
              ]
            ],
            ""expected_signals"": [
              ""public_counterexample_passes"",
              ""hidden_transfer_case_passes"",
              ""no_broad_regression_gate_failure""
            ],
            ""name"": ""validate_merge_setting_empty_only""
          }
        },
        {
          ""family"": ""external_code_repair"",
          ""kind"": ""evaluator_mutation"",
          ""name"": ""merge_setting_empty_only_hidden_transfer_case"",
          ""rationale"": ""Add a held-out case that checks transfer beyond the public example."",
          ""target_surface"": ""shared/capability_benchmarks.py"",
          ""validation_plan"": {
            ""commands"": [
              [
                ""python"",
                ""-m"",
                ""pytest"",
                ""-q"",
                ""tests/test_capability_external_code_repair_operator_v1.py""
              ]
            ],
            ""expected_signals"": [
              ""public_counterexample_passes"",
              ""hidden_transfer_case_passes"",
              ""no_broad_regression_gate_failure""
            ],
            ""name"": ""validate_merge_setting_empty_only""
          }
        },
        {
          ""family"": ""external_code_repair"",
          ""kind"": ""counterexample_test"",
          ""name"": ""test_merge_setting_empty_only_counterexample"",
          ""rationale"": ""Lock the primitive with public and hidden transfer counterexamples."",
          ""target_surface"": ""tests/test_capability_external_code_repair_operator_v1.py"",
          ""validation_plan"": {
            ""commands"": [
              [
                ""python"",
                ""-m"",
                ""pytest"",
                ""-q"",
                ""tests/test_capability_external_code_repair_operator_v1.py""
              ]
            ],
            ""expected_signals"": [
              ""public_counterexample_passes"",
              ""hidden_transfer_case_passes"",
              ""no_broad_regression_gate_failure""
            ],
            ""name"": ""validate_merge_setting_empty_only""
          }
        }
      ],
      ""promoted"": false,
      ""quarantine"": false,
      ""started_at"": ""2026-06-03T12:50:57Z"",
      ""target_path"": ""shared/external_repair_target.py"",
      ""test_path"": ""tests/test_external_code_repair_task.py""
    }
  ],
  ""rollback"": true,
  ""solved_new_tasks"": 0,
  ""state_path"": ""/tmp/rsi_experiments_o8w6nkxd/external_requests_code_transfer_repo__external_requests_code_failure_fixture_query__evolutionary_repair_loop__r13/.omega_rsi_runs/closed_rsi_state.json"",
  ""thdse_core_gate"": true,
  ""total_accepted"": 0,
  ""total_quarantine_exploration"": 0,
  ""total_rejected"": 3
}
",,external_code_unseen,psf/requests,Measure transfer on a sandbox fixture extracted from actual psf/requests source snippets and issue failure excerpts.,External code transfer succeeds when the loop repairs a local executable failure target derived from bounded psf/requests source and failure snippets.,1.347,0,0,6,3,0,0,python -m pytest -q,,True,18e5cd64ae44,0742be4e24501ba84b5d5addab8fd48a5b6d8c7a20d4c0404f132815c1218865,"{""buggy_source_path"": ""shared/external_repair_target.py"", ""buggy_source_sha256"": ""e091fb3f780565f4d258d4d5a3a72fc67a3f798249726053347dde4ea75d27a7"", ""copied_failure_fixture"": ""external_sandbox/failure_excerpt.txt"", ""copied_source_fixture"": ""external_sandbox/source_snippet.txt"", ""failing_test"": ""tests/test_external_code_repair_task.py::test_requests_header_none_removes_session_header_visible_case"", ""failure_excerpt_sha256"": ""3bd526e1c1acd6c1247d5c2bc5922ba0fe37bf52c329d978674044d6632ac2d2"", ""field_name"": ""external_requests_code_signals"", ""field_values"": [""merge_setting_none_header"", ""merge_setting"", ""merge_hooks"", ""src"", ""requests"", ""sessions"", ""session"", ""headers""], ""fixture_id"": ""external-code:psf/requests"", ""fixture_kind"": ""external_code_repair_transfer"", ""function_name"": ""merge_setting"", ""held_out_reference_sha256"": ""7e9ba034646362f98b516fa8e76957efa09aa4098fff9ee48fa67e1fbe61497d"", ""held_out_reference_span_sha256"": [""0da01aa1df1d7458d5c64fd7bdf8f3d2a71ae989e265aacd3c434f632585ce17""], ""hidden_counterexample_family"": ""requests_merge_setting_none_removal"", ""issue_task_id"": ""github:psf/requests#4965"", ""issue_title"": ""Request-level None headers should remove inherited session headers"", ""issue_url"": ""https://github.com/psf/requests/issues/1921"", ""ported_external_symbol"": ""requests.sessions.merge_setting"", ""quarantine_paths"": ["".external_code_quarantine/requests_merge_setting_reference.sha256""], ""repair_target"": ""shared/external_repair_target.py"", ""repair_test"": ""tests/test_external_code_repair_task.py"", ""safety_controls"": [""actual_buggy_source_excerpt"", ""bounded_source_excerpt"", ""bounded_failure_excerpt"", ""source_url_provenance"", ""disposable_repo_execution_only"", ""local_executable_repair_task"", ""quarantined_reference_fix_hash_only"", ""seeded_hidden_counterexamples_after_patch"", ""verbatim_reference_span_rejection"", ""quarantine_path_touch_rejection"", ""full_pytest_required""], ""source_commit_sha"": ""cd90742ed94d901759e26766197d0ce7c7bd9c8e"", ""source_file_path"": ""src/requests/sessions.py"", ""source_ref"": ""main"", ""source_repository"": ""psf/requests"", ""source_snippet_sha256"": ""4b0fdea45f0aca37fa69a3c0f4fd350134135ce7e397ecb311efc9eef0de04d9"", ""source_symbols"": [""merge_setting"", ""merge_hooks"", ""src"", ""requests"", ""sessions""], ""source_url"": ""https://raw.githubusercontent.com/psf/requests/main/src/requests/sessions.py""}",requests_merge_setting_none_removal,True
external_requests_code_transfer_repo,"Executable psf/requests merge_setting bug port with buggy source, visible failing test, quarantined reference hash, and hidden seed-derived cases.",external_requests_code_failure_fixture_query,ci_only_validation,baseline_ci_only,Baseline: run validation without candidate generation or code patching.,13,18e5cd64ae44,1,0.144,0,0,0.0,0,,False,0,0.144,0,/tmp/rsi_experiments_o8w6nkxd/external_requests_code_transfer_repo__external_requests_code_failure_fixture_query__ci_only_validation__r13/.omega_rsi_runs/closed_rsi_summary.json,"F                                                                        [100%]
=================================== FAILURES ===================================
________ test_requests_header_none_removes_session_header_visible_case _________

    def test_requests_header_none_removes_session_header_visible_case():
        failure_text = (Path.cwd() / ""external_sandbox"" / ""failure_excerpt.txt"").read_text(encoding=""utf-8"")
        session_headers = {""User-Agent"": ""session-agent"", ""Accept"": ""application/json""}
        request_headers = {""User-Agent"": None, ""Content-Type"": ""text/plain""}
    
        merged = merge_setting(request_headers, session_headers)
    
        assert failure_text
>       assert ""User-Agent"" not in merged
E       AssertionError: assert 'User-Agent' not in OrderedDict([('User-Agent', None), ('Accept', 'application/json'), ('Content-Type', 'text/plain')])

tests/test_external_code_repair_task.py:14: AssertionError
=========================== short test summary info ============================
FAILED tests/test_external_code_repair_task.py::test_requests_header_none_removes_session_header_visible_case - AssertionError: assert 'User-Agent' not in OrderedDict([('User-Agent', None), ('Accept', 'application/json'), ('Content-Type', 'text/plain')])
1 failed in 0.01s
",,external_code_unseen,psf/requests,Measure transfer on a sandbox fixture extracted from actual psf/requests source snippets and issue failure excerpts.,External code transfer succeeds when the loop repairs a local executable failure target derived from bounded psf/requests source and failure snippets.,0,0,0,0,0,0,0,python -m pytest -q,1,True,18e5cd64ae44,c057c6fab2f573cbc6d56b48badeb8aeef6b2620d56c15d38e4df483ab8752c4,"{""buggy_source_path"": ""shared/external_repair_target.py"", ""buggy_source_sha256"": ""e091fb3f780565f4d258d4d5a3a72fc67a3f798249726053347dde4ea75d27a7"", ""copied_failure_fixture"": ""external_sandbox/failure_excerpt.txt"", ""copied_source_fixture"": ""external_sandbox/source_snippet.txt"", ""failing_test"": ""tests/test_external_code_repair_task.py::test_requests_header_none_removes_session_header_visible_case"", ""failure_excerpt_sha256"": ""3bd526e1c1acd6c1247d5c2bc5922ba0fe37bf52c329d978674044d6632ac2d2"", ""field_name"": ""external_requests_code_signals"", ""field_values"": [""merge_setting_none_header"", ""merge_setting"", ""merge_hooks"", ""src"", ""requests"", ""sessions"", ""session"", ""headers""], ""fixture_id"": ""external-code:psf/requests"", ""fixture_kind"": ""external_code_repair_transfer"", ""function_name"": ""merge_setting"", ""held_out_reference_sha256"": ""7e9ba034646362f98b516fa8e76957efa09aa4098fff9ee48fa67e1fbe61497d"", ""held_out_reference_span_sha256"": [""0da01aa1df1d7458d5c64fd7bdf8f3d2a71ae989e265aacd3c434f632585ce17""], ""hidden_counterexample_family"": ""requests_merge_setting_none_removal"", ""issue_task_id"": ""github:psf/requests#4965"", ""issue_title"": ""Request-level None headers should remove inherited session headers"", ""issue_url"": ""https://github.com/psf/requests/issues/1921"", ""ported_external_symbol"": ""requests.sessions.merge_setting"", ""quarantine_paths"": ["".external_code_quarantine/requests_merge_setting_reference.sha256""], ""repair_target"": ""shared/external_repair_target.py"", ""repair_test"": ""tests/test_external_code_repair_task.py"", ""safety_controls"": [""actual_buggy_source_excerpt"", ""bounded_source_excerpt"", ""bounded_failure_excerpt"", ""source_url_provenance"", ""disposable_repo_execution_only"", ""local_executable_repair_task"", ""quarantined_reference_fix_hash_only"", ""seeded_hidden_counterexamples_after_patch"", ""verbatim_reference_span_rejection"", ""quarantine_path_touch_rejection"", ""full_pytest_required""], ""source_commit_sha"": ""cd90742ed94d901759e26766197d0ce7c7bd9c8e"", ""source_file_path"": ""src/requests/sessions.py"", ""source_ref"": ""main"", ""source_repository"": ""psf/requests"", ""source_snippet_sha256"": ""4b0fdea45f0aca37fa69a3c0f4fd350134135ce7e397ecb311efc9eef0de04d9"", ""source_symbols"": [""merge_setting"", ""merge_hooks"", ""src"", ""requests"", ""sessions""], ""source_url"": ""https://raw.githubusercontent.com/psf/requests/main/src/requests/sessions.py""}",requests_merge_setting_none_removal,True
external_requests_code_transfer_repo,"Executable psf/requests merge_setting bug port with buggy source, visible failing test, quarantined reference hash, and hidden seed-derived cases.",external_requests_code_failure_fixture_query,verified_closed_loop,proposed,"Full loop: candidate generation, patching, rollback, persistence, root broad gate, and THDSE core gate.",14,c55e5c44e742,0,4.199,3,0,1.0,0,,True,3,4.199,5,/tmp/rsi_experiments_o8w6nkxd/external_requests_code_transfer_repo__external_requests_code_failure_fixture_query__verified_closed_loop__r14/.omega_rsi_runs/closed_rsi_summary.json,"hema_query_repair benchmark tasks."",
          ""target_surface"": ""shared/capability_primitives.py"",
          ""validation_plan"": {
            ""commands"": [
              [
                ""python"",
                ""-m"",
                ""pytest"",
                ""-q"",
                ""tests/test_capability_schema_query_repair_operator_v1.py""
              ]
            ],
            ""expected_signals"": [
              ""public_counterexample_passes"",
              ""hidden_transfer_case_passes"",
              ""no_broad_regression_gate_failure""
            ],
            ""name"": ""validate_records_matching_feature_flags""
          }
        },
        {
          ""family"": ""schema_query_repair"",
          ""kind"": ""search_heuristic"",
          ""name"": ""prefer_records_matching_feature_flags_reuse"",
          ""rationale"": ""Rank exact capability repair operators ahead of unrelated schema repairs."",
          ""target_surface"": ""scripts/closed_recursive_self_improvement_loop.py"",
          ""validation_plan"": {
            ""commands"": [
              [
                ""python"",
                ""-m"",
                ""pytest"",
                ""-q"",
                ""tests/test_capability_schema_query_repair_operator_v1.py""
              ]
            ],
            ""expected_signals"": [
              ""public_counterexample_passes"",
              ""hidden_transfer_case_passes"",
              ""no_broad_regression_gate_failure""
            ],
            ""name"": ""validate_records_matching_feature_flags""
          }
        },
        {
          ""family"": ""schema_query_repair"",
          ""kind"": ""evaluator_mutation"",
          ""name"": ""records_matching_feature_flags_hidden_transfer_case"",
          ""rationale"": ""Add a held-out case that checks transfer beyond the public example."",
          ""target_surface"": ""shared/capability_benchmarks.py"",
          ""validation_plan"": {
            ""commands"": [
              [
                ""python"",
                ""-m"",
                ""pytest"",
                ""-q"",
                ""tests/test_capability_schema_query_repair_operator_v1.py""
              ]
            ],
            ""expected_signals"": [
              ""public_counterexample_passes"",
              ""hidden_transfer_case_passes"",
              ""no_broad_regression_gate_failure""
            ],
            ""name"": ""validate_records_matching_feature_flags""
          }
        },
        {
          ""family"": ""schema_query_repair"",
          ""kind"": ""counterexample_test"",
          ""name"": ""test_records_matching_feature_flags_counterexample"",
          ""rationale"": ""Lock the primitive with public and hidden transfer counterexamples."",
          ""target_surface"": ""tests/test_capability_schema_query_repair_operator_v1.py"",
          ""validation_plan"": {
            ""commands"": [
              [
                ""python"",
                ""-m"",
                ""pytest"",
                ""-q"",
                ""tests/test_capability_schema_query_repair_operator_v1.py""
              ]
            ],
            ""expected_signals"": [
              ""public_counterexample_passes"",
              ""hidden_transfer_case_passes"",
              ""no_broad_regression_gate_failure""
            ],
            ""name"": ""validate_records_matching_feature_flags""
          }
        }
      ],
      ""promoted"": false,
      ""quarantine"": true,
      ""started_at"": ""2026-06-03T12:51:01Z"",
      ""target_path"": ""shared/local_corpus.py"",
      ""test_path"": ""tests/test_emergent_local_corpus_feature_flags_membership_v1.py""
    }
  ],
  ""quarantine_failure_residue_count"": 0,
  ""quarantine_max_depth"": 1,
  ""rejected_this_run"": [],
  ""rollback"": true,
  ""solved_new_tasks"": 0,
  ""state_path"": ""/tmp/rsi_experiments_o8w6nkxd/external_requests_code_transfer_repo__external_requests_code_failure_fixture_query__verified_closed_loop__r14/.omega_rsi_runs/closed_rsi_state.json"",
  ""thdse_core_gate"": true,
  ""total_accepted"": 3,
  ""total_quarantine_exploration"": 2,
  ""total_rejected"": 0
}
",,external_code_unseen,psf/requests,Measure transfer on a sandbox fixture extracted from actual psf/requests source snippets and issue failure excerpts.,External code transfer succeeds when the loop repairs a local executable failure target derived from bounded psf/requests source and failure snippets.,1.347,0,0,6,0,2,0,python -m pytest -q,0,True,c55e5c44e742,fcd77ae04ccc8821639a6e3826c8ed5fb162116d38bcf47f674f310f1b91d39e,"{""buggy_source_path"": ""shared/external_repair_target.py"", ""buggy_source_sha256"": ""e091fb3f780565f4d258d4d5a3a72fc67a3f798249726053347dde4ea75d27a7"", ""copied_failure_fixture"": ""external_sandbox/failure_excerpt.txt"", ""copied_source_fixture"": ""external_sandbox/source_snippet.txt"", ""failing_test"": ""tests/test_external_code_repair_task.py::test_requests_header_none_removes_session_header_visible_case"", ""failure_excerpt_sha256"": ""3bd526e1c1acd6c1247d5c2bc5922ba0fe37bf52c329d978674044d6632ac2d2"", ""field_name"": ""external_requests_code_signals"", ""field_values"": [""merge_setting_none_header"", ""merge_setting"", ""merge_hooks"", ""src"", ""requests"", ""sessions"", ""session"", ""headers""], ""fixture_id"": ""external-code:psf/requests"", ""fixture_kind"": ""external_code_repair_transfer"", ""function_name"": ""merge_setting"", ""held_out_reference_sha256"": ""7e9ba034646362f98b516fa8e76957efa09aa4098fff9ee48fa67e1fbe61497d"", ""held_out_reference_span_sha256"": [""0da01aa1df1d7458d5c64fd7bdf8f3d2a71ae989e265aacd3c434f632585ce17""], ""hidden_counterexample_family"": ""requests_merge_setting_none_removal"", ""issue_task_id"": ""github:psf/requests#4965"", ""issue_title"": ""Request-level None headers should remove inherited session headers"", ""issue_url"": ""https://github.com/psf/requests/issues/1921"", ""ported_external_symbol"": ""requests.sessions.merge_setting"", ""quarantine_paths"": ["".external_code_quarantine/requests_merge_setting_reference.sha256""], ""repair_target"": ""shared/external_repair_target.py"", ""repair_test"": ""tests/test_external_code_repair_task.py"", ""safety_controls"": [""actual_buggy_source_excerpt"", ""bounded_source_excerpt"", ""bounded_failure_excerpt"", ""source_url_provenance"", ""disposable_repo_execution_only"", ""local_executable_repair_task"", ""quarantined_reference_fix_hash_only"", ""seeded_hidden_counterexamples_after_patch"", ""verbatim_reference_span_rejection"", ""quarantine_path_touch_rejection"", ""full_pytest_required""], ""source_commit_sha"": ""cd90742ed94d901759e26766197d0ce7c7bd9c8e"", ""source_file_path"": ""src/requests/sessions.py"", ""source_ref"": ""main"", ""source_repository"": ""psf/requests"", ""source_snippet_sha256"": ""4b0fdea45f0aca37fa69a3c0f4fd350134135ce7e397ecb311efc9eef0de04d9"", ""source_symbols"": [""merge_setting"", ""merge_hooks"", ""src"", ""requests"", ""sessions""], ""source_url"": ""https://raw.githubusercontent.com/psf/requests/main/src/requests/sessions.py""}",requests_merge_setting_none_removal,True
external_requests_code_transfer_repo,"Executable psf/requests merge_setting bug port with buggy source, visible failing test, quarantined reference hash, and hidden seed-derived cases.",external_requests_code_failure_fixture_query,agent_coding_loop,baseline_agent_coding_loop,Baseline: single-pass automated coding loop with validation but without persistent recursive depth.,14,c55e5c44e742,0,0.462,0,1,0.0,0,True,False,0,0.462,0,/tmp/rsi_experiments_o8w6nkxd/external_requests_code_transfer_repo__external_requests_code_failure_fixture_query__agent_coding_loop__r14/.omega_rsi_runs/closed_rsi_summary.json,"ode_repair"",
          ""kind"": ""solver_primitive"",
          ""name"": ""merge_setting_empty_only"",
          ""rationale"": ""Reusable primitive for external_code_repair benchmark tasks."",
          ""target_surface"": ""shared/capability_primitives.py"",
          ""validation_plan"": {
            ""commands"": [
              [
                ""python"",
                ""-m"",
                ""pytest"",
                ""-q"",
                ""tests/test_capability_external_code_repair_operator_v1.py""
              ]
            ],
            ""expected_signals"": [
              ""public_counterexample_passes"",
              ""hidden_transfer_case_passes"",
              ""no_broad_regression_gate_failure""
            ],
            ""name"": ""validate_merge_setting_empty_only""
          }
        },
        {
          ""family"": ""external_code_repair"",
          ""kind"": ""search_heuristic"",
          ""name"": ""prefer_merge_setting_empty_only_reuse"",
          ""rationale"": ""Rank exact capability repair operators ahead of unrelated schema repairs."",
          ""target_surface"": ""scripts/closed_recursive_self_improvement_loop.py"",
          ""validation_plan"": {
            ""commands"": [
              [
                ""python"",
                ""-m"",
                ""pytest"",
                ""-q"",
                ""tests/test_capability_external_code_repair_operator_v1.py""
              ]
            ],
            ""expected_signals"": [
              ""public_counterexample_passes"",
              ""hidden_transfer_case_passes"",
              ""no_broad_regression_gate_failure""
            ],
            ""name"": ""validate_merge_setting_empty_only""
          }
        },
        {
          ""family"": ""external_code_repair"",
          ""kind"": ""evaluator_mutation"",
          ""name"": ""merge_setting_empty_only_hidden_transfer_case"",
          ""rationale"": ""Add a held-out case that checks transfer beyond the public example."",
          ""target_surface"": ""shared/capability_benchmarks.py"",
          ""validation_plan"": {
            ""commands"": [
              [
                ""python"",
                ""-m"",
                ""pytest"",
                ""-q"",
                ""tests/test_capability_external_code_repair_operator_v1.py""
              ]
            ],
            ""expected_signals"": [
              ""public_counterexample_passes"",
              ""hidden_transfer_case_passes"",
              ""no_broad_regression_gate_failure""
            ],
            ""name"": ""validate_merge_setting_empty_only""
          }
        },
        {
          ""family"": ""external_code_repair"",
          ""kind"": ""counterexample_test"",
          ""name"": ""test_merge_setting_empty_only_counterexample"",
          ""rationale"": ""Lock the primitive with public and hidden transfer counterexamples."",
          ""target_surface"": ""tests/test_capability_external_code_repair_operator_v1.py"",
          ""validation_plan"": {
            ""commands"": [
              [
                ""python"",
                ""-m"",
                ""pytest"",
                ""-q"",
                ""tests/test_capability_external_code_repair_operator_v1.py""
              ]
            ],
            ""expected_signals"": [
              ""public_counterexample_passes"",
              ""hidden_transfer_case_passes"",
              ""no_broad_regression_gate_failure""
            ],
            ""name"": ""validate_merge_setting_empty_only""
          }
        }
      ],
      ""promoted"": false,
      ""quarantine"": false,
      ""started_at"": ""2026-06-03T12:51:02Z"",
      ""target_path"": ""shared/external_repair_target.py"",
      ""test_path"": ""tests/test_external_code_repair_task.py""
    }
  ],
  ""rollback"": true,
  ""solved_new_tasks"": 0,
  ""state_path"": ""/tmp/rsi_experiments_o8w6nkxd/external_requests_code_transfer_repo__external_requests_code_failure_fixture_query__agent_coding_loop__r14/.omega_rsi_runs/closed_rsi_state.json"",
  ""thdse_core_gate"": true,
  ""total_accepted"": 0,
  ""total_quarantine_exploration"": 0,
  ""total_rejected"": 1
}
",,external_code_unseen,psf/requests,Measure transfer on a sandbox fixture extracted from actual psf/requests source snippets and issue failure excerpts.,External code transfer succeeds when the loop repairs a local executable failure target derived from bounded psf/requests source and failure snippets.,0.449,0,0,2,1,0,0,python -m pytest -q,,True,c55e5c44e742,2315d1e426bb802f680d2388fd71163959379bd68d611d5db64e97785f03131c,"{""buggy_source_path"": ""shared/external_repair_target.py"", ""buggy_source_sha256"": ""e091fb3f780565f4d258d4d5a3a72fc67a3f798249726053347dde4ea75d27a7"", ""copied_failure_fixture"": ""external_sandbox/failure_excerpt.txt"", ""copied_source_fixture"": ""external_sandbox/source_snippet.txt"", ""failing_test"": ""tests/test_external_code_repair_task.py::test_requests_header_none_removes_session_header_visible_case"", ""failure_excerpt_sha256"": ""3bd526e1c1acd6c1247d5c2bc5922ba0fe37bf52c329d978674044d6632ac2d2"", ""field_name"": ""external_requests_code_signals"", ""field_values"": [""merge_setting_none_header"", ""merge_setting"", ""merge_hooks"", ""src"", ""requests"", ""sessions"", ""session"", ""headers""], ""fixture_id"": ""external-code:psf/requests"", ""fixture_kind"": ""external_code_repair_transfer"", ""function_name"": ""merge_setting"", ""held_out_reference_sha256"": ""7e9ba034646362f98b516fa8e76957efa09aa4098fff9ee48fa67e1fbe61497d"", ""held_out_reference_span_sha256"": [""0da01aa1df1d7458d5c64fd7bdf8f3d2a71ae989e265aacd3c434f632585ce17""], ""hidden_counterexample_family"": ""requests_merge_setting_none_removal"", ""issue_task_id"": ""github:psf/requests#4965"", ""issue_title"": ""Request-level None headers should remove inherited session headers"", ""issue_url"": ""https://github.com/psf/requests/issues/1921"", ""ported_external_symbol"": ""requests.sessions.merge_setting"", ""quarantine_paths"": ["".external_code_quarantine/requests_merge_setting_reference.sha256""], ""repair_target"": ""shared/external_repair_target.py"", ""repair_test"": ""tests/test_external_code_repair_task.py"", ""safety_controls"": [""actual_buggy_source_excerpt"", ""bounded_source_excerpt"", ""bounded_failure_excerpt"", ""source_url_provenance"", ""disposable_repo_execution_only"", ""local_executable_repair_task"", ""quarantined_reference_fix_hash_only"", ""seeded_hidden_counterexamples_after_patch"", ""verbatim_reference_span_rejection"", ""quarantine_path_touch_rejection"", ""full_pytest_required""], ""source_commit_sha"": ""cd90742ed94d901759e26766197d0ce7c7bd9c8e"", ""source_file_path"": ""src/requests/sessions.py"", ""source_ref"": ""main"", ""source_repository"": ""psf/requests"", ""source_snippet_sha256"": ""4b0fdea45f0aca37fa69a3c0f4fd350134135ce7e397ecb311efc9eef0de04d9"", ""source_symbols"": [""merge_setting"", ""merge_hooks"", ""src"", ""requests"", ""sessions""], ""source_url"": ""https://raw.githubusercontent.com/psf/requests/main/src/requests/sessions.py""}",requests_merge_setting_none_removal,True
external_requests_code_transfer_repo,"Executable psf/requests merge_setting bug port with buggy source, visible failing test, quarantined reference hash, and hidden seed-derived cases.",external_requests_code_failure_fixture_query,evolutionary_repair_loop,baseline_evolutionary_repair_loop,Baseline: retry candidate repair loop with the same safety gates but without recursive quarantine search or persistent self-policy depth.,14,c55e5c44e742,0,1.255,0,3,0.0,0,True,False,0,1.255,0,/tmp/rsi_experiments_o8w6nkxd/external_requests_code_transfer_repo__external_requests_code_failure_fixture_query__evolutionary_repair_loop__r14/.omega_rsi_runs/closed_rsi_summary.json,"""kind"": ""solver_primitive"",
          ""name"": ""merge_setting_visible_only"",
          ""rationale"": ""Reusable primitive for external_code_repair benchmark tasks."",
          ""target_surface"": ""shared/capability_primitives.py"",
          ""validation_plan"": {
            ""commands"": [
              [
                ""python"",
                ""-m"",
                ""pytest"",
                ""-q"",
                ""tests/test_capability_external_code_repair_operator_v1.py""
              ]
            ],
            ""expected_signals"": [
              ""public_counterexample_passes"",
              ""hidden_transfer_case_passes"",
              ""no_broad_regression_gate_failure""
            ],
            ""name"": ""validate_merge_setting_visible_only""
          }
        },
        {
          ""family"": ""external_code_repair"",
          ""kind"": ""search_heuristic"",
          ""name"": ""prefer_merge_setting_visible_only_reuse"",
          ""rationale"": ""Rank exact capability repair operators ahead of unrelated schema repairs."",
          ""target_surface"": ""scripts/closed_recursive_self_improvement_loop.py"",
          ""validation_plan"": {
            ""commands"": [
              [
                ""python"",
                ""-m"",
                ""pytest"",
                ""-q"",
                ""tests/test_capability_external_code_repair_operator_v1.py""
              ]
            ],
            ""expected_signals"": [
              ""public_counterexample_passes"",
              ""hidden_transfer_case_passes"",
              ""no_broad_regression_gate_failure""
            ],
            ""name"": ""validate_merge_setting_visible_only""
          }
        },
        {
          ""family"": ""external_code_repair"",
          ""kind"": ""evaluator_mutation"",
          ""name"": ""merge_setting_visible_only_hidden_transfer_case"",
          ""rationale"": ""Add a held-out case that checks transfer beyond the public example."",
          ""target_surface"": ""shared/capability_benchmarks.py"",
          ""validation_plan"": {
            ""commands"": [
              [
                ""python"",
                ""-m"",
                ""pytest"",
                ""-q"",
                ""tests/test_capability_external_code_repair_operator_v1.py""
              ]
            ],
            ""expected_signals"": [
              ""public_counterexample_passes"",
              ""hidden_transfer_case_passes"",
              ""no_broad_regression_gate_failure""
            ],
            ""name"": ""validate_merge_setting_visible_only""
          }
        },
        {
          ""family"": ""external_code_repair"",
          ""kind"": ""counterexample_test"",
          ""name"": ""test_merge_setting_visible_only_counterexample"",
          ""rationale"": ""Lock the primitive with public and hidden transfer counterexamples."",
          ""target_surface"": ""tests/test_capability_external_code_repair_operator_v1.py"",
          ""validation_plan"": {
            ""commands"": [
              [
                ""python"",
                ""-m"",
                ""pytest"",
                ""-q"",
                ""tests/test_capability_external_code_repair_operator_v1.py""
              ]
            ],
            ""expected_signals"": [
              ""public_counterexample_passes"",
              ""hidden_transfer_case_passes"",
              ""no_broad_regression_gate_failure""
            ],
            ""name"": ""validate_merge_setting_visible_only""
          }
        }
      ],
      ""promoted"": false,
      ""quarantine"": false,
      ""started_at"": ""2026-06-03T12:51:03Z"",
      ""target_path"": ""shared/external_repair_target.py"",
      ""test_path"": ""tests/test_external_code_repair_task.py""
    }
  ],
  ""rollback"": true,
  ""solved_new_tasks"": 0,
  ""state_path"": ""/tmp/rsi_experiments_o8w6nkxd/external_requests_code_transfer_repo__external_requests_code_failure_fixture_query__evolutionary_repair_loop__r14/.omega_rsi_runs/closed_rsi_state.json"",
  ""thdse_core_gate"": true,
  ""total_accepted"": 0,
  ""total_quarantine_exploration"": 0,
  ""total_rejected"": 3
}
",,external_code_unseen,psf/requests,Measure transfer on a sandbox fixture extracted from actual psf/requests source snippets and issue failure excerpts.,External code transfer succeeds when the loop repairs a local executable failure target derived from bounded psf/requests source and failure snippets.,1.347,0,0,6,3,0,0,python -m pytest -q,,True,c55e5c44e742,bd5b9515e31009af911e8ea623fb51f811e11c864ae9456cd9109d266564d218,"{""buggy_source_path"": ""shared/external_repair_target.py"", ""buggy_source_sha256"": ""e091fb3f780565f4d258d4d5a3a72fc67a3f798249726053347dde4ea75d27a7"", ""copied_failure_fixture"": ""external_sandbox/failure_excerpt.txt"", ""copied_source_fixture"": ""external_sandbox/source_snippet.txt"", ""failing_test"": ""tests/test_external_code_repair_task.py::test_requests_header_none_removes_session_header_visible_case"", ""failure_excerpt_sha256"": ""3bd526e1c1acd6c1247d5c2bc5922ba0fe37bf52c329d978674044d6632ac2d2"", ""field_name"": ""external_requests_code_signals"", ""field_values"": [""merge_setting_none_header"", ""merge_setting"", ""merge_hooks"", ""src"", ""requests"", ""sessions"", ""session"", ""headers""], ""fixture_id"": ""external-code:psf/requests"", ""fixture_kind"": ""external_code_repair_transfer"", ""function_name"": ""merge_setting"", ""held_out_reference_sha256"": ""7e9ba034646362f98b516fa8e76957efa09aa4098fff9ee48fa67e1fbe61497d"", ""held_out_reference_span_sha256"": [""0da01aa1df1d7458d5c64fd7bdf8f3d2a71ae989e265aacd3c434f632585ce17""], ""hidden_counterexample_family"": ""requests_merge_setting_none_removal"", ""issue_task_id"": ""github:psf/requests#4965"", ""issue_title"": ""Request-level None headers should remove inherited session headers"", ""issue_url"": ""https://github.com/psf/requests/issues/1921"", ""ported_external_symbol"": ""requests.sessions.merge_setting"", ""quarantine_paths"": ["".external_code_quarantine/requests_merge_setting_reference.sha256""], ""repair_target"": ""shared/external_repair_target.py"", ""repair_test"": ""tests/test_external_code_repair_task.py"", ""safety_controls"": [""actual_buggy_source_excerpt"", ""bounded_source_excerpt"", ""bounded_failure_excerpt"", ""source_url_provenance"", ""disposable_repo_execution_only"", ""local_executable_repair_task"", ""quarantined_reference_fix_hash_only"", ""seeded_hidden_counterexamples_after_patch"", ""verbatim_reference_span_rejection"", ""quarantine_path_touch_rejection"", ""full_pytest_required""], ""source_commit_sha"": ""cd90742ed94d901759e26766197d0ce7c7bd9c8e"", ""source_file_path"": ""src/requests/sessions.py"", ""source_ref"": ""main"", ""source_repository"": ""psf/requests"", ""source_snippet_sha256"": ""4b0fdea45f0aca37fa69a3c0f4fd350134135ce7e397ecb311efc9eef0de04d9"", ""source_symbols"": [""merge_setting"", ""merge_hooks"", ""src"", ""requests"", ""sessions""], ""source_url"": ""https://raw.githubusercontent.com/psf/requests/main/src/requests/sessions.py""}",requests_merge_setting_none_removal,True
external_requests_code_transfer_repo,"Executable psf/requests merge_setting bug port with buggy source, visible failing test, quarantined reference hash, and hidden seed-derived cases.",external_requests_code_failure_fixture_query,ci_only_validation,baseline_ci_only,Baseline: run validation without candidate generation or code patching.,14,c55e5c44e742,1,0.125,0,0,0.0,0,,False,0,0.125,0,/tmp/rsi_experiments_o8w6nkxd/external_requests_code_transfer_repo__external_requests_code_failure_fixture_query__ci_only_validation__r14/.omega_rsi_runs/closed_rsi_summary.json,"F                                                                        [100%]
=================================== FAILURES ===================================
________ test_requests_header_none_removes_session_header_visible_case _________

    def test_requests_header_none_removes_session_header_visible_case():
        failure_text = (Path.cwd() / ""external_sandbox"" / ""failure_excerpt.txt"").read_text(encoding=""utf-8"")
        session_headers = {""User-Agent"": ""session-agent"", ""Accept"": ""application/json""}
        request_headers = {""User-Agent"": None, ""Content-Type"": ""text/plain""}
    
        merged = merge_setting(request_headers, session_headers)
    
        assert failure_text
>       assert ""User-Agent"" not in merged
E       AssertionError: assert 'User-Agent' not in OrderedDict([('User-Agent', None), ('Accept', 'application/json'), ('Content-Type', 'text/plain')])

tests/test_external_code_repair_task.py:14: AssertionError
=========================== short test summary info ============================
FAILED tests/test_external_code_repair_task.py::test_requests_header_none_removes_session_header_visible_case - AssertionError: assert 'User-Agent' not in OrderedDict([('User-Agent', None), ('Accept', 'application/json'), ('Content-Type', 'text/plain')])
1 failed in 0.01s
",,external_code_unseen,psf/requests,Measure transfer on a sandbox fixture extracted from actual psf/requests source snippets and issue failure excerpts.,External code transfer succeeds when the loop repairs a local executable failure target derived from bounded psf/requests source and failure snippets.,0,0,0,0,0,0,0,python -m pytest -q,1,True,c55e5c44e742,6fd248c407370daaf0d7d86fb615b72f8d790c504898c176fe50819c7d853d46,"{""buggy_source_path"": ""shared/external_repair_target.py"", ""buggy_source_sha256"": ""e091fb3f780565f4d258d4d5a3a72fc67a3f798249726053347dde4ea75d27a7"", ""copied_failure_fixture"": ""external_sandbox/failure_excerpt.txt"", ""copied_source_fixture"": ""external_sandbox/source_snippet.txt"", ""failing_test"": ""tests/test_external_code_repair_task.py::test_requests_header_none_removes_session_header_visible_case"", ""failure_excerpt_sha256"": ""3bd526e1c1acd6c1247d5c2bc5922ba0fe37bf52c329d978674044d6632ac2d2"", ""field_name"": ""external_requests_code_signals"", ""field_values"": [""merge_setting_none_header"", ""merge_setting"", ""merge_hooks"", ""src"", ""requests"", ""sessions"", ""session"", ""headers""], ""fixture_id"": ""external-code:psf/requests"", ""fixture_kind"": ""external_code_repair_transfer"", ""function_name"": ""merge_setting"", ""held_out_reference_sha256"": ""7e9ba034646362f98b516fa8e76957efa09aa4098fff9ee48fa67e1fbe61497d"", ""held_out_reference_span_sha256"": [""0da01aa1df1d7458d5c64fd7bdf8f3d2a71ae989e265aacd3c434f632585ce17""], ""hidden_counterexample_family"": ""requests_merge_setting_none_removal"", ""issue_task_id"": ""github:psf/requests#4965"", ""issue_title"": ""Request-level None headers should remove inherited session headers"", ""issue_url"": ""https://github.com/psf/requests/issues/1921"", ""ported_external_symbol"": ""requests.sessions.merge_setting"", ""quarantine_paths"": ["".external_code_quarantine/requests_merge_setting_reference.sha256""], ""repair_target"": ""shared/external_repair_target.py"", ""repair_test"": ""tests/test_external_code_repair_task.py"", ""safety_controls"": [""actual_buggy_source_excerpt"", ""bounded_source_excerpt"", ""bounded_failure_excerpt"", ""source_url_provenance"", ""disposable_repo_execution_only"", ""local_executable_repair_task"", ""quarantined_reference_fix_hash_only"", ""seeded_hidden_counterexamples_after_patch"", ""verbatim_reference_span_rejection"", ""quarantine_path_touch_rejection"", ""full_pytest_required""], ""source_commit_sha"": ""cd90742ed94d901759e26766197d0ce7c7bd9c8e"", ""source_file_path"": ""src/requests/sessions.py"", ""source_ref"": ""main"", ""source_repository"": ""psf/requests"", ""source_snippet_sha256"": ""4b0fdea45f0aca37fa69a3c0f4fd350134135ce7e397ecb311efc9eef0de04d9"", ""source_symbols"": [""merge_setting"", ""merge_hooks"", ""src"", ""requests"", ""sessions""], ""source_url"": ""https://raw.githubusercontent.com/psf/requests/main/src/requests/sessions.py""}",requests_merge_setting_none_removal,True
external_requests_code_transfer_repo,"Executable psf/requests merge_setting bug port with buggy source, visible failing test, quarantined reference hash, and hidden seed-derived cases.",external_requests_code_failure_fixture_query,verified_closed_loop,proposed,"Full loop: candidate generation, patching, rollback, persistence, root broad gate, and THDSE core gate.",15,b48e3091e9dd,0,3.918,0,3,0.0,0,True,True,0,3.918,0,/tmp/rsi_experiments_o8w6nkxd/external_requests_code_transfer_repo__external_requests_code_failure_fixture_query__verified_closed_loop__r15/.omega_rsi_runs/closed_rsi_summary.json,"    ""kind"": ""solver_primitive"",
          ""name"": ""merge_setting_visible_only"",
          ""rationale"": ""Reusable primitive for external_code_repair benchmark tasks."",
          ""target_surface"": ""shared/capability_primitives.py"",
          ""validation_plan"": {
            ""commands"": [
              [
                ""python"",
                ""-m"",
                ""pytest"",
                ""-q"",
                ""tests/test_capability_external_code_repair_operator_v1.py""
              ]
            ],
            ""expected_signals"": [
              ""public_counterexample_passes"",
              ""hidden_transfer_case_passes"",
              ""no_broad_regression_gate_failure""
            ],
            ""name"": ""validate_merge_setting_visible_only""
          }
        },
        {
          ""family"": ""external_code_repair"",
          ""kind"": ""search_heuristic"",
          ""name"": ""prefer_merge_setting_visible_only_reuse"",
          ""rationale"": ""Rank exact capability repair operators ahead of unrelated schema repairs."",
          ""target_surface"": ""scripts/closed_recursive_self_improvement_loop.py"",
          ""validation_plan"": {
            ""commands"": [
              [
                ""python"",
                ""-m"",
                ""pytest"",
                ""-q"",
                ""tests/test_capability_external_code_repair_operator_v1.py""
              ]
            ],
            ""expected_signals"": [
              ""public_counterexample_passes"",
              ""hidden_transfer_case_passes"",
              ""no_broad_regression_gate_failure""
            ],
            ""name"": ""validate_merge_setting_visible_only""
          }
        },
        {
          ""family"": ""external_code_repair"",
          ""kind"": ""evaluator_mutation"",
          ""name"": ""merge_setting_visible_only_hidden_transfer_case"",
          ""rationale"": ""Add a held-out case that checks transfer beyond the public example."",
          ""target_surface"": ""shared/capability_benchmarks.py"",
          ""validation_plan"": {
            ""commands"": [
              [
                ""python"",
                ""-m"",
                ""pytest"",
                ""-q"",
                ""tests/test_capability_external_code_repair_operator_v1.py""
              ]
            ],
            ""expected_signals"": [
              ""public_counterexample_passes"",
              ""hidden_transfer_case_passes"",
              ""no_broad_regression_gate_failure""
            ],
            ""name"": ""validate_merge_setting_visible_only""
          }
        },
        {
          ""family"": ""external_code_repair"",
          ""kind"": ""counterexample_test"",
          ""name"": ""test_merge_setting_visible_only_counterexample"",
          ""rationale"": ""Lock the primitive with public and hidden transfer counterexamples."",
          ""target_surface"": ""tests/test_capability_external_code_repair_operator_v1.py"",
          ""validation_plan"": {
            ""commands"": [
              [
                ""python"",
                ""-m"",
                ""pytest"",
                ""-q"",
                ""tests/test_capability_external_code_repair_operator_v1.py""
              ]
            ],
            ""expected_signals"": [
              ""public_counterexample_passes"",
              ""hidden_transfer_case_passes"",
              ""no_broad_regression_gate_failure""
            ],
            ""name"": ""validate_merge_setting_visible_only""
          }
        }
      ],
      ""promoted"": false,
      ""quarantine"": false,
      ""started_at"": ""2026-06-03T12:51:04Z"",
      ""target_path"": ""shared/external_repair_target.py"",
      ""test_path"": ""tests/test_external_code_repair_task.py""
    }
  ],
  ""rollback"": true,
  ""solved_new_tasks"": 0,
  ""state_path"": ""/tmp/rsi_experiments_o8w6nkxd/external_requests_code_transfer_repo__external_requests_code_failure_fixture_query__verified_closed_loop__r15/.omega_rsi_runs/closed_rsi_state.json"",
  ""thdse_core_gate"": true,
  ""total_accepted"": 0,
  ""total_quarantine_exploration"": 6,
  ""total_rejected"": 3
}
",,external_code_unseen,psf/requests,Measure transfer on a sandbox fixture extracted from actual psf/requests source snippets and issue failure excerpts.,External code transfer succeeds when the loop repairs a local executable failure target derived from bounded psf/requests source and failure snippets.,1.347,0,0,6,3,6,5,python -m pytest -q,,True,b48e3091e9dd,728ef7fb343b0f0ae1c1ff19e64475a167acd60e3cf0d357ef02145170833c86,"{""buggy_source_path"": ""shared/external_repair_target.py"", ""buggy_source_sha256"": ""e091fb3f780565f4d258d4d5a3a72fc67a3f798249726053347dde4ea75d27a7"", ""copied_failure_fixture"": ""external_sandbox/failure_excerpt.txt"", ""copied_source_fixture"": ""external_sandbox/source_snippet.txt"", ""failing_test"": ""tests/test_external_code_repair_task.py::test_requests_header_none_removes_session_header_visible_case"", ""failure_excerpt_sha256"": ""3bd526e1c1acd6c1247d5c2bc5922ba0fe37bf52c329d978674044d6632ac2d2"", ""field_name"": ""external_requests_code_signals"", ""field_values"": [""merge_setting_none_header"", ""merge_setting"", ""merge_hooks"", ""src"", ""requests"", ""sessions"", ""session"", ""headers""], ""fixture_id"": ""external-code:psf/requests"", ""fixture_kind"": ""external_code_repair_transfer"", ""function_name"": ""merge_setting"", ""held_out_reference_sha256"": ""7e9ba034646362f98b516fa8e76957efa09aa4098fff9ee48fa67e1fbe61497d"", ""held_out_reference_span_sha256"": [""0da01aa1df1d7458d5c64fd7bdf8f3d2a71ae989e265aacd3c434f632585ce17""], ""hidden_counterexample_family"": ""requests_merge_setting_none_removal"", ""issue_task_id"": ""github:psf/requests#4965"", ""issue_title"": ""Request-level None headers should remove inherited session headers"", ""issue_url"": ""https://github.com/psf/requests/issues/1921"", ""ported_external_symbol"": ""requests.sessions.merge_setting"", ""quarantine_paths"": ["".external_code_quarantine/requests_merge_setting_reference.sha256""], ""repair_target"": ""shared/external_repair_target.py"", ""repair_test"": ""tests/test_external_code_repair_task.py"", ""safety_controls"": [""actual_buggy_source_excerpt"", ""bounded_source_excerpt"", ""bounded_failure_excerpt"", ""source_url_provenance"", ""disposable_repo_execution_only"", ""local_executable_repair_task"", ""quarantined_reference_fix_hash_only"", ""seeded_hidden_counterexamples_after_patch"", ""verbatim_reference_span_rejection"", ""quarantine_path_touch_rejection"", ""full_pytest_required""], ""source_commit_sha"": ""cd90742ed94d901759e26766197d0ce7c7bd9c8e"", ""source_file_path"": ""src/requests/sessions.py"", ""source_ref"": ""main"", ""source_repository"": ""psf/requests"", ""source_snippet_sha256"": ""4b0fdea45f0aca37fa69a3c0f4fd350134135ce7e397ecb311efc9eef0de04d9"", ""source_symbols"": [""merge_setting"", ""merge_hooks"", ""src"", ""requests"", ""sessions""], ""source_url"": ""https://raw.githubusercontent.com/psf/requests/main/src/requests/sessions.py""}",requests_merge_setting_none_removal,True
external_requests_code_transfer_repo,"Executable psf/requests merge_setting bug port with buggy source, visible failing test, quarantined reference hash, and hidden seed-derived cases.",external_requests_code_failure_fixture_query,agent_coding_loop,baseline_agent_coding_loop,Baseline: single-pass automated coding loop with validation but without persistent recursive depth.,15,b48e3091e9dd,0,0.451,0,1,0.0,0,True,False,0,0.451,0,/tmp/rsi_experiments_o8w6nkxd/external_requests_code_transfer_repo__external_requests_code_failure_fixture_query__agent_coding_loop__r15/.omega_rsi_runs/closed_rsi_summary.json,"rge_setting_user_agent_casefold"",
          ""rationale"": ""Reusable primitive for external_code_repair benchmark tasks."",
          ""target_surface"": ""shared/capability_primitives.py"",
          ""validation_plan"": {
            ""commands"": [
              [
                ""python"",
                ""-m"",
                ""pytest"",
                ""-q"",
                ""tests/test_capability_external_code_repair_operator_v1.py""
              ]
            ],
            ""expected_signals"": [
              ""public_counterexample_passes"",
              ""hidden_transfer_case_passes"",
              ""no_broad_regression_gate_failure""
            ],
            ""name"": ""validate_merge_setting_user_agent_casefold""
          }
        },
        {
          ""family"": ""external_code_repair"",
          ""kind"": ""search_heuristic"",
          ""name"": ""prefer_merge_setting_user_agent_casefold_reuse"",
          ""rationale"": ""Rank exact capability repair operators ahead of unrelated schema repairs."",
          ""target_surface"": ""scripts/closed_recursive_self_improvement_loop.py"",
          ""validation_plan"": {
            ""commands"": [
              [
                ""python"",
                ""-m"",
                ""pytest"",
                ""-q"",
                ""tests/test_capability_external_code_repair_operator_v1.py""
              ]
            ],
            ""expected_signals"": [
              ""public_counterexample_passes"",
              ""hidden_transfer_case_passes"",
              ""no_broad_regression_gate_failure""
            ],
            ""name"": ""validate_merge_setting_user_agent_casefold""
          }
        },
        {
          ""family"": ""external_code_repair"",
          ""kind"": ""evaluator_mutation"",
          ""name"": ""merge_setting_user_agent_casefold_hidden_transfer_case"",
          ""rationale"": ""Add a held-out case that checks transfer beyond the public example."",
          ""target_surface"": ""shared/capability_benchmarks.py"",
          ""validation_plan"": {
            ""commands"": [
              [
                ""python"",
                ""-m"",
                ""pytest"",
                ""-q"",
                ""tests/test_capability_external_code_repair_operator_v1.py""
              ]
            ],
            ""expected_signals"": [
              ""public_counterexample_passes"",
              ""hidden_transfer_case_passes"",
              ""no_broad_regression_gate_failure""
            ],
            ""name"": ""validate_merge_setting_user_agent_casefold""
          }
        },
        {
          ""family"": ""external_code_repair"",
          ""kind"": ""counterexample_test"",
          ""name"": ""test_merge_setting_user_agent_casefold_counterexample"",
          ""rationale"": ""Lock the primitive with public and hidden transfer counterexamples."",
          ""target_surface"": ""tests/test_capability_external_code_repair_operator_v1.py"",
          ""validation_plan"": {
            ""commands"": [
              [
                ""python"",
                ""-m"",
                ""pytest"",
                ""-q"",
                ""tests/test_capability_external_code_repair_operator_v1.py""
              ]
            ],
            ""expected_signals"": [
              ""public_counterexample_passes"",
              ""hidden_transfer_case_passes"",
              ""no_broad_regression_gate_failure""
            ],
            ""name"": ""validate_merge_setting_user_agent_casefold""
          }
        }
      ],
      ""promoted"": false,
      ""quarantine"": false,
      ""started_at"": ""2026-06-03T12:51:07Z"",
      ""target_path"": ""shared/external_repair_target.py"",
      ""test_path"": ""tests/test_external_code_repair_task.py""
    }
  ],
  ""rollback"": true,
  ""solved_new_tasks"": 0,
  ""state_path"": ""/tmp/rsi_experiments_o8w6nkxd/external_requests_code_transfer_repo__external_requests_code_failure_fixture_query__agent_coding_loop__r15/.omega_rsi_runs/closed_rsi_state.json"",
  ""thdse_core_gate"": true,
  ""total_accepted"": 0,
  ""total_quarantine_exploration"": 0,
  ""total_rejected"": 1
}
",,external_code_unseen,psf/requests,Measure transfer on a sandbox fixture extracted from actual psf/requests source snippets and issue failure excerpts.,External code transfer succeeds when the loop repairs a local executable failure target derived from bounded psf/requests source and failure snippets.,0.449,0,0,2,1,0,0,python -m pytest -q,,True,b48e3091e9dd,415fc082cabab1b18e736a082c7c50d21acdb378768bffcd6b61ecd30d28b5b6,"{""buggy_source_path"": ""shared/external_repair_target.py"", ""buggy_source_sha256"": ""e091fb3f780565f4d258d4d5a3a72fc67a3f798249726053347dde4ea75d27a7"", ""copied_failure_fixture"": ""external_sandbox/failure_excerpt.txt"", ""copied_source_fixture"": ""external_sandbox/source_snippet.txt"", ""failing_test"": ""tests/test_external_code_repair_task.py::test_requests_header_none_removes_session_header_visible_case"", ""failure_excerpt_sha256"": ""3bd526e1c1acd6c1247d5c2bc5922ba0fe37bf52c329d978674044d6632ac2d2"", ""field_name"": ""external_requests_code_signals"", ""field_values"": [""merge_setting_none_header"", ""merge_setting"", ""merge_hooks"", ""src"", ""requests"", ""sessions"", ""session"", ""headers""], ""fixture_id"": ""external-code:psf/requests"", ""fixture_kind"": ""external_code_repair_transfer"", ""function_name"": ""merge_setting"", ""held_out_reference_sha256"": ""7e9ba034646362f98b516fa8e76957efa09aa4098fff9ee48fa67e1fbe61497d"", ""held_out_reference_span_sha256"": [""0da01aa1df1d7458d5c64fd7bdf8f3d2a71ae989e265aacd3c434f632585ce17""], ""hidden_counterexample_family"": ""requests_merge_setting_none_removal"", ""issue_task_id"": ""github:psf/requests#4965"", ""issue_title"": ""Request-level None headers should remove inherited session headers"", ""issue_url"": ""https://github.com/psf/requests/issues/1921"", ""ported_external_symbol"": ""requests.sessions.merge_setting"", ""quarantine_paths"": ["".external_code_quarantine/requests_merge_setting_reference.sha256""], ""repair_target"": ""shared/external_repair_target.py"", ""repair_test"": ""tests/test_external_code_repair_task.py"", ""safety_controls"": [""actual_buggy_source_excerpt"", ""bounded_source_excerpt"", ""bounded_failure_excerpt"", ""source_url_provenance"", ""disposable_repo_execution_only"", ""local_executable_repair_task"", ""quarantined_reference_fix_hash_only"", ""seeded_hidden_counterexamples_after_patch"", ""verbatim_reference_span_rejection"", ""quarantine_path_touch_rejection"", ""full_pytest_required""], ""source_commit_sha"": ""cd90742ed94d901759e26766197d0ce7c7bd9c8e"", ""source_file_path"": ""src/requests/sessions.py"", ""source_ref"": ""main"", ""source_repository"": ""psf/requests"", ""source_snippet_sha256"": ""4b0fdea45f0aca37fa69a3c0f4fd350134135ce7e397ecb311efc9eef0de04d9"", ""source_symbols"": [""merge_setting"", ""merge_hooks"", ""src"", ""requests"", ""sessions""], ""source_url"": ""https://raw.githubusercontent.com/psf/requests/main/src/requests/sessions.py""}",requests_merge_setting_none_removal,True
external_requests_code_transfer_repo,"Executable psf/requests merge_setting bug port with buggy source, visible failing test, quarantined reference hash, and hidden seed-derived cases.",external_requests_code_failure_fixture_query,evolutionary_repair_loop,baseline_evolutionary_repair_loop,Baseline: retry candidate repair loop with the same safety gates but without recursive quarantine search or persistent self-policy depth.,15,b48e3091e9dd,0,1.241,0,3,0.0,0,True,False,0,1.241,0,/tmp/rsi_experiments_o8w6nkxd/external_requests_code_transfer_repo__external_requests_code_failure_fixture_query__evolutionary_repair_loop__r15/.omega_rsi_runs/closed_rsi_summary.json,"""kind"": ""solver_primitive"",
          ""name"": ""merge_setting_visible_only"",
          ""rationale"": ""Reusable primitive for external_code_repair benchmark tasks."",
          ""target_surface"": ""shared/capability_primitives.py"",
          ""validation_plan"": {
            ""commands"": [
              [
                ""python"",
                ""-m"",
                ""pytest"",
                ""-q"",
                ""tests/test_capability_external_code_repair_operator_v1.py""
              ]
            ],
            ""expected_signals"": [
              ""public_counterexample_passes"",
              ""hidden_transfer_case_passes"",
              ""no_broad_regression_gate_failure""
            ],
            ""name"": ""validate_merge_setting_visible_only""
          }
        },
        {
          ""family"": ""external_code_repair"",
          ""kind"": ""search_heuristic"",
          ""name"": ""prefer_merge_setting_visible_only_reuse"",
          ""rationale"": ""Rank exact capability repair operators ahead of unrelated schema repairs."",
          ""target_surface"": ""scripts/closed_recursive_self_improvement_loop.py"",
          ""validation_plan"": {
            ""commands"": [
              [
                ""python"",
                ""-m"",
                ""pytest"",
                ""-q"",
                ""tests/test_capability_external_code_repair_operator_v1.py""
              ]
            ],
            ""expected_signals"": [
              ""public_counterexample_passes"",
              ""hidden_transfer_case_passes"",
              ""no_broad_regression_gate_failure""
            ],
            ""name"": ""validate_merge_setting_visible_only""
          }
        },
        {
          ""family"": ""external_code_repair"",
          ""kind"": ""evaluator_mutation"",
          ""name"": ""merge_setting_visible_only_hidden_transfer_case"",
          ""rationale"": ""Add a held-out case that checks transfer beyond the public example."",
          ""target_surface"": ""shared/capability_benchmarks.py"",
          ""validation_plan"": {
            ""commands"": [
              [
                ""python"",
                ""-m"",
                ""pytest"",
                ""-q"",
                ""tests/test_capability_external_code_repair_operator_v1.py""
              ]
            ],
            ""expected_signals"": [
              ""public_counterexample_passes"",
              ""hidden_transfer_case_passes"",
              ""no_broad_regression_gate_failure""
            ],
            ""name"": ""validate_merge_setting_visible_only""
          }
        },
        {
          ""family"": ""external_code_repair"",
          ""kind"": ""counterexample_test"",
          ""name"": ""test_merge_setting_visible_only_counterexample"",
          ""rationale"": ""Lock the primitive with public and hidden transfer counterexamples."",
          ""target_surface"": ""tests/test_capability_external_code_repair_operator_v1.py"",
          ""validation_plan"": {
            ""commands"": [
              [
                ""python"",
                ""-m"",
                ""pytest"",
                ""-q"",
                ""tests/test_capability_external_code_repair_operator_v1.py""
              ]
            ],
            ""expected_signals"": [
              ""public_counterexample_passes"",
              ""hidden_transfer_case_passes"",
              ""no_broad_regression_gate_failure""
            ],
            ""name"": ""validate_merge_setting_visible_only""
          }
        }
      ],
      ""promoted"": false,
      ""quarantine"": false,
      ""started_at"": ""2026-06-03T12:51:09Z"",
      ""target_path"": ""shared/external_repair_target.py"",
      ""test_path"": ""tests/test_external_code_repair_task.py""
    }
  ],
  ""rollback"": true,
  ""solved_new_tasks"": 0,
  ""state_path"": ""/tmp/rsi_experiments_o8w6nkxd/external_requests_code_transfer_repo__external_requests_code_failure_fixture_query__evolutionary_repair_loop__r15/.omega_rsi_runs/closed_rsi_state.json"",
  ""thdse_core_gate"": true,
  ""total_accepted"": 0,
  ""total_quarantine_exploration"": 0,
  ""total_rejected"": 3
}
",,external_code_unseen,psf/requests,Measure transfer on a sandbox fixture extracted from actual psf/requests source snippets and issue failure excerpts.,External code transfer succeeds when the loop repairs a local executable failure target derived from bounded psf/requests source and failure snippets.,1.347,0,0,6,3,0,0,python -m pytest -q,,True,b48e3091e9dd,d2df5b8d48d6483a6cfb7308d246015f83aa81d585b1c6d11b6c128116477fba,"{""buggy_source_path"": ""shared/external_repair_target.py"", ""buggy_source_sha256"": ""e091fb3f780565f4d258d4d5a3a72fc67a3f798249726053347dde4ea75d27a7"", ""copied_failure_fixture"": ""external_sandbox/failure_excerpt.txt"", ""copied_source_fixture"": ""external_sandbox/source_snippet.txt"", ""failing_test"": ""tests/test_external_code_repair_task.py::test_requests_header_none_removes_session_header_visible_case"", ""failure_excerpt_sha256"": ""3bd526e1c1acd6c1247d5c2bc5922ba0fe37bf52c329d978674044d6632ac2d2"", ""field_name"": ""external_requests_code_signals"", ""field_values"": [""merge_setting_none_header"", ""merge_setting"", ""merge_hooks"", ""src"", ""requests"", ""sessions"", ""session"", ""headers""], ""fixture_id"": ""external-code:psf/requests"", ""fixture_kind"": ""external_code_repair_transfer"", ""function_name"": ""merge_setting"", ""held_out_reference_sha256"": ""7e9ba034646362f98b516fa8e76957efa09aa4098fff9ee48fa67e1fbe61497d"", ""held_out_reference_span_sha256"": [""0da01aa1df1d7458d5c64fd7bdf8f3d2a71ae989e265aacd3c434f632585ce17""], ""hidden_counterexample_family"": ""requests_merge_setting_none_removal"", ""issue_task_id"": ""github:psf/requests#4965"", ""issue_title"": ""Request-level None headers should remove inherited session headers"", ""issue_url"": ""https://github.com/psf/requests/issues/1921"", ""ported_external_symbol"": ""requests.sessions.merge_setting"", ""quarantine_paths"": ["".external_code_quarantine/requests_merge_setting_reference.sha256""], ""repair_target"": ""shared/external_repair_target.py"", ""repair_test"": ""tests/test_external_code_repair_task.py"", ""safety_controls"": [""actual_buggy_source_excerpt"", ""bounded_source_excerpt"", ""bounded_failure_excerpt"", ""source_url_provenance"", ""disposable_repo_execution_only"", ""local_executable_repair_task"", ""quarantined_reference_fix_hash_only"", ""seeded_hidden_counterexamples_after_patch"", ""verbatim_reference_span_rejection"", ""quarantine_path_touch_rejection"", ""full_pytest_required""], ""source_commit_sha"": ""cd90742ed94d901759e26766197d0ce7c7bd9c8e"", ""source_file_path"": ""src/requests/sessions.py"", ""source_ref"": ""main"", ""source_repository"": ""psf/requests"", ""source_snippet_sha256"": ""4b0fdea45f0aca37fa69a3c0f4fd350134135ce7e397ecb311efc9eef0de04d9"", ""source_symbols"": [""merge_setting"", ""merge_hooks"", ""src"", ""requests"", ""sessions""], ""source_url"": ""https://raw.githubusercontent.com/psf/requests/main/src/requests/sessions.py""}",requests_merge_setting_none_removal,True
external_requests_code_transfer_repo,"Executable psf/requests merge_setting bug port with buggy source, visible failing test, quarantined reference hash, and hidden seed-derived cases.",external_requests_code_failure_fixture_query,ci_only_validation,baseline_ci_only,Baseline: run validation without candidate generation or code patching.,15,b48e3091e9dd,1,0.141,0,0,0.0,0,,False,0,0.141,0,/tmp/rsi_experiments_o8w6nkxd/external_requests_code_transfer_repo__external_requests_code_failure_fixture_query__ci_only_validation__r15/.omega_rsi_runs/closed_rsi_summary.json,"F                                                                        [100%]
=================================== FAILURES ===================================
________ test_requests_header_none_removes_session_header_visible_case _________

    def test_requests_header_none_removes_session_header_visible_case():
        failure_text = (Path.cwd() / ""external_sandbox"" / ""failure_excerpt.txt"").read_text(encoding=""utf-8"")
        session_headers = {""User-Agent"": ""session-agent"", ""Accept"": ""application/json""}
        request_headers = {""User-Agent"": None, ""Content-Type"": ""text/plain""}
    
        merged = merge_setting(request_headers, session_headers)
    
        assert failure_text
>       assert ""User-Agent"" not in merged
E       AssertionError: assert 'User-Agent' not in OrderedDict([('User-Agent', None), ('Accept', 'application/json'), ('Content-Type', 'text/plain')])

tests/test_external_code_repair_task.py:14: AssertionError
=========================== short test summary info ============================
FAILED tests/test_external_code_repair_task.py::test_requests_header_none_removes_session_header_visible_case - AssertionError: assert 'User-Agent' not in OrderedDict([('User-Agent', None), ('Accept', 'application/json'), ('Content-Type', 'text/plain')])
1 failed in 0.02s
",,external_code_unseen,psf/requests,Measure transfer on a sandbox fixture extracted from actual psf/requests source snippets and issue failure excerpts.,External code transfer succeeds when the loop repairs a local executable failure target derived from bounded psf/requests source and failure snippets.,0,0,0,0,0,0,0,python -m pytest -q,1,True,b48e3091e9dd,af1794e7f878b20b4236127e80b438e121678acd8cee072aa99d0026fffada9b,"{""buggy_source_path"": ""shared/external_repair_target.py"", ""buggy_source_sha256"": ""e091fb3f780565f4d258d4d5a3a72fc67a3f798249726053347dde4ea75d27a7"", ""copied_failure_fixture"": ""external_sandbox/failure_excerpt.txt"", ""copied_source_fixture"": ""external_sandbox/source_snippet.txt"", ""failing_test"": ""tests/test_external_code_repair_task.py::test_requests_header_none_removes_session_header_visible_case"", ""failure_excerpt_sha256"": ""3bd526e1c1acd6c1247d5c2bc5922ba0fe37bf52c329d978674044d6632ac2d2"", ""field_name"": ""external_requests_code_signals"", ""field_values"": [""merge_setting_none_header"", ""merge_setting"", ""merge_hooks"", ""src"", ""requests"", ""sessions"", ""session"", ""headers""], ""fixture_id"": ""external-code:psf/requests"", ""fixture_kind"": ""external_code_repair_transfer"", ""function_name"": ""merge_setting"", ""held_out_reference_sha256"": ""7e9ba034646362f98b516fa8e76957efa09aa4098fff9ee48fa67e1fbe61497d"", ""held_out_reference_span_sha256"": [""0da01aa1df1d7458d5c64fd7bdf8f3d2a71ae989e265aacd3c434f632585ce17""], ""hidden_counterexample_family"": ""requests_merge_setting_none_removal"", ""issue_task_id"": ""github:psf/requests#4965"", ""issue_title"": ""Request-level None headers should remove inherited session headers"", ""issue_url"": ""https://github.com/psf/requests/issues/1921"", ""ported_external_symbol"": ""requests.sessions.merge_setting"", ""quarantine_paths"": ["".external_code_quarantine/requests_merge_setting_reference.sha256""], ""repair_target"": ""shared/external_repair_target.py"", ""repair_test"": ""tests/test_external_code_repair_task.py"", ""safety_controls"": [""actual_buggy_source_excerpt"", ""bounded_source_excerpt"", ""bounded_failure_excerpt"", ""source_url_provenance"", ""disposable_repo_execution_only"", ""local_executable_repair_task"", ""quarantined_reference_fix_hash_only"", ""seeded_hidden_counterexamples_after_patch"", ""verbatim_reference_span_rejection"", ""quarantine_path_touch_rejection"", ""full_pytest_required""], ""source_commit_sha"": ""cd90742ed94d901759e26766197d0ce7c7bd9c8e"", ""source_file_path"": ""src/requests/sessions.py"", ""source_ref"": ""main"", ""source_repository"": ""psf/requests"", ""source_snippet_sha256"": ""4b0fdea45f0aca37fa69a3c0f4fd350134135ce7e397ecb311efc9eef0de04d9"", ""source_symbols"": [""merge_setting"", ""merge_hooks"", ""src"", ""requests"", ""sessions""], ""source_url"": ""https://raw.githubusercontent.com/psf/requests/main/src/requests/sessions.py""}",requests_merge_setting_none_removal,True
external_requests_code_transfer_repo,"Executable psf/requests merge_setting bug port with buggy source, visible failing test, quarantined reference hash, and hidden seed-derived cases.",external_requests_code_failure_fixture_query,verified_closed_loop,proposed,"Full loop: candidate generation, patching, rollback, persistence, root broad gate, and THDSE core gate.",16,8c0a1a350603,0,3.921,3,0,1.0,0,,True,3,3.921,5,/tmp/rsi_experiments_o8w6nkxd/external_requests_code_transfer_repo__external_requests_code_failure_fixture_query__verified_closed_loop__r16/.omega_rsi_runs/closed_rsi_summary.json,"   ""name"": ""records_with_import"",
          ""rationale"": ""Reusable primitive for schema_query_repair benchmark tasks."",
          ""target_surface"": ""shared/capability_primitives.py"",
          ""validation_plan"": {
            ""commands"": [
              [
                ""python"",
                ""-m"",
                ""pytest"",
                ""-q"",
                ""tests/test_capability_schema_query_repair_operator_v1.py""
              ]
            ],
            ""expected_signals"": [
              ""public_counterexample_passes"",
              ""hidden_transfer_case_passes"",
              ""no_broad_regression_gate_failure""
            ],
            ""name"": ""validate_records_with_import""
          }
        },
        {
          ""family"": ""schema_query_repair"",
          ""kind"": ""search_heuristic"",
          ""name"": ""prefer_records_with_import_reuse"",
          ""rationale"": ""Rank exact capability repair operators ahead of unrelated schema repairs."",
          ""target_surface"": ""scripts/closed_recursive_self_improvement_loop.py"",
          ""validation_plan"": {
            ""commands"": [
              [
                ""python"",
                ""-m"",
                ""pytest"",
                ""-q"",
                ""tests/test_capability_schema_query_repair_operator_v1.py""
              ]
            ],
            ""expected_signals"": [
              ""public_counterexample_passes"",
              ""hidden_transfer_case_passes"",
              ""no_broad_regression_gate_failure""
            ],
            ""name"": ""validate_records_with_import""
          }
        },
        {
          ""family"": ""schema_query_repair"",
          ""kind"": ""evaluator_mutation"",
          ""name"": ""records_with_import_hidden_transfer_case"",
          ""rationale"": ""Add a held-out case that checks transfer beyond the public example."",
          ""target_surface"": ""shared/capability_benchmarks.py"",
          ""validation_plan"": {
            ""commands"": [
              [
                ""python"",
                ""-m"",
                ""pytest"",
                ""-q"",
                ""tests/test_capability_schema_query_repair_operator_v1.py""
              ]
            ],
            ""expected_signals"": [
              ""public_counterexample_passes"",
              ""hidden_transfer_case_passes"",
              ""no_broad_regression_gate_failure""
            ],
            ""name"": ""validate_records_with_import""
          }
        },
        {
          ""family"": ""schema_query_repair"",
          ""kind"": ""counterexample_test"",
          ""name"": ""test_records_with_import_counterexample"",
          ""rationale"": ""Lock the primitive with public and hidden transfer counterexamples."",
          ""target_surface"": ""tests/test_capability_schema_query_repair_operator_v1.py"",
          ""validation_plan"": {
            ""commands"": [
              [
                ""python"",
                ""-m"",
                ""pytest"",
                ""-q"",
                ""tests/test_capability_schema_query_repair_operator_v1.py""
              ]
            ],
            ""expected_signals"": [
              ""public_counterexample_passes"",
              ""hidden_transfer_case_passes"",
              ""no_broad_regression_gate_failure""
            ],
            ""name"": ""validate_records_with_import""
          }
        }
      ],
      ""promoted"": false,
      ""quarantine"": true,
      ""started_at"": ""2026-06-03T12:51:12Z"",
      ""target_path"": ""shared/local_corpus.py"",
      ""test_path"": ""tests/test_emergent_local_corpus_imports_membership_v1.py""
    }
  ],
  ""quarantine_failure_residue_count"": 0,
  ""quarantine_max_depth"": 1,
  ""rejected_this_run"": [],
  ""rollback"": true,
  ""solved_new_tasks"": 0,
  ""state_path"": ""/tmp/rsi_experiments_o8w6nkxd/external_requests_code_transfer_repo__external_requests_code_failure_fixture_query__verified_closed_loop__r16/.omega_rsi_runs/closed_rsi_state.json"",
  ""thdse_core_gate"": true,
  ""total_accepted"": 3,
  ""total_quarantine_exploration"": 2,
  ""total_rejected"": 0
}
",,external_code_unseen,psf/requests,Measure transfer on a sandbox fixture extracted from actual psf/requests source snippets and issue failure excerpts.,External code transfer succeeds when the loop repairs a local executable failure target derived from bounded psf/requests source and failure snippets.,1.347,0,0,6,0,2,0,python -m pytest -q,0,True,8c0a1a350603,dbe5fe8b2a67dfaa8efd16fb39f8d1c18815ebaa815eba0c3a82a9a600467804,"{""buggy_source_path"": ""shared/external_repair_target.py"", ""buggy_source_sha256"": ""e091fb3f780565f4d258d4d5a3a72fc67a3f798249726053347dde4ea75d27a7"", ""copied_failure_fixture"": ""external_sandbox/failure_excerpt.txt"", ""copied_source_fixture"": ""external_sandbox/source_snippet.txt"", ""failing_test"": ""tests/test_external_code_repair_task.py::test_requests_header_none_removes_session_header_visible_case"", ""failure_excerpt_sha256"": ""3bd526e1c1acd6c1247d5c2bc5922ba0fe37bf52c329d978674044d6632ac2d2"", ""field_name"": ""external_requests_code_signals"", ""field_values"": [""merge_setting_none_header"", ""merge_setting"", ""merge_hooks"", ""src"", ""requests"", ""sessions"", ""session"", ""headers""], ""fixture_id"": ""external-code:psf/requests"", ""fixture_kind"": ""external_code_repair_transfer"", ""function_name"": ""merge_setting"", ""held_out_reference_sha256"": ""7e9ba034646362f98b516fa8e76957efa09aa4098fff9ee48fa67e1fbe61497d"", ""held_out_reference_span_sha256"": [""0da01aa1df1d7458d5c64fd7bdf8f3d2a71ae989e265aacd3c434f632585ce17""], ""hidden_counterexample_family"": ""requests_merge_setting_none_removal"", ""issue_task_id"": ""github:psf/requests#4965"", ""issue_title"": ""Request-level None headers should remove inherited session headers"", ""issue_url"": ""https://github.com/psf/requests/issues/1921"", ""ported_external_symbol"": ""requests.sessions.merge_setting"", ""quarantine_paths"": ["".external_code_quarantine/requests_merge_setting_reference.sha256""], ""repair_target"": ""shared/external_repair_target.py"", ""repair_test"": ""tests/test_external_code_repair_task.py"", ""safety_controls"": [""actual_buggy_source_excerpt"", ""bounded_source_excerpt"", ""bounded_failure_excerpt"", ""source_url_provenance"", ""disposable_repo_execution_only"", ""local_executable_repair_task"", ""quarantined_reference_fix_hash_only"", ""seeded_hidden_counterexamples_after_patch"", ""verbatim_reference_span_rejection"", ""quarantine_path_touch_rejection"", ""full_pytest_required""], ""source_commit_sha"": ""cd90742ed94d901759e26766197d0ce7c7bd9c8e"", ""source_file_path"": ""src/requests/sessions.py"", ""source_ref"": ""main"", ""source_repository"": ""psf/requests"", ""source_snippet_sha256"": ""4b0fdea45f0aca37fa69a3c0f4fd350134135ce7e397ecb311efc9eef0de04d9"", ""source_symbols"": [""merge_setting"", ""merge_hooks"", ""src"", ""requests"", ""sessions""], ""source_url"": ""https://raw.githubusercontent.com/psf/requests/main/src/requests/sessions.py""}",requests_merge_setting_none_removal,True
external_requests_code_transfer_repo,"Executable psf/requests merge_setting bug port with buggy source, visible failing test, quarantined reference hash, and hidden seed-derived cases.",external_requests_code_failure_fixture_query,agent_coding_loop,baseline_agent_coding_loop,Baseline: single-pass automated coding loop with validation but without persistent recursive depth.,16,8c0a1a350603,0,0.443,0,1,0.0,0,True,False,0,0.443,0,/tmp/rsi_experiments_o8w6nkxd/external_requests_code_transfer_repo__external_requests_code_failure_fixture_query__agent_coding_loop__r16/.omega_rsi_runs/closed_rsi_summary.json,"me"": ""merge_setting_visible_header_set"",
          ""rationale"": ""Reusable primitive for external_code_repair benchmark tasks."",
          ""target_surface"": ""shared/capability_primitives.py"",
          ""validation_plan"": {
            ""commands"": [
              [
                ""python"",
                ""-m"",
                ""pytest"",
                ""-q"",
                ""tests/test_capability_external_code_repair_operator_v1.py""
              ]
            ],
            ""expected_signals"": [
              ""public_counterexample_passes"",
              ""hidden_transfer_case_passes"",
              ""no_broad_regression_gate_failure""
            ],
            ""name"": ""validate_merge_setting_visible_header_set""
          }
        },
        {
          ""family"": ""external_code_repair"",
          ""kind"": ""search_heuristic"",
          ""name"": ""prefer_merge_setting_visible_header_set_reuse"",
          ""rationale"": ""Rank exact capability repair operators ahead of unrelated schema repairs."",
          ""target_surface"": ""scripts/closed_recursive_self_improvement_loop.py"",
          ""validation_plan"": {
            ""commands"": [
              [
                ""python"",
                ""-m"",
                ""pytest"",
                ""-q"",
                ""tests/test_capability_external_code_repair_operator_v1.py""
              ]
            ],
            ""expected_signals"": [
              ""public_counterexample_passes"",
              ""hidden_transfer_case_passes"",
              ""no_broad_regression_gate_failure""
            ],
            ""name"": ""validate_merge_setting_visible_header_set""
          }
        },
        {
          ""family"": ""external_code_repair"",
          ""kind"": ""evaluator_mutation"",
          ""name"": ""merge_setting_visible_header_set_hidden_transfer_case"",
          ""rationale"": ""Add a held-out case that checks transfer beyond the public example."",
          ""target_surface"": ""shared/capability_benchmarks.py"",
          ""validation_plan"": {
            ""commands"": [
              [
                ""python"",
                ""-m"",
                ""pytest"",
                ""-q"",
                ""tests/test_capability_external_code_repair_operator_v1.py""
              ]
            ],
            ""expected_signals"": [
              ""public_counterexample_passes"",
              ""hidden_transfer_case_passes"",
              ""no_broad_regression_gate_failure""
            ],
            ""name"": ""validate_merge_setting_visible_header_set""
          }
        },
        {
          ""family"": ""external_code_repair"",
          ""kind"": ""counterexample_test"",
          ""name"": ""test_merge_setting_visible_header_set_counterexample"",
          ""rationale"": ""Lock the primitive with public and hidden transfer counterexamples."",
          ""target_surface"": ""tests/test_capability_external_code_repair_operator_v1.py"",
          ""validation_plan"": {
            ""commands"": [
              [
                ""python"",
                ""-m"",
                ""pytest"",
                ""-q"",
                ""tests/test_capability_external_code_repair_operator_v1.py""
              ]
            ],
            ""expected_signals"": [
              ""public_counterexample_passes"",
              ""hidden_transfer_case_passes"",
              ""no_broad_regression_gate_failure""
            ],
            ""name"": ""validate_merge_setting_visible_header_set""
          }
        }
      ],
      ""promoted"": false,
      ""quarantine"": false,
      ""started_at"": ""2026-06-03T12:51:13Z"",
      ""target_path"": ""shared/external_repair_target.py"",
      ""test_path"": ""tests/test_external_code_repair_task.py""
    }
  ],
  ""rollback"": true,
  ""solved_new_tasks"": 0,
  ""state_path"": ""/tmp/rsi_experiments_o8w6nkxd/external_requests_code_transfer_repo__external_requests_code_failure_fixture_query__agent_coding_loop__r16/.omega_rsi_runs/closed_rsi_state.json"",
  ""thdse_core_gate"": true,
  ""total_accepted"": 0,
  ""total_quarantine_exploration"": 0,
  ""total_rejected"": 1
}
",,external_code_unseen,psf/requests,Measure transfer on a sandbox fixture extracted from actual psf/requests source snippets and issue failure excerpts.,External code transfer succeeds when the loop repairs a local executable failure target derived from bounded psf/requests source and failure snippets.,0.449,0,0,2,1,0,0,python -m pytest -q,,True,8c0a1a350603,2f1adc8ae3b2034d476a9c5719ef72d8ea352f4c843aeaa1ae47ccc61a4b37d1,"{""buggy_source_path"": ""shared/external_repair_target.py"", ""buggy_source_sha256"": ""e091fb3f780565f4d258d4d5a3a72fc67a3f798249726053347dde4ea75d27a7"", ""copied_failure_fixture"": ""external_sandbox/failure_excerpt.txt"", ""copied_source_fixture"": ""external_sandbox/source_snippet.txt"", ""failing_test"": ""tests/test_external_code_repair_task.py::test_requests_header_none_removes_session_header_visible_case"", ""failure_excerpt_sha256"": ""3bd526e1c1acd6c1247d5c2bc5922ba0fe37bf52c329d978674044d6632ac2d2"", ""field_name"": ""external_requests_code_signals"", ""field_values"": [""merge_setting_none_header"", ""merge_setting"", ""merge_hooks"", ""src"", ""requests"", ""sessions"", ""session"", ""headers""], ""fixture_id"": ""external-code:psf/requests"", ""fixture_kind"": ""external_code_repair_transfer"", ""function_name"": ""merge_setting"", ""held_out_reference_sha256"": ""7e9ba034646362f98b516fa8e76957efa09aa4098fff9ee48fa67e1fbe61497d"", ""held_out_reference_span_sha256"": [""0da01aa1df1d7458d5c64fd7bdf8f3d2a71ae989e265aacd3c434f632585ce17""], ""hidden_counterexample_family"": ""requests_merge_setting_none_removal"", ""issue_task_id"": ""github:psf/requests#4965"", ""issue_title"": ""Request-level None headers should remove inherited session headers"", ""issue_url"": ""https://github.com/psf/requests/issues/1921"", ""ported_external_symbol"": ""requests.sessions.merge_setting"", ""quarantine_paths"": ["".external_code_quarantine/requests_merge_setting_reference.sha256""], ""repair_target"": ""shared/external_repair_target.py"", ""repair_test"": ""tests/test_external_code_repair_task.py"", ""safety_controls"": [""actual_buggy_source_excerpt"", ""bounded_source_excerpt"", ""bounded_failure_excerpt"", ""source_url_provenance"", ""disposable_repo_execution_only"", ""local_executable_repair_task"", ""quarantined_reference_fix_hash_only"", ""seeded_hidden_counterexamples_after_patch"", ""verbatim_reference_span_rejection"", ""quarantine_path_touch_rejection"", ""full_pytest_required""], ""source_commit_sha"": ""cd90742ed94d901759e26766197d0ce7c7bd9c8e"", ""source_file_path"": ""src/requests/sessions.py"", ""source_ref"": ""main"", ""source_repository"": ""psf/requests"", ""source_snippet_sha256"": ""4b0fdea45f0aca37fa69a3c0f4fd350134135ce7e397ecb311efc9eef0de04d9"", ""source_symbols"": [""merge_setting"", ""merge_hooks"", ""src"", ""requests"", ""sessions""], ""source_url"": ""https://raw.githubusercontent.com/psf/requests/main/src/requests/sessions.py""}",requests_merge_setting_none_removal,True
external_requests_code_transfer_repo,"Executable psf/requests merge_setting bug port with buggy source, visible failing test, quarantined reference hash, and hidden seed-derived cases.",external_requests_code_failure_fixture_query,evolutionary_repair_loop,baseline_evolutionary_repair_loop,Baseline: retry candidate repair loop with the same safety gates but without recursive quarantine search or persistent self-policy depth.,16,8c0a1a350603,0,1.219,0,3,0.0,0,True,False,0,1.219,0,/tmp/rsi_experiments_o8w6nkxd/external_requests_code_transfer_repo__external_requests_code_failure_fixture_query__evolutionary_repair_loop__r16/.omega_rsi_runs/closed_rsi_summary.json,"air"",
          ""kind"": ""solver_primitive"",
          ""name"": ""merge_setting_empty_only"",
          ""rationale"": ""Reusable primitive for external_code_repair benchmark tasks."",
          ""target_surface"": ""shared/capability_primitives.py"",
          ""validation_plan"": {
            ""commands"": [
              [
                ""python"",
                ""-m"",
                ""pytest"",
                ""-q"",
                ""tests/test_capability_external_code_repair_operator_v1.py""
              ]
            ],
            ""expected_signals"": [
              ""public_counterexample_passes"",
              ""hidden_transfer_case_passes"",
              ""no_broad_regression_gate_failure""
            ],
            ""name"": ""validate_merge_setting_empty_only""
          }
        },
        {
          ""family"": ""external_code_repair"",
          ""kind"": ""search_heuristic"",
          ""name"": ""prefer_merge_setting_empty_only_reuse"",
          ""rationale"": ""Rank exact capability repair operators ahead of unrelated schema repairs."",
          ""target_surface"": ""scripts/closed_recursive_self_improvement_loop.py"",
          ""validation_plan"": {
            ""commands"": [
              [
                ""python"",
                ""-m"",
                ""pytest"",
                ""-q"",
                ""tests/test_capability_external_code_repair_operator_v1.py""
              ]
            ],
            ""expected_signals"": [
              ""public_counterexample_passes"",
              ""hidden_transfer_case_passes"",
              ""no_broad_regression_gate_failure""
            ],
            ""name"": ""validate_merge_setting_empty_only""
          }
        },
        {
          ""family"": ""external_code_repair"",
          ""kind"": ""evaluator_mutation"",
          ""name"": ""merge_setting_empty_only_hidden_transfer_case"",
          ""rationale"": ""Add a held-out case that checks transfer beyond the public example."",
          ""target_surface"": ""shared/capability_benchmarks.py"",
          ""validation_plan"": {
            ""commands"": [
              [
                ""python"",
                ""-m"",
                ""pytest"",
                ""-q"",
                ""tests/test_capability_external_code_repair_operator_v1.py""
              ]
            ],
            ""expected_signals"": [
              ""public_counterexample_passes"",
              ""hidden_transfer_case_passes"",
              ""no_broad_regression_gate_failure""
            ],
            ""name"": ""validate_merge_setting_empty_only""
          }
        },
        {
          ""family"": ""external_code_repair"",
          ""kind"": ""counterexample_test"",
          ""name"": ""test_merge_setting_empty_only_counterexample"",
          ""rationale"": ""Lock the primitive with public and hidden transfer counterexamples."",
          ""target_surface"": ""tests/test_capability_external_code_repair_operator_v1.py"",
          ""validation_plan"": {
            ""commands"": [
              [
                ""python"",
                ""-m"",
                ""pytest"",
                ""-q"",
                ""tests/test_capability_external_code_repair_operator_v1.py""
              ]
            ],
            ""expected_signals"": [
              ""public_counterexample_passes"",
              ""hidden_transfer_case_passes"",
              ""no_broad_regression_gate_failure""
            ],
            ""name"": ""validate_merge_setting_empty_only""
          }
        }
      ],
      ""promoted"": false,
      ""quarantine"": false,
      ""started_at"": ""2026-06-03T12:51:14Z"",
      ""target_path"": ""shared/external_repair_target.py"",
      ""test_path"": ""tests/test_external_code_repair_task.py""
    }
  ],
  ""rollback"": true,
  ""solved_new_tasks"": 0,
  ""state_path"": ""/tmp/rsi_experiments_o8w6nkxd/external_requests_code_transfer_repo__external_requests_code_failure_fixture_query__evolutionary_repair_loop__r16/.omega_rsi_runs/closed_rsi_state.json"",
  ""thdse_core_gate"": true,
  ""total_accepted"": 0,
  ""total_quarantine_exploration"": 0,
  ""total_rejected"": 3
}
",,external_code_unseen,psf/requests,Measure transfer on a sandbox fixture extracted from actual psf/requests source snippets and issue failure excerpts.,External code transfer succeeds when the loop repairs a local executable failure target derived from bounded psf/requests source and failure snippets.,1.347,0,0,6,3,0,0,python -m pytest -q,,True,8c0a1a350603,a303b695de1e2d98c270537cb97fa5f7f7aa90d55b8f275698a5a3e6be297d75,"{""buggy_source_path"": ""shared/external_repair_target.py"", ""buggy_source_sha256"": ""e091fb3f780565f4d258d4d5a3a72fc67a3f798249726053347dde4ea75d27a7"", ""copied_failure_fixture"": ""external_sandbox/failure_excerpt.txt"", ""copied_source_fixture"": ""external_sandbox/source_snippet.txt"", ""failing_test"": ""tests/test_external_code_repair_task.py::test_requests_header_none_removes_session_header_visible_case"", ""failure_excerpt_sha256"": ""3bd526e1c1acd6c1247d5c2bc5922ba0fe37bf52c329d978674044d6632ac2d2"", ""field_name"": ""external_requests_code_signals"", ""field_values"": [""merge_setting_none_header"", ""merge_setting"", ""merge_hooks"", ""src"", ""requests"", ""sessions"", ""session"", ""headers""], ""fixture_id"": ""external-code:psf/requests"", ""fixture_kind"": ""external_code_repair_transfer"", ""function_name"": ""merge_setting"", ""held_out_reference_sha256"": ""7e9ba034646362f98b516fa8e76957efa09aa4098fff9ee48fa67e1fbe61497d"", ""held_out_reference_span_sha256"": [""0da01aa1df1d7458d5c64fd7bdf8f3d2a71ae989e265aacd3c434f632585ce17""], ""hidden_counterexample_family"": ""requests_merge_setting_none_removal"", ""issue_task_id"": ""github:psf/requests#4965"", ""issue_title"": ""Request-level None headers should remove inherited session headers"", ""issue_url"": ""https://github.com/psf/requests/issues/1921"", ""ported_external_symbol"": ""requests.sessions.merge_setting"", ""quarantine_paths"": ["".external_code_quarantine/requests_merge_setting_reference.sha256""], ""repair_target"": ""shared/external_repair_target.py"", ""repair_test"": ""tests/test_external_code_repair_task.py"", ""safety_controls"": [""actual_buggy_source_excerpt"", ""bounded_source_excerpt"", ""bounded_failure_excerpt"", ""source_url_provenance"", ""disposable_repo_execution_only"", ""local_executable_repair_task"", ""quarantined_reference_fix_hash_only"", ""seeded_hidden_counterexamples_after_patch"", ""verbatim_reference_span_rejection"", ""quarantine_path_touch_rejection"", ""full_pytest_required""], ""source_commit_sha"": ""cd90742ed94d901759e26766197d0ce7c7bd9c8e"", ""source_file_path"": ""src/requests/sessions.py"", ""source_ref"": ""main"", ""source_repository"": ""psf/requests"", ""source_snippet_sha256"": ""4b0fdea45f0aca37fa69a3c0f4fd350134135ce7e397ecb311efc9eef0de04d9"", ""source_symbols"": [""merge_setting"", ""merge_hooks"", ""src"", ""requests"", ""sessions""], ""source_url"": ""https://raw.githubusercontent.com/psf/requests/main/src/requests/sessions.py""}",requests_merge_setting_none_removal,True
external_requests_code_transfer_repo,"Executable psf/requests merge_setting bug port with buggy source, visible failing test, quarantined reference hash, and hidden seed-derived cases.",external_requests_code_failure_fixture_query,ci_only_validation,baseline_ci_only,Baseline: run validation without candidate generation or code patching.,16,8c0a1a350603,1,0.126,0,0,0.0,0,,False,0,0.126,0,/tmp/rsi_experiments_o8w6nkxd/external_requests_code_transfer_repo__external_requests_code_failure_fixture_query__ci_only_validation__r16/.omega_rsi_runs/closed_rsi_summary.json,"F                                                                        [100%]
=================================== FAILURES ===================================
________ test_requests_header_none_removes_session_header_visible_case _________

    def test_requests_header_none_removes_session_header_visible_case():
        failure_text = (Path.cwd() / ""external_sandbox"" / ""failure_excerpt.txt"").read_text(encoding=""utf-8"")
        session_headers = {""User-Agent"": ""session-agent"", ""Accept"": ""application/json""}
        request_headers = {""User-Agent"": None, ""Content-Type"": ""text/plain""}
    
        merged = merge_setting(request_headers, session_headers)
    
        assert failure_text
>       assert ""User-Agent"" not in merged
E       AssertionError: assert 'User-Agent' not in OrderedDict([('User-Agent', None), ('Accept', 'application/json'), ('Content-Type', 'text/plain')])

tests/test_external_code_repair_task.py:14: AssertionError
=========================== short test summary info ============================
FAILED tests/test_external_code_repair_task.py::test_requests_header_none_removes_session_header_visible_case - AssertionError: assert 'User-Agent' not in OrderedDict([('User-Agent', None), ('Accept', 'application/json'), ('Content-Type', 'text/plain')])
1 failed in 0.01s
",,external_code_unseen,psf/requests,Measure transfer on a sandbox fixture extracted from actual psf/requests source snippets and issue failure excerpts.,External code transfer succeeds when the loop repairs a local executable failure target derived from bounded psf/requests source and failure snippets.,0,0,0,0,0,0,0,python -m pytest -q,1,True,8c0a1a350603,a7267054a6ec9d92558dc9dcf68e785e199c6f4b28d22136a059b1e7e161483f,"{""buggy_source_path"": ""shared/external_repair_target.py"", ""buggy_source_sha256"": ""e091fb3f780565f4d258d4d5a3a72fc67a3f798249726053347dde4ea75d27a7"", ""copied_failure_fixture"": ""external_sandbox/failure_excerpt.txt"", ""copied_source_fixture"": ""external_sandbox/source_snippet.txt"", ""failing_test"": ""tests/test_external_code_repair_task.py::test_requests_header_none_removes_session_header_visible_case"", ""failure_excerpt_sha256"": ""3bd526e1c1acd6c1247d5c2bc5922ba0fe37bf52c329d978674044d6632ac2d2"", ""field_name"": ""external_requests_code_signals"", ""field_values"": [""merge_setting_none_header"", ""merge_setting"", ""merge_hooks"", ""src"", ""requests"", ""sessions"", ""session"", ""headers""], ""fixture_id"": ""external-code:psf/requests"", ""fixture_kind"": ""external_code_repair_transfer"", ""function_name"": ""merge_setting"", ""held_out_reference_sha256"": ""7e9ba034646362f98b516fa8e76957efa09aa4098fff9ee48fa67e1fbe61497d"", ""held_out_reference_span_sha256"": [""0da01aa1df1d7458d5c64fd7bdf8f3d2a71ae989e265aacd3c434f632585ce17""], ""hidden_counterexample_family"": ""requests_merge_setting_none_removal"", ""issue_task_id"": ""github:psf/requests#4965"", ""issue_title"": ""Request-level None headers should remove inherited session headers"", ""issue_url"": ""https://github.com/psf/requests/issues/1921"", ""ported_external_symbol"": ""requests.sessions.merge_setting"", ""quarantine_paths"": ["".external_code_quarantine/requests_merge_setting_reference.sha256""], ""repair_target"": ""shared/external_repair_target.py"", ""repair_test"": ""tests/test_external_code_repair_task.py"", ""safety_controls"": [""actual_buggy_source_excerpt"", ""bounded_source_excerpt"", ""bounded_failure_excerpt"", ""source_url_provenance"", ""disposable_repo_execution_only"", ""local_executable_repair_task"", ""quarantined_reference_fix_hash_only"", ""seeded_hidden_counterexamples_after_patch"", ""verbatim_reference_span_rejection"", ""quarantine_path_touch_rejection"", ""full_pytest_required""], ""source_commit_sha"": ""cd90742ed94d901759e26766197d0ce7c7bd9c8e"", ""source_file_path"": ""src/requests/sessions.py"", ""source_ref"": ""main"", ""source_repository"": ""psf/requests"", ""source_snippet_sha256"": ""4b0fdea45f0aca37fa69a3c0f4fd350134135ce7e397ecb311efc9eef0de04d9"", ""source_symbols"": [""merge_setting"", ""merge_hooks"", ""src"", ""requests"", ""sessions""], ""source_url"": ""https://raw.githubusercontent.com/psf/requests/main/src/requests/sessions.py""}",requests_merge_setting_none_removal,True
external_requests_code_transfer_repo,"Executable psf/requests merge_setting bug port with buggy source, visible failing test, quarantined reference hash, and hidden seed-derived cases.",external_requests_code_failure_fixture_query,verified_closed_loop,proposed,"Full loop: candidate generation, patching, rollback, persistence, root broad gate, and THDSE core gate.",17,9bc27538d03a,0,4.258,3,1,0.75,0,,True,3,4.258,5,/tmp/rsi_experiments_o8w6nkxd/external_requests_code_transfer_repo__external_requests_code_failure_fixture_query__verified_closed_loop__r17/.omega_rsi_runs/closed_rsi_summary.json,"    ""kind"": ""solver_primitive"",
          ""name"": ""merge_setting_visible_only"",
          ""rationale"": ""Reusable primitive for external_code_repair benchmark tasks."",
          ""target_surface"": ""shared/capability_primitives.py"",
          ""validation_plan"": {
            ""commands"": [
              [
                ""python"",
                ""-m"",
                ""pytest"",
                ""-q"",
                ""tests/test_capability_external_code_repair_operator_v1.py""
              ]
            ],
            ""expected_signals"": [
              ""public_counterexample_passes"",
              ""hidden_transfer_case_passes"",
              ""no_broad_regression_gate_failure""
            ],
            ""name"": ""validate_merge_setting_visible_only""
          }
        },
        {
          ""family"": ""external_code_repair"",
          ""kind"": ""search_heuristic"",
          ""name"": ""prefer_merge_setting_visible_only_reuse"",
          ""rationale"": ""Rank exact capability repair operators ahead of unrelated schema repairs."",
          ""target_surface"": ""scripts/closed_recursive_self_improvement_loop.py"",
          ""validation_plan"": {
            ""commands"": [
              [
                ""python"",
                ""-m"",
                ""pytest"",
                ""-q"",
                ""tests/test_capability_external_code_repair_operator_v1.py""
              ]
            ],
            ""expected_signals"": [
              ""public_counterexample_passes"",
              ""hidden_transfer_case_passes"",
              ""no_broad_regression_gate_failure""
            ],
            ""name"": ""validate_merge_setting_visible_only""
          }
        },
        {
          ""family"": ""external_code_repair"",
          ""kind"": ""evaluator_mutation"",
          ""name"": ""merge_setting_visible_only_hidden_transfer_case"",
          ""rationale"": ""Add a held-out case that checks transfer beyond the public example."",
          ""target_surface"": ""shared/capability_benchmarks.py"",
          ""validation_plan"": {
            ""commands"": [
              [
                ""python"",
                ""-m"",
                ""pytest"",
                ""-q"",
                ""tests/test_capability_external_code_repair_operator_v1.py""
              ]
            ],
            ""expected_signals"": [
              ""public_counterexample_passes"",
              ""hidden_transfer_case_passes"",
              ""no_broad_regression_gate_failure""
            ],
            ""name"": ""validate_merge_setting_visible_only""
          }
        },
        {
          ""family"": ""external_code_repair"",
          ""kind"": ""counterexample_test"",
          ""name"": ""test_merge_setting_visible_only_counterexample"",
          ""rationale"": ""Lock the primitive with public and hidden transfer counterexamples."",
          ""target_surface"": ""tests/test_capability_external_code_repair_operator_v1.py"",
          ""validation_plan"": {
            ""commands"": [
              [
                ""python"",
                ""-m"",
                ""pytest"",
                ""-q"",
                ""tests/test_capability_external_code_repair_operator_v1.py""
              ]
            ],
            ""expected_signals"": [
              ""public_counterexample_passes"",
              ""hidden_transfer_case_passes"",
              ""no_broad_regression_gate_failure""
            ],
            ""name"": ""validate_merge_setting_visible_only""
          }
        }
      ],
      ""promoted"": false,
      ""quarantine"": false,
      ""started_at"": ""2026-06-03T12:51:15Z"",
      ""target_path"": ""shared/external_repair_target.py"",
      ""test_path"": ""tests/test_external_code_repair_task.py""
    }
  ],
  ""rollback"": true,
  ""solved_new_tasks"": 0,
  ""state_path"": ""/tmp/rsi_experiments_o8w6nkxd/external_requests_code_transfer_repo__external_requests_code_failure_fixture_query__verified_closed_loop__r17/.omega_rsi_runs/closed_rsi_state.json"",
  ""thdse_core_gate"": true,
  ""total_accepted"": 3,
  ""total_quarantine_exploration"": 2,
  ""total_rejected"": 1
}
",,external_code_unseen,psf/requests,Measure transfer on a sandbox fixture extracted from actual psf/requests source snippets and issue failure excerpts.,External code transfer succeeds when the loop repairs a local executable failure target derived from bounded psf/requests source and failure snippets.,1.796,0,0,8,1,2,0,python -m pytest -q,0,True,9bc27538d03a,5fafcd720d880b66ee6cc7b73b05475622d88dddac26e76599307dd32693a7a2,"{""buggy_source_path"": ""shared/external_repair_target.py"", ""buggy_source_sha256"": ""e091fb3f780565f4d258d4d5a3a72fc67a3f798249726053347dde4ea75d27a7"", ""copied_failure_fixture"": ""external_sandbox/failure_excerpt.txt"", ""copied_source_fixture"": ""external_sandbox/source_snippet.txt"", ""failing_test"": ""tests/test_external_code_repair_task.py::test_requests_header_none_removes_session_header_visible_case"", ""failure_excerpt_sha256"": ""3bd526e1c1acd6c1247d5c2bc5922ba0fe37bf52c329d978674044d6632ac2d2"", ""field_name"": ""external_requests_code_signals"", ""field_values"": [""merge_setting_none_header"", ""merge_setting"", ""merge_hooks"", ""src"", ""requests"", ""sessions"", ""session"", ""headers""], ""fixture_id"": ""external-code:psf/requests"", ""fixture_kind"": ""external_code_repair_transfer"", ""function_name"": ""merge_setting"", ""held_out_reference_sha256"": ""7e9ba034646362f98b516fa8e76957efa09aa4098fff9ee48fa67e1fbe61497d"", ""held_out_reference_span_sha256"": [""0da01aa1df1d7458d5c64fd7bdf8f3d2a71ae989e265aacd3c434f632585ce17""], ""hidden_counterexample_family"": ""requests_merge_setting_none_removal"", ""issue_task_id"": ""github:psf/requests#4965"", ""issue_title"": ""Request-level None headers should remove inherited session headers"", ""issue_url"": ""https://github.com/psf/requests/issues/1921"", ""ported_external_symbol"": ""requests.sessions.merge_setting"", ""quarantine_paths"": ["".external_code_quarantine/requests_merge_setting_reference.sha256""], ""repair_target"": ""shared/external_repair_target.py"", ""repair_test"": ""tests/test_external_code_repair_task.py"", ""safety_controls"": [""actual_buggy_source_excerpt"", ""bounded_source_excerpt"", ""bounded_failure_excerpt"", ""source_url_provenance"", ""disposable_repo_execution_only"", ""local_executable_repair_task"", ""quarantined_reference_fix_hash_only"", ""seeded_hidden_counterexamples_after_patch"", ""verbatim_reference_span_rejection"", ""quarantine_path_touch_rejection"", ""full_pytest_required""], ""source_commit_sha"": ""cd90742ed94d901759e26766197d0ce7c7bd9c8e"", ""source_file_path"": ""src/requests/sessions.py"", ""source_ref"": ""main"", ""source_repository"": ""psf/requests"", ""source_snippet_sha256"": ""4b0fdea45f0aca37fa69a3c0f4fd350134135ce7e397ecb311efc9eef0de04d9"", ""source_symbols"": [""merge_setting"", ""merge_hooks"", ""src"", ""requests"", ""sessions""], ""source_url"": ""https://raw.githubusercontent.com/psf/requests/main/src/requests/sessions.py""}",requests_merge_setting_none_removal,True
external_requests_code_transfer_repo,"Executable psf/requests merge_setting bug port with buggy source, visible failing test, quarantined reference hash, and hidden seed-derived cases.",external_requests_code_failure_fixture_query,agent_coding_loop,baseline_agent_coding_loop,Baseline: single-pass automated coding loop with validation but without persistent recursive depth.,17,9bc27538d03a,0,0.444,0,1,0.0,0,True,False,0,0.444,0,/tmp/rsi_experiments_o8w6nkxd/external_requests_code_transfer_repo__external_requests_code_failure_fixture_query__agent_coding_loop__r17/.omega_rsi_runs/closed_rsi_summary.json,"       ""kind"": ""solver_primitive"",
          ""name"": ""merge_setting_visible_only"",
          ""rationale"": ""Reusable primitive for external_code_repair benchmark tasks."",
          ""target_surface"": ""shared/capability_primitives.py"",
          ""validation_plan"": {
            ""commands"": [
              [
                ""python"",
                ""-m"",
                ""pytest"",
                ""-q"",
                ""tests/test_capability_external_code_repair_operator_v1.py""
              ]
            ],
            ""expected_signals"": [
              ""public_counterexample_passes"",
              ""hidden_transfer_case_passes"",
              ""no_broad_regression_gate_failure""
            ],
            ""name"": ""validate_merge_setting_visible_only""
          }
        },
        {
          ""family"": ""external_code_repair"",
          ""kind"": ""search_heuristic"",
          ""name"": ""prefer_merge_setting_visible_only_reuse"",
          ""rationale"": ""Rank exact capability repair operators ahead of unrelated schema repairs."",
          ""target_surface"": ""scripts/closed_recursive_self_improvement_loop.py"",
          ""validation_plan"": {
            ""commands"": [
              [
                ""python"",
                ""-m"",
                ""pytest"",
                ""-q"",
                ""tests/test_capability_external_code_repair_operator_v1.py""
              ]
            ],
            ""expected_signals"": [
              ""public_counterexample_passes"",
              ""hidden_transfer_case_passes"",
              ""no_broad_regression_gate_failure""
            ],
            ""name"": ""validate_merge_setting_visible_only""
          }
        },
        {
          ""family"": ""external_code_repair"",
          ""kind"": ""evaluator_mutation"",
          ""name"": ""merge_setting_visible_only_hidden_transfer_case"",
          ""rationale"": ""Add a held-out case that checks transfer beyond the public example."",
          ""target_surface"": ""shared/capability_benchmarks.py"",
          ""validation_plan"": {
            ""commands"": [
              [
                ""python"",
                ""-m"",
                ""pytest"",
                ""-q"",
                ""tests/test_capability_external_code_repair_operator_v1.py""
              ]
            ],
            ""expected_signals"": [
              ""public_counterexample_passes"",
              ""hidden_transfer_case_passes"",
              ""no_broad_regression_gate_failure""
            ],
            ""name"": ""validate_merge_setting_visible_only""
          }
        },
        {
          ""family"": ""external_code_repair"",
          ""kind"": ""counterexample_test"",
          ""name"": ""test_merge_setting_visible_only_counterexample"",
          ""rationale"": ""Lock the primitive with public and hidden transfer counterexamples."",
          ""target_surface"": ""tests/test_capability_external_code_repair_operator_v1.py"",
          ""validation_plan"": {
            ""commands"": [
              [
                ""python"",
                ""-m"",
                ""pytest"",
                ""-q"",
                ""tests/test_capability_external_code_repair_operator_v1.py""
              ]
            ],
            ""expected_signals"": [
              ""public_counterexample_passes"",
              ""hidden_transfer_case_passes"",
              ""no_broad_regression_gate_failure""
            ],
            ""name"": ""validate_merge_setting_visible_only""
          }
        }
      ],
      ""promoted"": false,
      ""quarantine"": false,
      ""started_at"": ""2026-06-03T12:51:19Z"",
      ""target_path"": ""shared/external_repair_target.py"",
      ""test_path"": ""tests/test_external_code_repair_task.py""
    }
  ],
  ""rollback"": true,
  ""solved_new_tasks"": 0,
  ""state_path"": ""/tmp/rsi_experiments_o8w6nkxd/external_requests_code_transfer_repo__external_requests_code_failure_fixture_query__agent_coding_loop__r17/.omega_rsi_runs/closed_rsi_state.json"",
  ""thdse_core_gate"": true,
  ""total_accepted"": 0,
  ""total_quarantine_exploration"": 0,
  ""total_rejected"": 1
}
",,external_code_unseen,psf/requests,Measure transfer on a sandbox fixture extracted from actual psf/requests source snippets and issue failure excerpts.,External code transfer succeeds when the loop repairs a local executable failure target derived from bounded psf/requests source and failure snippets.,0.449,0,0,2,1,0,0,python -m pytest -q,,True,9bc27538d03a,66d47124d612251f13bdeed98f689a8f4553c56201c70af7262c4924ede1ca03,"{""buggy_source_path"": ""shared/external_repair_target.py"", ""buggy_source_sha256"": ""e091fb3f780565f4d258d4d5a3a72fc67a3f798249726053347dde4ea75d27a7"", ""copied_failure_fixture"": ""external_sandbox/failure_excerpt.txt"", ""copied_source_fixture"": ""external_sandbox/source_snippet.txt"", ""failing_test"": ""tests/test_external_code_repair_task.py::test_requests_header_none_removes_session_header_visible_case"", ""failure_excerpt_sha256"": ""3bd526e1c1acd6c1247d5c2bc5922ba0fe37bf52c329d978674044d6632ac2d2"", ""field_name"": ""external_requests_code_signals"", ""field_values"": [""merge_setting_none_header"", ""merge_setting"", ""merge_hooks"", ""src"", ""requests"", ""sessions"", ""session"", ""headers""], ""fixture_id"": ""external-code:psf/requests"", ""fixture_kind"": ""external_code_repair_transfer"", ""function_name"": ""merge_setting"", ""held_out_reference_sha256"": ""7e9ba034646362f98b516fa8e76957efa09aa4098fff9ee48fa67e1fbe61497d"", ""held_out_reference_span_sha256"": [""0da01aa1df1d7458d5c64fd7bdf8f3d2a71ae989e265aacd3c434f632585ce17""], ""hidden_counterexample_family"": ""requests_merge_setting_none_removal"", ""issue_task_id"": ""github:psf/requests#4965"", ""issue_title"": ""Request-level None headers should remove inherited session headers"", ""issue_url"": ""https://github.com/psf/requests/issues/1921"", ""ported_external_symbol"": ""requests.sessions.merge_setting"", ""quarantine_paths"": ["".external_code_quarantine/requests_merge_setting_reference.sha256""], ""repair_target"": ""shared/external_repair_target.py"", ""repair_test"": ""tests/test_external_code_repair_task.py"", ""safety_controls"": [""actual_buggy_source_excerpt"", ""bounded_source_excerpt"", ""bounded_failure_excerpt"", ""source_url_provenance"", ""disposable_repo_execution_only"", ""local_executable_repair_task"", ""quarantined_reference_fix_hash_only"", ""seeded_hidden_counterexamples_after_patch"", ""verbatim_reference_span_rejection"", ""quarantine_path_touch_rejection"", ""full_pytest_required""], ""source_commit_sha"": ""cd90742ed94d901759e26766197d0ce7c7bd9c8e"", ""source_file_path"": ""src/requests/sessions.py"", ""source_ref"": ""main"", ""source_repository"": ""psf/requests"", ""source_snippet_sha256"": ""4b0fdea45f0aca37fa69a3c0f4fd350134135ce7e397ecb311efc9eef0de04d9"", ""source_symbols"": [""merge_setting"", ""merge_hooks"", ""src"", ""requests"", ""sessions""], ""source_url"": ""https://raw.githubusercontent.com/psf/requests/main/src/requests/sessions.py""}",requests_merge_setting_none_removal,True
external_requests_code_transfer_repo,"Executable psf/requests merge_setting bug port with buggy source, visible failing test, quarantined reference hash, and hidden seed-derived cases.",external_requests_code_failure_fixture_query,evolutionary_repair_loop,baseline_evolutionary_repair_loop,Baseline: retry candidate repair loop with the same safety gates but without recursive quarantine search or persistent self-policy depth.,17,9bc27538d03a,0,1.3,0,3,0.0,0,True,False,0,1.3,0,/tmp/rsi_experiments_o8w6nkxd/external_requests_code_transfer_repo__external_requests_code_failure_fixture_query__evolutionary_repair_loop__r17/.omega_rsi_runs/closed_rsi_summary.json,"erge_setting_visible_header_set"",
          ""rationale"": ""Reusable primitive for external_code_repair benchmark tasks."",
          ""target_surface"": ""shared/capability_primitives.py"",
          ""validation_plan"": {
            ""commands"": [
              [
                ""python"",
                ""-m"",
                ""pytest"",
                ""-q"",
                ""tests/test_capability_external_code_repair_operator_v1.py""
              ]
            ],
            ""expected_signals"": [
              ""public_counterexample_passes"",
              ""hidden_transfer_case_passes"",
              ""no_broad_regression_gate_failure""
            ],
            ""name"": ""validate_merge_setting_visible_header_set""
          }
        },
        {
          ""family"": ""external_code_repair"",
          ""kind"": ""search_heuristic"",
          ""name"": ""prefer_merge_setting_visible_header_set_reuse"",
          ""rationale"": ""Rank exact capability repair operators ahead of unrelated schema repairs."",
          ""target_surface"": ""scripts/closed_recursive_self_improvement_loop.py"",
          ""validation_plan"": {
            ""commands"": [
              [
                ""python"",
                ""-m"",
                ""pytest"",
                ""-q"",
                ""tests/test_capability_external_code_repair_operator_v1.py""
              ]
            ],
            ""expected_signals"": [
              ""public_counterexample_passes"",
              ""hidden_transfer_case_passes"",
              ""no_broad_regression_gate_failure""
            ],
            ""name"": ""validate_merge_setting_visible_header_set""
          }
        },
        {
          ""family"": ""external_code_repair"",
          ""kind"": ""evaluator_mutation"",
          ""name"": ""merge_setting_visible_header_set_hidden_transfer_case"",
          ""rationale"": ""Add a held-out case that checks transfer beyond the public example."",
          ""target_surface"": ""shared/capability_benchmarks.py"",
          ""validation_plan"": {
            ""commands"": [
              [
                ""python"",
                ""-m"",
                ""pytest"",
                ""-q"",
                ""tests/test_capability_external_code_repair_operator_v1.py""
              ]
            ],
            ""expected_signals"": [
              ""public_counterexample_passes"",
              ""hidden_transfer_case_passes"",
              ""no_broad_regression_gate_failure""
            ],
            ""name"": ""validate_merge_setting_visible_header_set""
          }
        },
        {
          ""family"": ""external_code_repair"",
          ""kind"": ""counterexample_test"",
          ""name"": ""test_merge_setting_visible_header_set_counterexample"",
          ""rationale"": ""Lock the primitive with public and hidden transfer counterexamples."",
          ""target_surface"": ""tests/test_capability_external_code_repair_operator_v1.py"",
          ""validation_plan"": {
            ""commands"": [
              [
                ""python"",
                ""-m"",
                ""pytest"",
                ""-q"",
                ""tests/test_capability_external_code_repair_operator_v1.py""
              ]
            ],
            ""expected_signals"": [
              ""public_counterexample_passes"",
              ""hidden_transfer_case_passes"",
              ""no_broad_regression_gate_failure""
            ],
            ""name"": ""validate_merge_setting_visible_header_set""
          }
        }
      ],
      ""promoted"": false,
      ""quarantine"": false,
      ""started_at"": ""2026-06-03T12:51:21Z"",
      ""target_path"": ""shared/external_repair_target.py"",
      ""test_path"": ""tests/test_external_code_repair_task.py""
    }
  ],
  ""rollback"": true,
  ""solved_new_tasks"": 0,
  ""state_path"": ""/tmp/rsi_experiments_o8w6nkxd/external_requests_code_transfer_repo__external_requests_code_failure_fixture_query__evolutionary_repair_loop__r17/.omega_rsi_runs/closed_rsi_state.json"",
  ""thdse_core_gate"": true,
  ""total_accepted"": 0,
  ""total_quarantine_exploration"": 0,
  ""total_rejected"": 3
}
",,external_code_unseen,psf/requests,Measure transfer on a sandbox fixture extracted from actual psf/requests source snippets and issue failure excerpts.,External code transfer succeeds when the loop repairs a local executable failure target derived from bounded psf/requests source and failure snippets.,1.347,0,0,6,3,0,0,python -m pytest -q,,True,9bc27538d03a,a40370cdc290215109c1600f1d8c79e3f2b2bb36024dfa33e5ab5a27df4e8956,"{""buggy_source_path"": ""shared/external_repair_target.py"", ""buggy_source_sha256"": ""e091fb3f780565f4d258d4d5a3a72fc67a3f798249726053347dde4ea75d27a7"", ""copied_failure_fixture"": ""external_sandbox/failure_excerpt.txt"", ""copied_source_fixture"": ""external_sandbox/source_snippet.txt"", ""failing_test"": ""tests/test_external_code_repair_task.py::test_requests_header_none_removes_session_header_visible_case"", ""failure_excerpt_sha256"": ""3bd526e1c1acd6c1247d5c2bc5922ba0fe37bf52c329d978674044d6632ac2d2"", ""field_name"": ""external_requests_code_signals"", ""field_values"": [""merge_setting_none_header"", ""merge_setting"", ""merge_hooks"", ""src"", ""requests"", ""sessions"", ""session"", ""headers""], ""fixture_id"": ""external-code:psf/requests"", ""fixture_kind"": ""external_code_repair_transfer"", ""function_name"": ""merge_setting"", ""held_out_reference_sha256"": ""7e9ba034646362f98b516fa8e76957efa09aa4098fff9ee48fa67e1fbe61497d"", ""held_out_reference_span_sha256"": [""0da01aa1df1d7458d5c64fd7bdf8f3d2a71ae989e265aacd3c434f632585ce17""], ""hidden_counterexample_family"": ""requests_merge_setting_none_removal"", ""issue_task_id"": ""github:psf/requests#4965"", ""issue_title"": ""Request-level None headers should remove inherited session headers"", ""issue_url"": ""https://github.com/psf/requests/issues/1921"", ""ported_external_symbol"": ""requests.sessions.merge_setting"", ""quarantine_paths"": ["".external_code_quarantine/requests_merge_setting_reference.sha256""], ""repair_target"": ""shared/external_repair_target.py"", ""repair_test"": ""tests/test_external_code_repair_task.py"", ""safety_controls"": [""actual_buggy_source_excerpt"", ""bounded_source_excerpt"", ""bounded_failure_excerpt"", ""source_url_provenance"", ""disposable_repo_execution_only"", ""local_executable_repair_task"", ""quarantined_reference_fix_hash_only"", ""seeded_hidden_counterexamples_after_patch"", ""verbatim_reference_span_rejection"", ""quarantine_path_touch_rejection"", ""full_pytest_required""], ""source_commit_sha"": ""cd90742ed94d901759e26766197d0ce7c7bd9c8e"", ""source_file_path"": ""src/requests/sessions.py"", ""source_ref"": ""main"", ""source_repository"": ""psf/requests"", ""source_snippet_sha256"": ""4b0fdea45f0aca37fa69a3c0f4fd350134135ce7e397ecb311efc9eef0de04d9"", ""source_symbols"": [""merge_setting"", ""merge_hooks"", ""src"", ""requests"", ""sessions""], ""source_url"": ""https://raw.githubusercontent.com/psf/requests/main/src/requests/sessions.py""}",requests_merge_setting_none_removal,True
external_requests_code_transfer_repo,"Executable psf/requests merge_setting bug port with buggy source, visible failing test, quarantined reference hash, and hidden seed-derived cases.",external_requests_code_failure_fixture_query,ci_only_validation,baseline_ci_only,Baseline: run validation without candidate generation or code patching.,17,9bc27538d03a,1,0.127,0,0,0.0,0,,False,0,0.127,0,/tmp/rsi_experiments_o8w6nkxd/external_requests_code_transfer_repo__external_requests_code_failure_fixture_query__ci_only_validation__r17/.omega_rsi_runs/closed_rsi_summary.json,"F                                                                        [100%]
=================================== FAILURES ===================================
________ test_requests_header_none_removes_session_header_visible_case _________

    def test_requests_header_none_removes_session_header_visible_case():
        failure_text = (Path.cwd() / ""external_sandbox"" / ""failure_excerpt.txt"").read_text(encoding=""utf-8"")
        session_headers = {""User-Agent"": ""session-agent"", ""Accept"": ""application/json""}
        request_headers = {""User-Agent"": None, ""Content-Type"": ""text/plain""}
    
        merged = merge_setting(request_headers, session_headers)
    
        assert failure_text
>       assert ""User-Agent"" not in merged
E       AssertionError: assert 'User-Agent' not in OrderedDict([('User-Agent', None), ('Accept', 'application/json'), ('Content-Type', 'text/plain')])

tests/test_external_code_repair_task.py:14: AssertionError
=========================== short test summary info ============================
FAILED tests/test_external_code_repair_task.py::test_requests_header_none_removes_session_header_visible_case - AssertionError: assert 'User-Agent' not in OrderedDict([('User-Agent', None), ('Accept', 'application/json'), ('Content-Type', 'text/plain')])
1 failed in 0.01s
",,external_code_unseen,psf/requests,Measure transfer on a sandbox fixture extracted from actual psf/requests source snippets and issue failure excerpts.,External code transfer succeeds when the loop repairs a local executable failure target derived from bounded psf/requests source and failure snippets.,0,0,0,0,0,0,0,python -m pytest -q,1,True,9bc27538d03a,4a94efd7a61093adea339687b6b169177d1ebce4abebb329c706d4eb3bbf5275,"{""buggy_source_path"": ""shared/external_repair_target.py"", ""buggy_source_sha256"": ""e091fb3f780565f4d258d4d5a3a72fc67a3f798249726053347dde4ea75d27a7"", ""copied_failure_fixture"": ""external_sandbox/failure_excerpt.txt"", ""copied_source_fixture"": ""external_sandbox/source_snippet.txt"", ""failing_test"": ""tests/test_external_code_repair_task.py::test_requests_header_none_removes_session_header_visible_case"", ""failure_excerpt_sha256"": ""3bd526e1c1acd6c1247d5c2bc5922ba0fe37bf52c329d978674044d6632ac2d2"", ""field_name"": ""external_requests_code_signals"", ""field_values"": [""merge_setting_none_header"", ""merge_setting"", ""merge_hooks"", ""src"", ""requests"", ""sessions"", ""session"", ""headers""], ""fixture_id"": ""external-code:psf/requests"", ""fixture_kind"": ""external_code_repair_transfer"", ""function_name"": ""merge_setting"", ""held_out_reference_sha256"": ""7e9ba034646362f98b516fa8e76957efa09aa4098fff9ee48fa67e1fbe61497d"", ""held_out_reference_span_sha256"": [""0da01aa1df1d7458d5c64fd7bdf8f3d2a71ae989e265aacd3c434f632585ce17""], ""hidden_counterexample_family"": ""requests_merge_setting_none_removal"", ""issue_task_id"": ""github:psf/requests#4965"", ""issue_title"": ""Request-level None headers should remove inherited session headers"", ""issue_url"": ""https://github.com/psf/requests/issues/1921"", ""ported_external_symbol"": ""requests.sessions.merge_setting"", ""quarantine_paths"": ["".external_code_quarantine/requests_merge_setting_reference.sha256""], ""repair_target"": ""shared/external_repair_target.py"", ""repair_test"": ""tests/test_external_code_repair_task.py"", ""safety_controls"": [""actual_buggy_source_excerpt"", ""bounded_source_excerpt"", ""bounded_failure_excerpt"", ""source_url_provenance"", ""disposable_repo_execution_only"", ""local_executable_repair_task"", ""quarantined_reference_fix_hash_only"", ""seeded_hidden_counterexamples_after_patch"", ""verbatim_reference_span_rejection"", ""quarantine_path_touch_rejection"", ""full_pytest_required""], ""source_commit_sha"": ""cd90742ed94d901759e26766197d0ce7c7bd9c8e"", ""source_file_path"": ""src/requests/sessions.py"", ""source_ref"": ""main"", ""source_repository"": ""psf/requests"", ""source_snippet_sha256"": ""4b0fdea45f0aca37fa69a3c0f4fd350134135ce7e397ecb311efc9eef0de04d9"", ""source_symbols"": [""merge_setting"", ""merge_hooks"", ""src"", ""requests"", ""sessions""], ""source_url"": ""https://raw.githubusercontent.com/psf/requests/main/src/requests/sessions.py""}",requests_merge_setting_none_removal,True
external_requests_code_transfer_repo,"Executable psf/requests merge_setting bug port with buggy source, visible failing test, quarantined reference hash, and hidden seed-derived cases.",external_requests_code_failure_fixture_query,verified_closed_loop,proposed,"Full loop: candidate generation, patching, rollback, persistence, root broad gate, and THDSE core gate.",18,281f210d81e5,0,4.0,0,3,0.0,0,True,True,0,4.0,0,/tmp/rsi_experiments_o8w6nkxd/external_requests_code_transfer_repo__external_requests_code_failure_fixture_query__verified_closed_loop__r18/.omega_rsi_runs/closed_rsi_summary.json,"_repair"",
          ""kind"": ""solver_primitive"",
          ""name"": ""merge_setting_empty_only"",
          ""rationale"": ""Reusable primitive for external_code_repair benchmark tasks."",
          ""target_surface"": ""shared/capability_primitives.py"",
          ""validation_plan"": {
            ""commands"": [
              [
                ""python"",
                ""-m"",
                ""pytest"",
                ""-q"",
                ""tests/test_capability_external_code_repair_operator_v1.py""
              ]
            ],
            ""expected_signals"": [
              ""public_counterexample_passes"",
              ""hidden_transfer_case_passes"",
              ""no_broad_regression_gate_failure""
            ],
            ""name"": ""validate_merge_setting_empty_only""
          }
        },
        {
          ""family"": ""external_code_repair"",
          ""kind"": ""search_heuristic"",
          ""name"": ""prefer_merge_setting_empty_only_reuse"",
          ""rationale"": ""Rank exact capability repair operators ahead of unrelated schema repairs."",
          ""target_surface"": ""scripts/closed_recursive_self_improvement_loop.py"",
          ""validation_plan"": {
            ""commands"": [
              [
                ""python"",
                ""-m"",
                ""pytest"",
                ""-q"",
                ""tests/test_capability_external_code_repair_operator_v1.py""
              ]
            ],
            ""expected_signals"": [
              ""public_counterexample_passes"",
              ""hidden_transfer_case_passes"",
              ""no_broad_regression_gate_failure""
            ],
            ""name"": ""validate_merge_setting_empty_only""
          }
        },
        {
          ""family"": ""external_code_repair"",
          ""kind"": ""evaluator_mutation"",
          ""name"": ""merge_setting_empty_only_hidden_transfer_case"",
          ""rationale"": ""Add a held-out case that checks transfer beyond the public example."",
          ""target_surface"": ""shared/capability_benchmarks.py"",
          ""validation_plan"": {
            ""commands"": [
              [
                ""python"",
                ""-m"",
                ""pytest"",
                ""-q"",
                ""tests/test_capability_external_code_repair_operator_v1.py""
              ]
            ],
            ""expected_signals"": [
              ""public_counterexample_passes"",
              ""hidden_transfer_case_passes"",
              ""no_broad_regression_gate_failure""
            ],
            ""name"": ""validate_merge_setting_empty_only""
          }
        },
        {
          ""family"": ""external_code_repair"",
          ""kind"": ""counterexample_test"",
          ""name"": ""test_merge_setting_empty_only_counterexample"",
          ""rationale"": ""Lock the primitive with public and hidden transfer counterexamples."",
          ""target_surface"": ""tests/test_capability_external_code_repair_operator_v1.py"",
          ""validation_plan"": {
            ""commands"": [
              [
                ""python"",
                ""-m"",
                ""pytest"",
                ""-q"",
                ""tests/test_capability_external_code_repair_operator_v1.py""
              ]
            ],
            ""expected_signals"": [
              ""public_counterexample_passes"",
              ""hidden_transfer_case_passes"",
              ""no_broad_regression_gate_failure""
            ],
            ""name"": ""validate_merge_setting_empty_only""
          }
        }
      ],
      ""promoted"": false,
      ""quarantine"": false,
      ""started_at"": ""2026-06-03T12:51:22Z"",
      ""target_path"": ""shared/external_repair_target.py"",
      ""test_path"": ""tests/test_external_code_repair_task.py""
    }
  ],
  ""rollback"": true,
  ""solved_new_tasks"": 0,
  ""state_path"": ""/tmp/rsi_experiments_o8w6nkxd/external_requests_code_transfer_repo__external_requests_code_failure_fixture_query__verified_closed_loop__r18/.omega_rsi_runs/closed_rsi_state.json"",
  ""thdse_core_gate"": true,
  ""total_accepted"": 0,
  ""total_quarantine_exploration"": 6,
  ""total_rejected"": 3
}
",,external_code_unseen,psf/requests,Measure transfer on a sandbox fixture extracted from actual psf/requests source snippets and issue failure excerpts.,External code transfer succeeds when the loop repairs a local executable failure target derived from bounded psf/requests source and failure snippets.,1.347,0,0,6,3,6,6,python -m pytest -q,,True,281f210d81e5,5e71d57613a2bfba3e7e7e8ce876a06587943bdd1173c300b48d132de037a413,"{""buggy_source_path"": ""shared/external_repair_target.py"", ""buggy_source_sha256"": ""e091fb3f780565f4d258d4d5a3a72fc67a3f798249726053347dde4ea75d27a7"", ""copied_failure_fixture"": ""external_sandbox/failure_excerpt.txt"", ""copied_source_fixture"": ""external_sandbox/source_snippet.txt"", ""failing_test"": ""tests/test_external_code_repair_task.py::test_requests_header_none_removes_session_header_visible_case"", ""failure_excerpt_sha256"": ""3bd526e1c1acd6c1247d5c2bc5922ba0fe37bf52c329d978674044d6632ac2d2"", ""field_name"": ""external_requests_code_signals"", ""field_values"": [""merge_setting_none_header"", ""merge_setting"", ""merge_hooks"", ""src"", ""requests"", ""sessions"", ""session"", ""headers""], ""fixture_id"": ""external-code:psf/requests"", ""fixture_kind"": ""external_code_repair_transfer"", ""function_name"": ""merge_setting"", ""held_out_reference_sha256"": ""7e9ba034646362f98b516fa8e76957efa09aa4098fff9ee48fa67e1fbe61497d"", ""held_out_reference_span_sha256"": [""0da01aa1df1d7458d5c64fd7bdf8f3d2a71ae989e265aacd3c434f632585ce17""], ""hidden_counterexample_family"": ""requests_merge_setting_none_removal"", ""issue_task_id"": ""github:psf/requests#4965"", ""issue_title"": ""Request-level None headers should remove inherited session headers"", ""issue_url"": ""https://github.com/psf/requests/issues/1921"", ""ported_external_symbol"": ""requests.sessions.merge_setting"", ""quarantine_paths"": ["".external_code_quarantine/requests_merge_setting_reference.sha256""], ""repair_target"": ""shared/external_repair_target.py"", ""repair_test"": ""tests/test_external_code_repair_task.py"", ""safety_controls"": [""actual_buggy_source_excerpt"", ""bounded_source_excerpt"", ""bounded_failure_excerpt"", ""source_url_provenance"", ""disposable_repo_execution_only"", ""local_executable_repair_task"", ""quarantined_reference_fix_hash_only"", ""seeded_hidden_counterexamples_after_patch"", ""verbatim_reference_span_rejection"", ""quarantine_path_touch_rejection"", ""full_pytest_required""], ""source_commit_sha"": ""cd90742ed94d901759e26766197d0ce7c7bd9c8e"", ""source_file_path"": ""src/requests/sessions.py"", ""source_ref"": ""main"", ""source_repository"": ""psf/requests"", ""source_snippet_sha256"": ""4b0fdea45f0aca37fa69a3c0f4fd350134135ce7e397ecb311efc9eef0de04d9"", ""source_symbols"": [""merge_setting"", ""merge_hooks"", ""src"", ""requests"", ""sessions""], ""source_url"": ""https://raw.githubusercontent.com/psf/requests/main/src/requests/sessions.py""}",requests_merge_setting_none_removal,True
external_requests_code_transfer_repo,"Executable psf/requests merge_setting bug port with buggy source, visible failing test, quarantined reference hash, and hidden seed-derived cases.",external_requests_code_failure_fixture_query,agent_coding_loop,baseline_agent_coding_loop,Baseline: single-pass automated coding loop with validation but without persistent recursive depth.,18,281f210d81e5,0,0.44,0,1,0.0,0,True,False,0,0.44,0,/tmp/rsi_experiments_o8w6nkxd/external_requests_code_transfer_repo__external_requests_code_failure_fixture_query__agent_coding_loop__r18/.omega_rsi_runs/closed_rsi_summary.json,"       ""kind"": ""solver_primitive"",
          ""name"": ""merge_setting_visible_only"",
          ""rationale"": ""Reusable primitive for external_code_repair benchmark tasks."",
          ""target_surface"": ""shared/capability_primitives.py"",
          ""validation_plan"": {
            ""commands"": [
              [
                ""python"",
                ""-m"",
                ""pytest"",
                ""-q"",
                ""tests/test_capability_external_code_repair_operator_v1.py""
              ]
            ],
            ""expected_signals"": [
              ""public_counterexample_passes"",
              ""hidden_transfer_case_passes"",
              ""no_broad_regression_gate_failure""
            ],
            ""name"": ""validate_merge_setting_visible_only""
          }
        },
        {
          ""family"": ""external_code_repair"",
          ""kind"": ""search_heuristic"",
          ""name"": ""prefer_merge_setting_visible_only_reuse"",
          ""rationale"": ""Rank exact capability repair operators ahead of unrelated schema repairs."",
          ""target_surface"": ""scripts/closed_recursive_self_improvement_loop.py"",
          ""validation_plan"": {
            ""commands"": [
              [
                ""python"",
                ""-m"",
                ""pytest"",
                ""-q"",
                ""tests/test_capability_external_code_repair_operator_v1.py""
              ]
            ],
            ""expected_signals"": [
              ""public_counterexample_passes"",
              ""hidden_transfer_case_passes"",
              ""no_broad_regression_gate_failure""
            ],
            ""name"": ""validate_merge_setting_visible_only""
          }
        },
        {
          ""family"": ""external_code_repair"",
          ""kind"": ""evaluator_mutation"",
          ""name"": ""merge_setting_visible_only_hidden_transfer_case"",
          ""rationale"": ""Add a held-out case that checks transfer beyond the public example."",
          ""target_surface"": ""shared/capability_benchmarks.py"",
          ""validation_plan"": {
            ""commands"": [
              [
                ""python"",
                ""-m"",
                ""pytest"",
                ""-q"",
                ""tests/test_capability_external_code_repair_operator_v1.py""
              ]
            ],
            ""expected_signals"": [
              ""public_counterexample_passes"",
              ""hidden_transfer_case_passes"",
              ""no_broad_regression_gate_failure""
            ],
            ""name"": ""validate_merge_setting_visible_only""
          }
        },
        {
          ""family"": ""external_code_repair"",
          ""kind"": ""counterexample_test"",
          ""name"": ""test_merge_setting_visible_only_counterexample"",
          ""rationale"": ""Lock the primitive with public and hidden transfer counterexamples."",
          ""target_surface"": ""tests/test_capability_external_code_repair_operator_v1.py"",
          ""validation_plan"": {
            ""commands"": [
              [
                ""python"",
                ""-m"",
                ""pytest"",
                ""-q"",
                ""tests/test_capability_external_code_repair_operator_v1.py""
              ]
            ],
            ""expected_signals"": [
              ""public_counterexample_passes"",
              ""hidden_transfer_case_passes"",
              ""no_broad_regression_gate_failure""
            ],
            ""name"": ""validate_merge_setting_visible_only""
          }
        }
      ],
      ""promoted"": false,
      ""quarantine"": false,
      ""started_at"": ""2026-06-03T12:51:25Z"",
      ""target_path"": ""shared/external_repair_target.py"",
      ""test_path"": ""tests/test_external_code_repair_task.py""
    }
  ],
  ""rollback"": true,
  ""solved_new_tasks"": 0,
  ""state_path"": ""/tmp/rsi_experiments_o8w6nkxd/external_requests_code_transfer_repo__external_requests_code_failure_fixture_query__agent_coding_loop__r18/.omega_rsi_runs/closed_rsi_state.json"",
  ""thdse_core_gate"": true,
  ""total_accepted"": 0,
  ""total_quarantine_exploration"": 0,
  ""total_rejected"": 1
}
",,external_code_unseen,psf/requests,Measure transfer on a sandbox fixture extracted from actual psf/requests source snippets and issue failure excerpts.,External code transfer succeeds when the loop repairs a local executable failure target derived from bounded psf/requests source and failure snippets.,0.449,0,0,2,1,0,0,python -m pytest -q,,True,281f210d81e5,046b639aa1fa7073c7fd5e00eae5ab741656d4af74cd17543d55f3e4d1552d39,"{""buggy_source_path"": ""shared/external_repair_target.py"", ""buggy_source_sha256"": ""e091fb3f780565f4d258d4d5a3a72fc67a3f798249726053347dde4ea75d27a7"", ""copied_failure_fixture"": ""external_sandbox/failure_excerpt.txt"", ""copied_source_fixture"": ""external_sandbox/source_snippet.txt"", ""failing_test"": ""tests/test_external_code_repair_task.py::test_requests_header_none_removes_session_header_visible_case"", ""failure_excerpt_sha256"": ""3bd526e1c1acd6c1247d5c2bc5922ba0fe37bf52c329d978674044d6632ac2d2"", ""field_name"": ""external_requests_code_signals"", ""field_values"": [""merge_setting_none_header"", ""merge_setting"", ""merge_hooks"", ""src"", ""requests"", ""sessions"", ""session"", ""headers""], ""fixture_id"": ""external-code:psf/requests"", ""fixture_kind"": ""external_code_repair_transfer"", ""function_name"": ""merge_setting"", ""held_out_reference_sha256"": ""7e9ba034646362f98b516fa8e76957efa09aa4098fff9ee48fa67e1fbe61497d"", ""held_out_reference_span_sha256"": [""0da01aa1df1d7458d5c64fd7bdf8f3d2a71ae989e265aacd3c434f632585ce17""], ""hidden_counterexample_family"": ""requests_merge_setting_none_removal"", ""issue_task_id"": ""github:psf/requests#4965"", ""issue_title"": ""Request-level None headers should remove inherited session headers"", ""issue_url"": ""https://github.com/psf/requests/issues/1921"", ""ported_external_symbol"": ""requests.sessions.merge_setting"", ""quarantine_paths"": ["".external_code_quarantine/requests_merge_setting_reference.sha256""], ""repair_target"": ""shared/external_repair_target.py"", ""repair_test"": ""tests/test_external_code_repair_task.py"", ""safety_controls"": [""actual_buggy_source_excerpt"", ""bounded_source_excerpt"", ""bounded_failure_excerpt"", ""source_url_provenance"", ""disposable_repo_execution_only"", ""local_executable_repair_task"", ""quarantined_reference_fix_hash_only"", ""seeded_hidden_counterexamples_after_patch"", ""verbatim_reference_span_rejection"", ""quarantine_path_touch_rejection"", ""full_pytest_required""], ""source_commit_sha"": ""cd90742ed94d901759e26766197d0ce7c7bd9c8e"", ""source_file_path"": ""src/requests/sessions.py"", ""source_ref"": ""main"", ""source_repository"": ""psf/requests"", ""source_snippet_sha256"": ""4b0fdea45f0aca37fa69a3c0f4fd350134135ce7e397ecb311efc9eef0de04d9"", ""source_symbols"": [""merge_setting"", ""merge_hooks"", ""src"", ""requests"", ""sessions""], ""source_url"": ""https://raw.githubusercontent.com/psf/requests/main/src/requests/sessions.py""}",requests_merge_setting_none_removal,True
external_requests_code_transfer_repo,"Executable psf/requests merge_setting bug port with buggy source, visible failing test, quarantined reference hash, and hidden seed-derived cases.",external_requests_code_failure_fixture_query,evolutionary_repair_loop,baseline_evolutionary_repair_loop,Baseline: retry candidate repair loop with the same safety gates but without recursive quarantine search or persistent self-policy depth.,18,281f210d81e5,0,1.246,0,3,0.0,0,True,False,0,1.246,0,/tmp/rsi_experiments_o8w6nkxd/external_requests_code_transfer_repo__external_requests_code_failure_fixture_query__evolutionary_repair_loop__r18/.omega_rsi_runs/closed_rsi_summary.json,"air"",
          ""kind"": ""solver_primitive"",
          ""name"": ""merge_setting_empty_only"",
          ""rationale"": ""Reusable primitive for external_code_repair benchmark tasks."",
          ""target_surface"": ""shared/capability_primitives.py"",
          ""validation_plan"": {
            ""commands"": [
              [
                ""python"",
                ""-m"",
                ""pytest"",
                ""-q"",
                ""tests/test_capability_external_code_repair_operator_v1.py""
              ]
            ],
            ""expected_signals"": [
              ""public_counterexample_passes"",
              ""hidden_transfer_case_passes"",
              ""no_broad_regression_gate_failure""
            ],
            ""name"": ""validate_merge_setting_empty_only""
          }
        },
        {
          ""family"": ""external_code_repair"",
          ""kind"": ""search_heuristic"",
          ""name"": ""prefer_merge_setting_empty_only_reuse"",
          ""rationale"": ""Rank exact capability repair operators ahead of unrelated schema repairs."",
          ""target_surface"": ""scripts/closed_recursive_self_improvement_loop.py"",
          ""validation_plan"": {
            ""commands"": [
              [
                ""python"",
                ""-m"",
                ""pytest"",
                ""-q"",
                ""tests/test_capability_external_code_repair_operator_v1.py""
              ]
            ],
            ""expected_signals"": [
              ""public_counterexample_passes"",
              ""hidden_transfer_case_passes"",
              ""no_broad_regression_gate_failure""
            ],
            ""name"": ""validate_merge_setting_empty_only""
          }
        },
        {
          ""family"": ""external_code_repair"",
          ""kind"": ""evaluator_mutation"",
          ""name"": ""merge_setting_empty_only_hidden_transfer_case"",
          ""rationale"": ""Add a held-out case that checks transfer beyond the public example."",
          ""target_surface"": ""shared/capability_benchmarks.py"",
          ""validation_plan"": {
            ""commands"": [
              [
                ""python"",
                ""-m"",
                ""pytest"",
                ""-q"",
                ""tests/test_capability_external_code_repair_operator_v1.py""
              ]
            ],
            ""expected_signals"": [
              ""public_counterexample_passes"",
              ""hidden_transfer_case_passes"",
              ""no_broad_regression_gate_failure""
            ],
            ""name"": ""validate_merge_setting_empty_only""
          }
        },
        {
          ""family"": ""external_code_repair"",
          ""kind"": ""counterexample_test"",
          ""name"": ""test_merge_setting_empty_only_counterexample"",
          ""rationale"": ""Lock the primitive with public and hidden transfer counterexamples."",
          ""target_surface"": ""tests/test_capability_external_code_repair_operator_v1.py"",
          ""validation_plan"": {
            ""commands"": [
              [
                ""python"",
                ""-m"",
                ""pytest"",
                ""-q"",
                ""tests/test_capability_external_code_repair_operator_v1.py""
              ]
            ],
            ""expected_signals"": [
              ""public_counterexample_passes"",
              ""hidden_transfer_case_passes"",
              ""no_broad_regression_gate_failure""
            ],
            ""name"": ""validate_merge_setting_empty_only""
          }
        }
      ],
      ""promoted"": false,
      ""quarantine"": false,
      ""started_at"": ""2026-06-03T12:51:26Z"",
      ""target_path"": ""shared/external_repair_target.py"",
      ""test_path"": ""tests/test_external_code_repair_task.py""
    }
  ],
  ""rollback"": true,
  ""solved_new_tasks"": 0,
  ""state_path"": ""/tmp/rsi_experiments_o8w6nkxd/external_requests_code_transfer_repo__external_requests_code_failure_fixture_query__evolutionary_repair_loop__r18/.omega_rsi_runs/closed_rsi_state.json"",
  ""thdse_core_gate"": true,
  ""total_accepted"": 0,
  ""total_quarantine_exploration"": 0,
  ""total_rejected"": 3
}
",,external_code_unseen,psf/requests,Measure transfer on a sandbox fixture extracted from actual psf/requests source snippets and issue failure excerpts.,External code transfer succeeds when the loop repairs a local executable failure target derived from bounded psf/requests source and failure snippets.,1.347,0,0,6,3,0,0,python -m pytest -q,,True,281f210d81e5,b54e4a125d914b9051721162092611d1151bacf096561743f05e218d6b372917,"{""buggy_source_path"": ""shared/external_repair_target.py"", ""buggy_source_sha256"": ""e091fb3f780565f4d258d4d5a3a72fc67a3f798249726053347dde4ea75d27a7"", ""copied_failure_fixture"": ""external_sandbox/failure_excerpt.txt"", ""copied_source_fixture"": ""external_sandbox/source_snippet.txt"", ""failing_test"": ""tests/test_external_code_repair_task.py::test_requests_header_none_removes_session_header_visible_case"", ""failure_excerpt_sha256"": ""3bd526e1c1acd6c1247d5c2bc5922ba0fe37bf52c329d978674044d6632ac2d2"", ""field_name"": ""external_requests_code_signals"", ""field_values"": [""merge_setting_none_header"", ""merge_setting"", ""merge_hooks"", ""src"", ""requests"", ""sessions"", ""session"", ""headers""], ""fixture_id"": ""external-code:psf/requests"", ""fixture_kind"": ""external_code_repair_transfer"", ""function_name"": ""merge_setting"", ""held_out_reference_sha256"": ""7e9ba034646362f98b516fa8e76957efa09aa4098fff9ee48fa67e1fbe61497d"", ""held_out_reference_span_sha256"": [""0da01aa1df1d7458d5c64fd7bdf8f3d2a71ae989e265aacd3c434f632585ce17""], ""hidden_counterexample_family"": ""requests_merge_setting_none_removal"", ""issue_task_id"": ""github:psf/requests#4965"", ""issue_title"": ""Request-level None headers should remove inherited session headers"", ""issue_url"": ""https://github.com/psf/requests/issues/1921"", ""ported_external_symbol"": ""requests.sessions.merge_setting"", ""quarantine_paths"": ["".external_code_quarantine/requests_merge_setting_reference.sha256""], ""repair_target"": ""shared/external_repair_target.py"", ""repair_test"": ""tests/test_external_code_repair_task.py"", ""safety_controls"": [""actual_buggy_source_excerpt"", ""bounded_source_excerpt"", ""bounded_failure_excerpt"", ""source_url_provenance"", ""disposable_repo_execution_only"", ""local_executable_repair_task"", ""quarantined_reference_fix_hash_only"", ""seeded_hidden_counterexamples_after_patch"", ""verbatim_reference_span_rejection"", ""quarantine_path_touch_rejection"", ""full_pytest_required""], ""source_commit_sha"": ""cd90742ed94d901759e26766197d0ce7c7bd9c8e"", ""source_file_path"": ""src/requests/sessions.py"", ""source_ref"": ""main"", ""source_repository"": ""psf/requests"", ""source_snippet_sha256"": ""4b0fdea45f0aca37fa69a3c0f4fd350134135ce7e397ecb311efc9eef0de04d9"", ""source_symbols"": [""merge_setting"", ""merge_hooks"", ""src"", ""requests"", ""sessions""], ""source_url"": ""https://raw.githubusercontent.com/psf/requests/main/src/requests/sessions.py""}",requests_merge_setting_none_removal,True
external_requests_code_transfer_repo,"Executable psf/requests merge_setting bug port with buggy source, visible failing test, quarantined reference hash, and hidden seed-derived cases.",external_requests_code_failure_fixture_query,ci_only_validation,baseline_ci_only,Baseline: run validation without candidate generation or code patching.,18,281f210d81e5,1,0.132,0,0,0.0,0,,False,0,0.132,0,/tmp/rsi_experiments_o8w6nkxd/external_requests_code_transfer_repo__external_requests_code_failure_fixture_query__ci_only_validation__r18/.omega_rsi_runs/closed_rsi_summary.json,"F                                                                        [100%]
=================================== FAILURES ===================================
________ test_requests_header_none_removes_session_header_visible_case _________

    def test_requests_header_none_removes_session_header_visible_case():
        failure_text = (Path.cwd() / ""external_sandbox"" / ""failure_excerpt.txt"").read_text(encoding=""utf-8"")
        session_headers = {""User-Agent"": ""session-agent"", ""Accept"": ""application/json""}
        request_headers = {""User-Agent"": None, ""Content-Type"": ""text/plain""}
    
        merged = merge_setting(request_headers, session_headers)
    
        assert failure_text
>       assert ""User-Agent"" not in merged
E       AssertionError: assert 'User-Agent' not in OrderedDict([('User-Agent', None), ('Accept', 'application/json'), ('Content-Type', 'text/plain')])

tests/test_external_code_repair_task.py:14: AssertionError
=========================== short test summary info ============================
FAILED tests/test_external_code_repair_task.py::test_requests_header_none_removes_session_header_visible_case - AssertionError: assert 'User-Agent' not in OrderedDict([('User-Agent', None), ('Accept', 'application/json'), ('Content-Type', 'text/plain')])
1 failed in 0.01s
",,external_code_unseen,psf/requests,Measure transfer on a sandbox fixture extracted from actual psf/requests source snippets and issue failure excerpts.,External code transfer succeeds when the loop repairs a local executable failure target derived from bounded psf/requests source and failure snippets.,0,0,0,0,0,0,0,python -m pytest -q,1,True,281f210d81e5,37cb6eb3055c3621f7619fbba577ed8a05b15cb58f0d4d36b4c0376f98ce961e,"{""buggy_source_path"": ""shared/external_repair_target.py"", ""buggy_source_sha256"": ""e091fb3f780565f4d258d4d5a3a72fc67a3f798249726053347dde4ea75d27a7"", ""copied_failure_fixture"": ""external_sandbox/failure_excerpt.txt"", ""copied_source_fixture"": ""external_sandbox/source_snippet.txt"", ""failing_test"": ""tests/test_external_code_repair_task.py::test_requests_header_none_removes_session_header_visible_case"", ""failure_excerpt_sha256"": ""3bd526e1c1acd6c1247d5c2bc5922ba0fe37bf52c329d978674044d6632ac2d2"", ""field_name"": ""external_requests_code_signals"", ""field_values"": [""merge_setting_none_header"", ""merge_setting"", ""merge_hooks"", ""src"", ""requests"", ""sessions"", ""session"", ""headers""], ""fixture_id"": ""external-code:psf/requests"", ""fixture_kind"": ""external_code_repair_transfer"", ""function_name"": ""merge_setting"", ""held_out_reference_sha256"": ""7e9ba034646362f98b516fa8e76957efa09aa4098fff9ee48fa67e1fbe61497d"", ""held_out_reference_span_sha256"": [""0da01aa1df1d7458d5c64fd7bdf8f3d2a71ae989e265aacd3c434f632585ce17""], ""hidden_counterexample_family"": ""requests_merge_setting_none_removal"", ""issue_task_id"": ""github:psf/requests#4965"", ""issue_title"": ""Request-level None headers should remove inherited session headers"", ""issue_url"": ""https://github.com/psf/requests/issues/1921"", ""ported_external_symbol"": ""requests.sessions.merge_setting"", ""quarantine_paths"": ["".external_code_quarantine/requests_merge_setting_reference.sha256""], ""repair_target"": ""shared/external_repair_target.py"", ""repair_test"": ""tests/test_external_code_repair_task.py"", ""safety_controls"": [""actual_buggy_source_excerpt"", ""bounded_source_excerpt"", ""bounded_failure_excerpt"", ""source_url_provenance"", ""disposable_repo_execution_only"", ""local_executable_repair_task"", ""quarantined_reference_fix_hash_only"", ""seeded_hidden_counterexamples_after_patch"", ""verbatim_reference_span_rejection"", ""quarantine_path_touch_rejection"", ""full_pytest_required""], ""source_commit_sha"": ""cd90742ed94d901759e26766197d0ce7c7bd9c8e"", ""source_file_path"": ""src/requests/sessions.py"", ""source_ref"": ""main"", ""source_repository"": ""psf/requests"", ""source_snippet_sha256"": ""4b0fdea45f0aca37fa69a3c0f4fd350134135ce7e397ecb311efc9eef0de04d9"", ""source_symbols"": [""merge_setting"", ""merge_hooks"", ""src"", ""requests"", ""sessions""], ""source_url"": ""https://raw.githubusercontent.com/psf/requests/main/src/requests/sessions.py""}",requests_merge_setting_none_removal,True
external_requests_code_transfer_repo,"Executable psf/requests merge_setting bug port with buggy source, visible failing test, quarantined reference hash, and hidden seed-derived cases.",external_requests_code_failure_fixture_query,verified_closed_loop,proposed,"Full loop: candidate generation, patching, rollback, persistence, root broad gate, and THDSE core gate.",19,300df60f5f0d,0,4.492,3,1,0.75,0,,True,3,4.492,5,/tmp/rsi_experiments_o8w6nkxd/external_requests_code_transfer_repo__external_requests_code_failure_fixture_query__verified_closed_loop__r19/.omega_rsi_runs/closed_rsi_summary.json,"    ""kind"": ""solver_primitive"",
          ""name"": ""merge_setting_visible_only"",
          ""rationale"": ""Reusable primitive for external_code_repair benchmark tasks."",
          ""target_surface"": ""shared/capability_primitives.py"",
          ""validation_plan"": {
            ""commands"": [
              [
                ""python"",
                ""-m"",
                ""pytest"",
                ""-q"",
                ""tests/test_capability_external_code_repair_operator_v1.py""
              ]
            ],
            ""expected_signals"": [
              ""public_counterexample_passes"",
              ""hidden_transfer_case_passes"",
              ""no_broad_regression_gate_failure""
            ],
            ""name"": ""validate_merge_setting_visible_only""
          }
        },
        {
          ""family"": ""external_code_repair"",
          ""kind"": ""search_heuristic"",
          ""name"": ""prefer_merge_setting_visible_only_reuse"",
          ""rationale"": ""Rank exact capability repair operators ahead of unrelated schema repairs."",
          ""target_surface"": ""scripts/closed_recursive_self_improvement_loop.py"",
          ""validation_plan"": {
            ""commands"": [
              [
                ""python"",
                ""-m"",
                ""pytest"",
                ""-q"",
                ""tests/test_capability_external_code_repair_operator_v1.py""
              ]
            ],
            ""expected_signals"": [
              ""public_counterexample_passes"",
              ""hidden_transfer_case_passes"",
              ""no_broad_regression_gate_failure""
            ],
            ""name"": ""validate_merge_setting_visible_only""
          }
        },
        {
          ""family"": ""external_code_repair"",
          ""kind"": ""evaluator_mutation"",
          ""name"": ""merge_setting_visible_only_hidden_transfer_case"",
          ""rationale"": ""Add a held-out case that checks transfer beyond the public example."",
          ""target_surface"": ""shared/capability_benchmarks.py"",
          ""validation_plan"": {
            ""commands"": [
              [
                ""python"",
                ""-m"",
                ""pytest"",
                ""-q"",
                ""tests/test_capability_external_code_repair_operator_v1.py""
              ]
            ],
            ""expected_signals"": [
              ""public_counterexample_passes"",
              ""hidden_transfer_case_passes"",
              ""no_broad_regression_gate_failure""
            ],
            ""name"": ""validate_merge_setting_visible_only""
          }
        },
        {
          ""family"": ""external_code_repair"",
          ""kind"": ""counterexample_test"",
          ""name"": ""test_merge_setting_visible_only_counterexample"",
          ""rationale"": ""Lock the primitive with public and hidden transfer counterexamples."",
          ""target_surface"": ""tests/test_capability_external_code_repair_operator_v1.py"",
          ""validation_plan"": {
            ""commands"": [
              [
                ""python"",
                ""-m"",
                ""pytest"",
                ""-q"",
                ""tests/test_capability_external_code_repair_operator_v1.py""
              ]
            ],
            ""expected_signals"": [
              ""public_counterexample_passes"",
              ""hidden_transfer_case_passes"",
              ""no_broad_regression_gate_failure""
            ],
            ""name"": ""validate_merge_setting_visible_only""
          }
        }
      ],
      ""promoted"": false,
      ""quarantine"": false,
      ""started_at"": ""2026-06-03T12:51:27Z"",
      ""target_path"": ""shared/external_repair_target.py"",
      ""test_path"": ""tests/test_external_code_repair_task.py""
    }
  ],
  ""rollback"": true,
  ""solved_new_tasks"": 0,
  ""state_path"": ""/tmp/rsi_experiments_o8w6nkxd/external_requests_code_transfer_repo__external_requests_code_failure_fixture_query__verified_closed_loop__r19/.omega_rsi_runs/closed_rsi_state.json"",
  ""thdse_core_gate"": true,
  ""total_accepted"": 3,
  ""total_quarantine_exploration"": 2,
  ""total_rejected"": 1
}
",,external_code_unseen,psf/requests,Measure transfer on a sandbox fixture extracted from actual psf/requests source snippets and issue failure excerpts.,External code transfer succeeds when the loop repairs a local executable failure target derived from bounded psf/requests source and failure snippets.,1.796,0,0,8,1,2,0,python -m pytest -q,0,True,300df60f5f0d,ce827dee84ddf9dbc585e16a7c508c42a7b4f1e9ca7be248dfce08956a57cda5,"{""buggy_source_path"": ""shared/external_repair_target.py"", ""buggy_source_sha256"": ""e091fb3f780565f4d258d4d5a3a72fc67a3f798249726053347dde4ea75d27a7"", ""copied_failure_fixture"": ""external_sandbox/failure_excerpt.txt"", ""copied_source_fixture"": ""external_sandbox/source_snippet.txt"", ""failing_test"": ""tests/test_external_code_repair_task.py::test_requests_header_none_removes_session_header_visible_case"", ""failure_excerpt_sha256"": ""3bd526e1c1acd6c1247d5c2bc5922ba0fe37bf52c329d978674044d6632ac2d2"", ""field_name"": ""external_requests_code_signals"", ""field_values"": [""merge_setting_none_header"", ""merge_setting"", ""merge_hooks"", ""src"", ""requests"", ""sessions"", ""session"", ""headers""], ""fixture_id"": ""external-code:psf/requests"", ""fixture_kind"": ""external_code_repair_transfer"", ""function_name"": ""merge_setting"", ""held_out_reference_sha256"": ""7e9ba034646362f98b516fa8e76957efa09aa4098fff9ee48fa67e1fbe61497d"", ""held_out_reference_span_sha256"": [""0da01aa1df1d7458d5c64fd7bdf8f3d2a71ae989e265aacd3c434f632585ce17""], ""hidden_counterexample_family"": ""requests_merge_setting_none_removal"", ""issue_task_id"": ""github:psf/requests#4965"", ""issue_title"": ""Request-level None headers should remove inherited session headers"", ""issue_url"": ""https://github.com/psf/requests/issues/1921"", ""ported_external_symbol"": ""requests.sessions.merge_setting"", ""quarantine_paths"": ["".external_code_quarantine/requests_merge_setting_reference.sha256""], ""repair_target"": ""shared/external_repair_target.py"", ""repair_test"": ""tests/test_external_code_repair_task.py"", ""safety_controls"": [""actual_buggy_source_excerpt"", ""bounded_source_excerpt"", ""bounded_failure_excerpt"", ""source_url_provenance"", ""disposable_repo_execution_only"", ""local_executable_repair_task"", ""quarantined_reference_fix_hash_only"", ""seeded_hidden_counterexamples_after_patch"", ""verbatim_reference_span_rejection"", ""quarantine_path_touch_rejection"", ""full_pytest_required""], ""source_commit_sha"": ""cd90742ed94d901759e26766197d0ce7c7bd9c8e"", ""source_file_path"": ""src/requests/sessions.py"", ""source_ref"": ""main"", ""source_repository"": ""psf/requests"", ""source_snippet_sha256"": ""4b0fdea45f0aca37fa69a3c0f4fd350134135ce7e397ecb311efc9eef0de04d9"", ""source_symbols"": [""merge_setting"", ""merge_hooks"", ""src"", ""requests"", ""sessions""], ""source_url"": ""https://raw.githubusercontent.com/psf/requests/main/src/requests/sessions.py""}",requests_merge_setting_none_removal,True
external_requests_code_transfer_repo,"Executable psf/requests merge_setting bug port with buggy source, visible failing test, quarantined reference hash, and hidden seed-derived cases.",external_requests_code_failure_fixture_query,agent_coding_loop,baseline_agent_coding_loop,Baseline: single-pass automated coding loop with validation but without persistent recursive depth.,19,300df60f5f0d,0,0.442,0,1,0.0,0,True,False,0,0.442,0,/tmp/rsi_experiments_o8w6nkxd/external_requests_code_transfer_repo__external_requests_code_failure_fixture_query__agent_coding_loop__r19/.omega_rsi_runs/closed_rsi_summary.json,"       ""kind"": ""solver_primitive"",
          ""name"": ""merge_setting_visible_only"",
          ""rationale"": ""Reusable primitive for external_code_repair benchmark tasks."",
          ""target_surface"": ""shared/capability_primitives.py"",
          ""validation_plan"": {
            ""commands"": [
              [
                ""python"",
                ""-m"",
                ""pytest"",
                ""-q"",
                ""tests/test_capability_external_code_repair_operator_v1.py""
              ]
            ],
            ""expected_signals"": [
              ""public_counterexample_passes"",
              ""hidden_transfer_case_passes"",
              ""no_broad_regression_gate_failure""
            ],
            ""name"": ""validate_merge_setting_visible_only""
          }
        },
        {
          ""family"": ""external_code_repair"",
          ""kind"": ""search_heuristic"",
          ""name"": ""prefer_merge_setting_visible_only_reuse"",
          ""rationale"": ""Rank exact capability repair operators ahead of unrelated schema repairs."",
          ""target_surface"": ""scripts/closed_recursive_self_improvement_loop.py"",
          ""validation_plan"": {
            ""commands"": [
              [
                ""python"",
                ""-m"",
                ""pytest"",
                ""-q"",
                ""tests/test_capability_external_code_repair_operator_v1.py""
              ]
            ],
            ""expected_signals"": [
              ""public_counterexample_passes"",
              ""hidden_transfer_case_passes"",
              ""no_broad_regression_gate_failure""
            ],
            ""name"": ""validate_merge_setting_visible_only""
          }
        },
        {
          ""family"": ""external_code_repair"",
          ""kind"": ""evaluator_mutation"",
          ""name"": ""merge_setting_visible_only_hidden_transfer_case"",
          ""rationale"": ""Add a held-out case that checks transfer beyond the public example."",
          ""target_surface"": ""shared/capability_benchmarks.py"",
          ""validation_plan"": {
            ""commands"": [
              [
                ""python"",
                ""-m"",
                ""pytest"",
                ""-q"",
                ""tests/test_capability_external_code_repair_operator_v1.py""
              ]
            ],
            ""expected_signals"": [
              ""public_counterexample_passes"",
              ""hidden_transfer_case_passes"",
              ""no_broad_regression_gate_failure""
            ],
            ""name"": ""validate_merge_setting_visible_only""
          }
        },
        {
          ""family"": ""external_code_repair"",
          ""kind"": ""counterexample_test"",
          ""name"": ""test_merge_setting_visible_only_counterexample"",
          ""rationale"": ""Lock the primitive with public and hidden transfer counterexamples."",
          ""target_surface"": ""tests/test_capability_external_code_repair_operator_v1.py"",
          ""validation_plan"": {
            ""commands"": [
              [
                ""python"",
                ""-m"",
                ""pytest"",
                ""-q"",
                ""tests/test_capability_external_code_repair_operator_v1.py""
              ]
            ],
            ""expected_signals"": [
              ""public_counterexample_passes"",
              ""hidden_transfer_case_passes"",
              ""no_broad_regression_gate_failure""
            ],
            ""name"": ""validate_merge_setting_visible_only""
          }
        }
      ],
      ""promoted"": false,
      ""quarantine"": false,
      ""started_at"": ""2026-06-03T12:51:32Z"",
      ""target_path"": ""shared/external_repair_target.py"",
      ""test_path"": ""tests/test_external_code_repair_task.py""
    }
  ],
  ""rollback"": true,
  ""solved_new_tasks"": 0,
  ""state_path"": ""/tmp/rsi_experiments_o8w6nkxd/external_requests_code_transfer_repo__external_requests_code_failure_fixture_query__agent_coding_loop__r19/.omega_rsi_runs/closed_rsi_state.json"",
  ""thdse_core_gate"": true,
  ""total_accepted"": 0,
  ""total_quarantine_exploration"": 0,
  ""total_rejected"": 1
}
",,external_code_unseen,psf/requests,Measure transfer on a sandbox fixture extracted from actual psf/requests source snippets and issue failure excerpts.,External code transfer succeeds when the loop repairs a local executable failure target derived from bounded psf/requests source and failure snippets.,0.449,0,0,2,1,0,0,python -m pytest -q,,True,300df60f5f0d,4d49a9b2c9319b87866fe8b0ee37cd226a47e13105dc4c04aad59f3fd0539d48,"{""buggy_source_path"": ""shared/external_repair_target.py"", ""buggy_source_sha256"": ""e091fb3f780565f4d258d4d5a3a72fc67a3f798249726053347dde4ea75d27a7"", ""copied_failure_fixture"": ""external_sandbox/failure_excerpt.txt"", ""copied_source_fixture"": ""external_sandbox/source_snippet.txt"", ""failing_test"": ""tests/test_external_code_repair_task.py::test_requests_header_none_removes_session_header_visible_case"", ""failure_excerpt_sha256"": ""3bd526e1c1acd6c1247d5c2bc5922ba0fe37bf52c329d978674044d6632ac2d2"", ""field_name"": ""external_requests_code_signals"", ""field_values"": [""merge_setting_none_header"", ""merge_setting"", ""merge_hooks"", ""src"", ""requests"", ""sessions"", ""session"", ""headers""], ""fixture_id"": ""external-code:psf/requests"", ""fixture_kind"": ""external_code_repair_transfer"", ""function_name"": ""merge_setting"", ""held_out_reference_sha256"": ""7e9ba034646362f98b516fa8e76957efa09aa4098fff9ee48fa67e1fbe61497d"", ""held_out_reference_span_sha256"": [""0da01aa1df1d7458d5c64fd7bdf8f3d2a71ae989e265aacd3c434f632585ce17""], ""hidden_counterexample_family"": ""requests_merge_setting_none_removal"", ""issue_task_id"": ""github:psf/requests#4965"", ""issue_title"": ""Request-level None headers should remove inherited session headers"", ""issue_url"": ""https://github.com/psf/requests/issues/1921"", ""ported_external_symbol"": ""requests.sessions.merge_setting"", ""quarantine_paths"": ["".external_code_quarantine/requests_merge_setting_reference.sha256""], ""repair_target"": ""shared/external_repair_target.py"", ""repair_test"": ""tests/test_external_code_repair_task.py"", ""safety_controls"": [""actual_buggy_source_excerpt"", ""bounded_source_excerpt"", ""bounded_failure_excerpt"", ""source_url_provenance"", ""disposable_repo_execution_only"", ""local_executable_repair_task"", ""quarantined_reference_fix_hash_only"", ""seeded_hidden_counterexamples_after_patch"", ""verbatim_reference_span_rejection"", ""quarantine_path_touch_rejection"", ""full_pytest_required""], ""source_commit_sha"": ""cd90742ed94d901759e26766197d0ce7c7bd9c8e"", ""source_file_path"": ""src/requests/sessions.py"", ""source_ref"": ""main"", ""source_repository"": ""psf/requests"", ""source_snippet_sha256"": ""4b0fdea45f0aca37fa69a3c0f4fd350134135ce7e397ecb311efc9eef0de04d9"", ""source_symbols"": [""merge_setting"", ""merge_hooks"", ""src"", ""requests"", ""sessions""], ""source_url"": ""https://raw.githubusercontent.com/psf/requests/main/src/requests/sessions.py""}",requests_merge_setting_none_removal,True
external_requests_code_transfer_repo,"Executable psf/requests merge_setting bug port with buggy source, visible failing test, quarantined reference hash, and hidden seed-derived cases.",external_requests_code_failure_fixture_query,evolutionary_repair_loop,baseline_evolutionary_repair_loop,Baseline: retry candidate repair loop with the same safety gates but without recursive quarantine search or persistent self-policy depth.,19,300df60f5f0d,0,1.245,0,3,0.0,0,True,False,0,1.245,0,/tmp/rsi_experiments_o8w6nkxd/external_requests_code_transfer_repo__external_requests_code_failure_fixture_query__evolutionary_repair_loop__r19/.omega_rsi_runs/closed_rsi_summary.json,"air"",
          ""kind"": ""solver_primitive"",
          ""name"": ""merge_setting_empty_only"",
          ""rationale"": ""Reusable primitive for external_code_repair benchmark tasks."",
          ""target_surface"": ""shared/capability_primitives.py"",
          ""validation_plan"": {
            ""commands"": [
              [
                ""python"",
                ""-m"",
                ""pytest"",
                ""-q"",
                ""tests/test_capability_external_code_repair_operator_v1.py""
              ]
            ],
            ""expected_signals"": [
              ""public_counterexample_passes"",
              ""hidden_transfer_case_passes"",
              ""no_broad_regression_gate_failure""
            ],
            ""name"": ""validate_merge_setting_empty_only""
          }
        },
        {
          ""family"": ""external_code_repair"",
          ""kind"": ""search_heuristic"",
          ""name"": ""prefer_merge_setting_empty_only_reuse"",
          ""rationale"": ""Rank exact capability repair operators ahead of unrelated schema repairs."",
          ""target_surface"": ""scripts/closed_recursive_self_improvement_loop.py"",
          ""validation_plan"": {
            ""commands"": [
              [
                ""python"",
                ""-m"",
                ""pytest"",
                ""-q"",
                ""tests/test_capability_external_code_repair_operator_v1.py""
              ]
            ],
            ""expected_signals"": [
              ""public_counterexample_passes"",
              ""hidden_transfer_case_passes"",
              ""no_broad_regression_gate_failure""
            ],
            ""name"": ""validate_merge_setting_empty_only""
          }
        },
        {
          ""family"": ""external_code_repair"",
          ""kind"": ""evaluator_mutation"",
          ""name"": ""merge_setting_empty_only_hidden_transfer_case"",
          ""rationale"": ""Add a held-out case that checks transfer beyond the public example."",
          ""target_surface"": ""shared/capability_benchmarks.py"",
          ""validation_plan"": {
            ""commands"": [
              [
                ""python"",
                ""-m"",
                ""pytest"",
                ""-q"",
                ""tests/test_capability_external_code_repair_operator_v1.py""
              ]
            ],
            ""expected_signals"": [
              ""public_counterexample_passes"",
              ""hidden_transfer_case_passes"",
              ""no_broad_regression_gate_failure""
            ],
            ""name"": ""validate_merge_setting_empty_only""
          }
        },
        {
          ""family"": ""external_code_repair"",
          ""kind"": ""counterexample_test"",
          ""name"": ""test_merge_setting_empty_only_counterexample"",
          ""rationale"": ""Lock the primitive with public and hidden transfer counterexamples."",
          ""target_surface"": ""tests/test_capability_external_code_repair_operator_v1.py"",
          ""validation_plan"": {
            ""commands"": [
              [
                ""python"",
                ""-m"",
                ""pytest"",
                ""-q"",
                ""tests/test_capability_external_code_repair_operator_v1.py""
              ]
            ],
            ""expected_signals"": [
              ""public_counterexample_passes"",
              ""hidden_transfer_case_passes"",
              ""no_broad_regression_gate_failure""
            ],
            ""name"": ""validate_merge_setting_empty_only""
          }
        }
      ],
      ""promoted"": false,
      ""quarantine"": false,
      ""started_at"": ""2026-06-03T12:51:33Z"",
      ""target_path"": ""shared/external_repair_target.py"",
      ""test_path"": ""tests/test_external_code_repair_task.py""
    }
  ],
  ""rollback"": true,
  ""solved_new_tasks"": 0,
  ""state_path"": ""/tmp/rsi_experiments_o8w6nkxd/external_requests_code_transfer_repo__external_requests_code_failure_fixture_query__evolutionary_repair_loop__r19/.omega_rsi_runs/closed_rsi_state.json"",
  ""thdse_core_gate"": true,
  ""total_accepted"": 0,
  ""total_quarantine_exploration"": 0,
  ""total_rejected"": 3
}
",,external_code_unseen,psf/requests,Measure transfer on a sandbox fixture extracted from actual psf/requests source snippets and issue failure excerpts.,External code transfer succeeds when the loop repairs a local executable failure target derived from bounded psf/requests source and failure snippets.,1.347,0,0,6,3,0,0,python -m pytest -q,,True,300df60f5f0d,1373577b181bb5ef419d1c856a3716165a56da575cc1871bc72e6f352a2a9b14,"{""buggy_source_path"": ""shared/external_repair_target.py"", ""buggy_source_sha256"": ""e091fb3f780565f4d258d4d5a3a72fc67a3f798249726053347dde4ea75d27a7"", ""copied_failure_fixture"": ""external_sandbox/failure_excerpt.txt"", ""copied_source_fixture"": ""external_sandbox/source_snippet.txt"", ""failing_test"": ""tests/test_external_code_repair_task.py::test_requests_header_none_removes_session_header_visible_case"", ""failure_excerpt_sha256"": ""3bd526e1c1acd6c1247d5c2bc5922ba0fe37bf52c329d978674044d6632ac2d2"", ""field_name"": ""external_requests_code_signals"", ""field_values"": [""merge_setting_none_header"", ""merge_setting"", ""merge_hooks"", ""src"", ""requests"", ""sessions"", ""session"", ""headers""], ""fixture_id"": ""external-code:psf/requests"", ""fixture_kind"": ""external_code_repair_transfer"", ""function_name"": ""merge_setting"", ""held_out_reference_sha256"": ""7e9ba034646362f98b516fa8e76957efa09aa4098fff9ee48fa67e1fbe61497d"", ""held_out_reference_span_sha256"": [""0da01aa1df1d7458d5c64fd7bdf8f3d2a71ae989e265aacd3c434f632585ce17""], ""hidden_counterexample_family"": ""requests_merge_setting_none_removal"", ""issue_task_id"": ""github:psf/requests#4965"", ""issue_title"": ""Request-level None headers should remove inherited session headers"", ""issue_url"": ""https://github.com/psf/requests/issues/1921"", ""ported_external_symbol"": ""requests.sessions.merge_setting"", ""quarantine_paths"": ["".external_code_quarantine/requests_merge_setting_reference.sha256""], ""repair_target"": ""shared/external_repair_target.py"", ""repair_test"": ""tests/test_external_code_repair_task.py"", ""safety_controls"": [""actual_buggy_source_excerpt"", ""bounded_source_excerpt"", ""bounded_failure_excerpt"", ""source_url_provenance"", ""disposable_repo_execution_only"", ""local_executable_repair_task"", ""quarantined_reference_fix_hash_only"", ""seeded_hidden_counterexamples_after_patch"", ""verbatim_reference_span_rejection"", ""quarantine_path_touch_rejection"", ""full_pytest_required""], ""source_commit_sha"": ""cd90742ed94d901759e26766197d0ce7c7bd9c8e"", ""source_file_path"": ""src/requests/sessions.py"", ""source_ref"": ""main"", ""source_repository"": ""psf/requests"", ""source_snippet_sha256"": ""4b0fdea45f0aca37fa69a3c0f4fd350134135ce7e397ecb311efc9eef0de04d9"", ""source_symbols"": [""merge_setting"", ""merge_hooks"", ""src"", ""requests"", ""sessions""], ""source_url"": ""https://raw.githubusercontent.com/psf/requests/main/src/requests/sessions.py""}",requests_merge_setting_none_removal,True
external_requests_code_transfer_repo,"Executable psf/requests merge_setting bug port with buggy source, visible failing test, quarantined reference hash, and hidden seed-derived cases.",external_requests_code_failure_fixture_query,ci_only_validation,baseline_ci_only,Baseline: run validation without candidate generation or code patching.,19,300df60f5f0d,1,0.133,0,0,0.0,0,,False,0,0.133,0,/tmp/rsi_experiments_o8w6nkxd/external_requests_code_transfer_repo__external_requests_code_failure_fixture_query__ci_only_validation__r19/.omega_rsi_runs/closed_rsi_summary.json,"F                                                                        [100%]
=================================== FAILURES ===================================
________ test_requests_header_none_removes_session_header_visible_case _________

    def test_requests_header_none_removes_session_header_visible_case():
        failure_text = (Path.cwd() / ""external_sandbox"" / ""failure_excerpt.txt"").read_text(encoding=""utf-8"")
        session_headers = {""User-Agent"": ""session-agent"", ""Accept"": ""application/json""}
        request_headers = {""User-Agent"": None, ""Content-Type"": ""text/plain""}
    
        merged = merge_setting(request_headers, session_headers)
    
        assert failure_text
>       assert ""User-Agent"" not in merged
E       AssertionError: assert 'User-Agent' not in OrderedDict([('User-Agent', None), ('Accept', 'application/json'), ('Content-Type', 'text/plain')])

tests/test_external_code_repair_task.py:14: AssertionError
=========================== short test summary info ============================
FAILED tests/test_external_code_repair_task.py::test_requests_header_none_removes_session_header_visible_case - AssertionError: assert 'User-Agent' not in OrderedDict([('User-Agent', None), ('Accept', 'application/json'), ('Content-Type', 'text/plain')])
1 failed in 0.01s
",,external_code_unseen,psf/requests,Measure transfer on a sandbox fixture extracted from actual psf/requests source snippets and issue failure excerpts.,External code transfer succeeds when the loop repairs a local executable failure target derived from bounded psf/requests source and failure snippets.,0,0,0,0,0,0,0,python -m pytest -q,1,True,300df60f5f0d,5d65c6fec451343073004e4576f0b2488dc9a1c1a0864c45f58cf3465b7b0fce,"{""buggy_source_path"": ""shared/external_repair_target.py"", ""buggy_source_sha256"": ""e091fb3f780565f4d258d4d5a3a72fc67a3f798249726053347dde4ea75d27a7"", ""copied_failure_fixture"": ""external_sandbox/failure_excerpt.txt"", ""copied_source_fixture"": ""external_sandbox/source_snippet.txt"", ""failing_test"": ""tests/test_external_code_repair_task.py::test_requests_header_none_removes_session_header_visible_case"", ""failure_excerpt_sha256"": ""3bd526e1c1acd6c1247d5c2bc5922ba0fe37bf52c329d978674044d6632ac2d2"", ""field_name"": ""external_requests_code_signals"", ""field_values"": [""merge_setting_none_header"", ""merge_setting"", ""merge_hooks"", ""src"", ""requests"", ""sessions"", ""session"", ""headers""], ""fixture_id"": ""external-code:psf/requests"", ""fixture_kind"": ""external_code_repair_transfer"", ""function_name"": ""merge_setting"", ""held_out_reference_sha256"": ""7e9ba034646362f98b516fa8e76957efa09aa4098fff9ee48fa67e1fbe61497d"", ""held_out_reference_span_sha256"": [""0da01aa1df1d7458d5c64fd7bdf8f3d2a71ae989e265aacd3c434f632585ce17""], ""hidden_counterexample_family"": ""requests_merge_setting_none_removal"", ""issue_task_id"": ""github:psf/requests#4965"", ""issue_title"": ""Request-level None headers should remove inherited session headers"", ""issue_url"": ""https://github.com/psf/requests/issues/1921"", ""ported_external_symbol"": ""requests.sessions.merge_setting"", ""quarantine_paths"": ["".external_code_quarantine/requests_merge_setting_reference.sha256""], ""repair_target"": ""shared/external_repair_target.py"", ""repair_test"": ""tests/test_external_code_repair_task.py"", ""safety_controls"": [""actual_buggy_source_excerpt"", ""bounded_source_excerpt"", ""bounded_failure_excerpt"", ""source_url_provenance"", ""disposable_repo_execution_only"", ""local_executable_repair_task"", ""quarantined_reference_fix_hash_only"", ""seeded_hidden_counterexamples_after_patch"", ""verbatim_reference_span_rejection"", ""quarantine_path_touch_rejection"", ""full_pytest_required""], ""source_commit_sha"": ""cd90742ed94d901759e26766197d0ce7c7bd9c8e"", ""source_file_path"": ""src/requests/sessions.py"", ""source_ref"": ""main"", ""source_repository"": ""psf/requests"", ""source_snippet_sha256"": ""4b0fdea45f0aca37fa69a3c0f4fd350134135ce7e397ecb311efc9eef0de04d9"", ""source_symbols"": [""merge_setting"", ""merge_hooks"", ""src"", ""requests"", ""sessions""], ""source_url"": ""https://raw.githubusercontent.com/psf/requests/main/src/requests/sessions.py""}",requests_merge_setting_none_removal,True
