repository,repository_description,task,variant,family,description,repeat_index,seed,exit_code,elapsed_s,accepted_count,rejected_count,accepted_rate,regression_gate_failures,rollback_correct,persistence_file_exists,improvement_depth,cost_proxy_seconds,changed_files_count,summary_path,stdout_tail,stderr_tail,repository_split,transfer_origin,task_description,task_claim,capability_delta_score,solved_new_tasks,hidden_transfer,operator_reuse,failure_residue_count,quarantine_exploration_count,quarantine_failure_residue_count,full_test_command,full_test_exit_code,full_test_required,paired_seed,provenance_hash,held_out_input_set,comparable_to_verified_config
composite_external_issue_transfer_repo,Composite external issue fixture whose schema fields are derived from real GitHub issue metadata across the allowlisted repositories.,composite_external_issue_transfer,verified_closed_loop,proposed,"Full loop: candidate generation, patching, rollback, persistence, root broad gate, and THDSE core gate.",0,7ee87d4e2c2c,0,3.131,1,3,0.25,0,,True,1,3.131,2,/tmp/rsi_experiments_njfylicq/composite_external_issue_transfer_repo__composite_external_issue_transfer__verified_closed_loop__r0/.omega_rsi_runs/closed_rsi_summary.json,"sis"": [
        {
          ""family"": ""schema_query_repair"",
          ""kind"": ""solver_primitive"",
          ""name"": ""records_with_import"",
          ""rationale"": ""Reusable primitive for schema_query_repair benchmark tasks."",
          ""target_surface"": ""shared/capability_primitives.py"",
          ""validation_plan"": {
            ""commands"": [
              [
                ""python"",
                ""-m"",
                ""pytest"",
                ""-q"",
                ""tests/test_capability_schema_query_repair_operator_v1.py""
              ]
            ],
            ""expected_signals"": [
              ""public_counterexample_passes"",
              ""hidden_transfer_case_passes"",
              ""no_broad_regression_gate_failure""
            ],
            ""name"": ""validate_records_with_import""
          }
        },
        {
          ""family"": ""schema_query_repair"",
          ""kind"": ""search_heuristic"",
          ""name"": ""prefer_records_with_import_reuse"",
          ""rationale"": ""Rank exact capability repair operators ahead of unrelated schema repairs."",
          ""target_surface"": ""scripts/closed_recursive_self_improvement_loop.py"",
          ""validation_plan"": {
            ""commands"": [
              [
                ""python"",
                ""-m"",
                ""pytest"",
                ""-q"",
                ""tests/test_capability_schema_query_repair_operator_v1.py""
              ]
            ],
            ""expected_signals"": [
              ""public_counterexample_passes"",
              ""hidden_transfer_case_passes"",
              ""no_broad_regression_gate_failure""
            ],
            ""name"": ""validate_records_with_import""
          }
        },
        {
          ""family"": ""schema_query_repair"",
          ""kind"": ""evaluator_mutation"",
          ""name"": ""records_with_import_hidden_transfer_case"",
          ""rationale"": ""Add a held-out case that checks transfer beyond the public example."",
          ""target_surface"": ""shared/capability_benchmarks.py"",
          ""validation_plan"": {
            ""commands"": [
              [
                ""python"",
                ""-m"",
                ""pytest"",
                ""-q"",
                ""tests/test_capability_schema_query_repair_operator_v1.py""
              ]
            ],
            ""expected_signals"": [
              ""public_counterexample_passes"",
              ""hidden_transfer_case_passes"",
              ""no_broad_regression_gate_failure""
            ],
            ""name"": ""validate_records_with_import""
          }
        },
        {
          ""family"": ""schema_query_repair"",
          ""kind"": ""counterexample_test"",
          ""name"": ""test_records_with_import_counterexample"",
          ""rationale"": ""Lock the primitive with public and hidden transfer counterexamples."",
          ""target_surface"": ""tests/test_capability_schema_query_repair_operator_v1.py"",
          ""validation_plan"": {
            ""commands"": [
              [
                ""python"",
                ""-m"",
                ""pytest"",
                ""-q"",
                ""tests/test_capability_schema_query_repair_operator_v1.py""
              ]
            ],
            ""expected_signals"": [
              ""public_counterexample_passes"",
              ""hidden_transfer_case_passes"",
              ""no_broad_regression_gate_failure""
            ],
            ""name"": ""validate_records_with_import""
          }
        }
      ],
      ""promoted"": false,
      ""quarantine"": false,
      ""started_at"": ""2026-06-03T04:10:33Z"",
      ""target_path"": ""shared/local_corpus.py"",
      ""test_path"": ""tests/test_emergent_local_corpus_imports_membership_v1.py""
    }
  ],
  ""rollback"": true,
  ""solved_new_tasks"": 0,
  ""state_path"": ""/tmp/rsi_experiments_njfylicq/composite_external_issue_transfer_repo__composite_external_issue_transfer__verified_closed_loop__r0/.omega_rsi_runs/closed_rsi_state.json"",
  ""thdse_core_gate"": true,
  ""total_accepted"": 1,
  ""total_quarantine_exploration"": 0,
  ""total_rejected"": 3
}
",,external_unseen,"psf/requests,hypothesisworks/hypothesis,pandas-dev/pandas,dask/dask",Composite external issue fixture whose schema fields are derived from real GitHub issue metadata across the allowlisted repositories.,External transfer succeeds only when one general schema patch repairs all issue-metadata-derived query surfaces under full pytest.,1.795,0,0,8,3,0,0,python -m pytest -q,0,True,7ee87d4e2c2c,92f8076e46970b574b385d5f274efe75121a6fdda260dc785563fe43f0233c46,"{""fields"": [{""field_name"": ""external_issue_labels"", ""sample_value"": ""bug""}, {""field_name"": ""external_patch_signals"", ""sample_value"": ""patch""}, {""field_name"": ""external_failure_terms"", ""sample_value"": ""dtype""}, {""field_name"": ""external_array_labels"", ""sample_value"": ""array""}], ""fixture_kind"": ""composite_schema_transfer"", ""repository"": ""composite_external_issue_transfer_repo"", ""safety_controls"": [""held_out_schema_fields"", ""single_general_patch_required"", ""seeded_hidden_schema_evaluator"", ""full_pytest_required""], ""split"": ""external_unseen"", ""task"": ""composite_external_issue_transfer"", ""transfer_origin"": ""psf/requests,hypothesisworks/hypothesis,pandas-dev/pandas,dask/dask""}",True
composite_external_issue_transfer_repo,Composite external issue fixture whose schema fields are derived from real GitHub issue metadata across the allowlisted repositories.,composite_external_issue_transfer,evolutionary_repair_loop,baseline_evolutionary_repair_loop,Baseline: retry candidate repair loop with the same safety gates but without recursive quarantine search or persistent self-policy depth.,0,7ee87d4e2c2c,0,1.896,0,3,0.0,0,True,False,0,1.896,0,/tmp/rsi_experiments_njfylicq/composite_external_issue_transfer_repo__composite_external_issue_transfer__evolutionary_repair_loop__r0/.omega_rsi_runs/closed_rsi_summary.json,"nal_patch_signal"",
          ""rationale"": ""Reusable primitive for schema_query_repair benchmark tasks."",
          ""target_surface"": ""shared/capability_primitives.py"",
          ""validation_plan"": {
            ""commands"": [
              [
                ""python"",
                ""-m"",
                ""pytest"",
                ""-q"",
                ""tests/test_capability_schema_query_repair_operator_v1.py""
              ]
            ],
            ""expected_signals"": [
              ""public_counterexample_passes"",
              ""hidden_transfer_case_passes"",
              ""no_broad_regression_gate_failure""
            ],
            ""name"": ""validate_records_with_external_patch_signal""
          }
        },
        {
          ""family"": ""schema_query_repair"",
          ""kind"": ""search_heuristic"",
          ""name"": ""prefer_records_with_external_patch_signal_reuse"",
          ""rationale"": ""Rank exact capability repair operators ahead of unrelated schema repairs."",
          ""target_surface"": ""scripts/closed_recursive_self_improvement_loop.py"",
          ""validation_plan"": {
            ""commands"": [
              [
                ""python"",
                ""-m"",
                ""pytest"",
                ""-q"",
                ""tests/test_capability_schema_query_repair_operator_v1.py""
              ]
            ],
            ""expected_signals"": [
              ""public_counterexample_passes"",
              ""hidden_transfer_case_passes"",
              ""no_broad_regression_gate_failure""
            ],
            ""name"": ""validate_records_with_external_patch_signal""
          }
        },
        {
          ""family"": ""schema_query_repair"",
          ""kind"": ""evaluator_mutation"",
          ""name"": ""records_with_external_patch_signal_hidden_transfer_case"",
          ""rationale"": ""Add a held-out case that checks transfer beyond the public example."",
          ""target_surface"": ""shared/capability_benchmarks.py"",
          ""validation_plan"": {
            ""commands"": [
              [
                ""python"",
                ""-m"",
                ""pytest"",
                ""-q"",
                ""tests/test_capability_schema_query_repair_operator_v1.py""
              ]
            ],
            ""expected_signals"": [
              ""public_counterexample_passes"",
              ""hidden_transfer_case_passes"",
              ""no_broad_regression_gate_failure""
            ],
            ""name"": ""validate_records_with_external_patch_signal""
          }
        },
        {
          ""family"": ""schema_query_repair"",
          ""kind"": ""counterexample_test"",
          ""name"": ""test_records_with_external_patch_signal_counterexample"",
          ""rationale"": ""Lock the primitive with public and hidden transfer counterexamples."",
          ""target_surface"": ""tests/test_capability_schema_query_repair_operator_v1.py"",
          ""validation_plan"": {
            ""commands"": [
              [
                ""python"",
                ""-m"",
                ""pytest"",
                ""-q"",
                ""tests/test_capability_schema_query_repair_operator_v1.py""
              ]
            ],
            ""expected_signals"": [
              ""public_counterexample_passes"",
              ""hidden_transfer_case_passes"",
              ""no_broad_regression_gate_failure""
            ],
            ""name"": ""validate_records_with_external_patch_signal""
          }
        }
      ],
      ""promoted"": false,
      ""quarantine"": false,
      ""started_at"": ""2026-06-03T04:10:35Z"",
      ""target_path"": ""shared/local_corpus.py"",
      ""test_path"": ""tests/test_autonomous_local_corpus_external_patch_signals_query_v1.py""
    }
  ],
  ""rollback"": true,
  ""solved_new_tasks"": 0,
  ""state_path"": ""/tmp/rsi_experiments_njfylicq/composite_external_issue_transfer_repo__composite_external_issue_transfer__evolutionary_repair_loop__r0/.omega_rsi_runs/closed_rsi_state.json"",
  ""thdse_core_gate"": true,
  ""total_accepted"": 0,
  ""total_quarantine_exploration"": 0,
  ""total_rejected"": 3
}
",,external_unseen,"psf/requests,hypothesisworks/hypothesis,pandas-dev/pandas,dask/dask",Composite external issue fixture whose schema fields are derived from real GitHub issue metadata across the allowlisted repositories.,External transfer succeeds only when one general schema patch repairs all issue-metadata-derived query surfaces under full pytest.,1.347,0,0,6,3,0,0,python -m pytest -q,,True,7ee87d4e2c2c,4f585c4b2163b3f5aac58b372839cbcb2e831aff930a1fb080a57e84b3ec0ffa,"{""fields"": [{""field_name"": ""external_issue_labels"", ""sample_value"": ""bug""}, {""field_name"": ""external_patch_signals"", ""sample_value"": ""patch""}, {""field_name"": ""external_failure_terms"", ""sample_value"": ""dtype""}, {""field_name"": ""external_array_labels"", ""sample_value"": ""array""}], ""fixture_kind"": ""composite_schema_transfer"", ""repository"": ""composite_external_issue_transfer_repo"", ""safety_controls"": [""held_out_schema_fields"", ""single_general_patch_required"", ""seeded_hidden_schema_evaluator"", ""full_pytest_required""], ""split"": ""external_unseen"", ""task"": ""composite_external_issue_transfer"", ""transfer_origin"": ""psf/requests,hypothesisworks/hypothesis,pandas-dev/pandas,dask/dask""}",True
composite_external_issue_transfer_repo,Composite external issue fixture whose schema fields are derived from real GitHub issue metadata across the allowlisted repositories.,composite_external_issue_transfer,verified_closed_loop,proposed,"Full loop: candidate generation, patching, rollback, persistence, root broad gate, and THDSE core gate.",1,79ccbb0a7dd9,0,3.132,1,3,0.25,0,,True,1,3.132,2,/tmp/rsi_experiments_njfylicq/composite_external_issue_transfer_repo__composite_external_issue_transfer__verified_closed_loop__r1/.omega_rsi_runs/closed_rsi_summary.json,"sis"": [
        {
          ""family"": ""schema_query_repair"",
          ""kind"": ""solver_primitive"",
          ""name"": ""records_with_import"",
          ""rationale"": ""Reusable primitive for schema_query_repair benchmark tasks."",
          ""target_surface"": ""shared/capability_primitives.py"",
          ""validation_plan"": {
            ""commands"": [
              [
                ""python"",
                ""-m"",
                ""pytest"",
                ""-q"",
                ""tests/test_capability_schema_query_repair_operator_v1.py""
              ]
            ],
            ""expected_signals"": [
              ""public_counterexample_passes"",
              ""hidden_transfer_case_passes"",
              ""no_broad_regression_gate_failure""
            ],
            ""name"": ""validate_records_with_import""
          }
        },
        {
          ""family"": ""schema_query_repair"",
          ""kind"": ""search_heuristic"",
          ""name"": ""prefer_records_with_import_reuse"",
          ""rationale"": ""Rank exact capability repair operators ahead of unrelated schema repairs."",
          ""target_surface"": ""scripts/closed_recursive_self_improvement_loop.py"",
          ""validation_plan"": {
            ""commands"": [
              [
                ""python"",
                ""-m"",
                ""pytest"",
                ""-q"",
                ""tests/test_capability_schema_query_repair_operator_v1.py""
              ]
            ],
            ""expected_signals"": [
              ""public_counterexample_passes"",
              ""hidden_transfer_case_passes"",
              ""no_broad_regression_gate_failure""
            ],
            ""name"": ""validate_records_with_import""
          }
        },
        {
          ""family"": ""schema_query_repair"",
          ""kind"": ""evaluator_mutation"",
          ""name"": ""records_with_import_hidden_transfer_case"",
          ""rationale"": ""Add a held-out case that checks transfer beyond the public example."",
          ""target_surface"": ""shared/capability_benchmarks.py"",
          ""validation_plan"": {
            ""commands"": [
              [
                ""python"",
                ""-m"",
                ""pytest"",
                ""-q"",
                ""tests/test_capability_schema_query_repair_operator_v1.py""
              ]
            ],
            ""expected_signals"": [
              ""public_counterexample_passes"",
              ""hidden_transfer_case_passes"",
              ""no_broad_regression_gate_failure""
            ],
            ""name"": ""validate_records_with_import""
          }
        },
        {
          ""family"": ""schema_query_repair"",
          ""kind"": ""counterexample_test"",
          ""name"": ""test_records_with_import_counterexample"",
          ""rationale"": ""Lock the primitive with public and hidden transfer counterexamples."",
          ""target_surface"": ""tests/test_capability_schema_query_repair_operator_v1.py"",
          ""validation_plan"": {
            ""commands"": [
              [
                ""python"",
                ""-m"",
                ""pytest"",
                ""-q"",
                ""tests/test_capability_schema_query_repair_operator_v1.py""
              ]
            ],
            ""expected_signals"": [
              ""public_counterexample_passes"",
              ""hidden_transfer_case_passes"",
              ""no_broad_regression_gate_failure""
            ],
            ""name"": ""validate_records_with_import""
          }
        }
      ],
      ""promoted"": false,
      ""quarantine"": false,
      ""started_at"": ""2026-06-03T04:10:38Z"",
      ""target_path"": ""shared/local_corpus.py"",
      ""test_path"": ""tests/test_emergent_local_corpus_imports_membership_v1.py""
    }
  ],
  ""rollback"": true,
  ""solved_new_tasks"": 0,
  ""state_path"": ""/tmp/rsi_experiments_njfylicq/composite_external_issue_transfer_repo__composite_external_issue_transfer__verified_closed_loop__r1/.omega_rsi_runs/closed_rsi_state.json"",
  ""thdse_core_gate"": true,
  ""total_accepted"": 1,
  ""total_quarantine_exploration"": 0,
  ""total_rejected"": 3
}
",,external_unseen,"psf/requests,hypothesisworks/hypothesis,pandas-dev/pandas,dask/dask",Composite external issue fixture whose schema fields are derived from real GitHub issue metadata across the allowlisted repositories.,External transfer succeeds only when one general schema patch repairs all issue-metadata-derived query surfaces under full pytest.,1.795,0,0,8,3,0,0,python -m pytest -q,0,True,79ccbb0a7dd9,0310c91d5afe4a4089b1339080cd1e5af8c9cf5f2c65d58d03c909c65c92ca70,"{""fields"": [{""field_name"": ""external_issue_labels"", ""sample_value"": ""bug""}, {""field_name"": ""external_patch_signals"", ""sample_value"": ""patch""}, {""field_name"": ""external_failure_terms"", ""sample_value"": ""dtype""}, {""field_name"": ""external_array_labels"", ""sample_value"": ""array""}], ""fixture_kind"": ""composite_schema_transfer"", ""repository"": ""composite_external_issue_transfer_repo"", ""safety_controls"": [""held_out_schema_fields"", ""single_general_patch_required"", ""seeded_hidden_schema_evaluator"", ""full_pytest_required""], ""split"": ""external_unseen"", ""task"": ""composite_external_issue_transfer"", ""transfer_origin"": ""psf/requests,hypothesisworks/hypothesis,pandas-dev/pandas,dask/dask""}",True
composite_external_issue_transfer_repo,Composite external issue fixture whose schema fields are derived from real GitHub issue metadata across the allowlisted repositories.,composite_external_issue_transfer,evolutionary_repair_loop,baseline_evolutionary_repair_loop,Baseline: retry candidate repair loop with the same safety gates but without recursive quarantine search or persistent self-policy depth.,1,79ccbb0a7dd9,0,1.894,0,3,0.0,0,True,False,0,1.894,0,/tmp/rsi_experiments_njfylicq/composite_external_issue_transfer_repo__composite_external_issue_transfer__evolutionary_repair_loop__r1/.omega_rsi_runs/closed_rsi_summary.json,"nal_patch_signal"",
          ""rationale"": ""Reusable primitive for schema_query_repair benchmark tasks."",
          ""target_surface"": ""shared/capability_primitives.py"",
          ""validation_plan"": {
            ""commands"": [
              [
                ""python"",
                ""-m"",
                ""pytest"",
                ""-q"",
                ""tests/test_capability_schema_query_repair_operator_v1.py""
              ]
            ],
            ""expected_signals"": [
              ""public_counterexample_passes"",
              ""hidden_transfer_case_passes"",
              ""no_broad_regression_gate_failure""
            ],
            ""name"": ""validate_records_with_external_patch_signal""
          }
        },
        {
          ""family"": ""schema_query_repair"",
          ""kind"": ""search_heuristic"",
          ""name"": ""prefer_records_with_external_patch_signal_reuse"",
          ""rationale"": ""Rank exact capability repair operators ahead of unrelated schema repairs."",
          ""target_surface"": ""scripts/closed_recursive_self_improvement_loop.py"",
          ""validation_plan"": {
            ""commands"": [
              [
                ""python"",
                ""-m"",
                ""pytest"",
                ""-q"",
                ""tests/test_capability_schema_query_repair_operator_v1.py""
              ]
            ],
            ""expected_signals"": [
              ""public_counterexample_passes"",
              ""hidden_transfer_case_passes"",
              ""no_broad_regression_gate_failure""
            ],
            ""name"": ""validate_records_with_external_patch_signal""
          }
        },
        {
          ""family"": ""schema_query_repair"",
          ""kind"": ""evaluator_mutation"",
          ""name"": ""records_with_external_patch_signal_hidden_transfer_case"",
          ""rationale"": ""Add a held-out case that checks transfer beyond the public example."",
          ""target_surface"": ""shared/capability_benchmarks.py"",
          ""validation_plan"": {
            ""commands"": [
              [
                ""python"",
                ""-m"",
                ""pytest"",
                ""-q"",
                ""tests/test_capability_schema_query_repair_operator_v1.py""
              ]
            ],
            ""expected_signals"": [
              ""public_counterexample_passes"",
              ""hidden_transfer_case_passes"",
              ""no_broad_regression_gate_failure""
            ],
            ""name"": ""validate_records_with_external_patch_signal""
          }
        },
        {
          ""family"": ""schema_query_repair"",
          ""kind"": ""counterexample_test"",
          ""name"": ""test_records_with_external_patch_signal_counterexample"",
          ""rationale"": ""Lock the primitive with public and hidden transfer counterexamples."",
          ""target_surface"": ""tests/test_capability_schema_query_repair_operator_v1.py"",
          ""validation_plan"": {
            ""commands"": [
              [
                ""python"",
                ""-m"",
                ""pytest"",
                ""-q"",
                ""tests/test_capability_schema_query_repair_operator_v1.py""
              ]
            ],
            ""expected_signals"": [
              ""public_counterexample_passes"",
              ""hidden_transfer_case_passes"",
              ""no_broad_regression_gate_failure""
            ],
            ""name"": ""validate_records_with_external_patch_signal""
          }
        }
      ],
      ""promoted"": false,
      ""quarantine"": false,
      ""started_at"": ""2026-06-03T04:10:40Z"",
      ""target_path"": ""shared/local_corpus.py"",
      ""test_path"": ""tests/test_autonomous_local_corpus_external_patch_signals_query_v1.py""
    }
  ],
  ""rollback"": true,
  ""solved_new_tasks"": 0,
  ""state_path"": ""/tmp/rsi_experiments_njfylicq/composite_external_issue_transfer_repo__composite_external_issue_transfer__evolutionary_repair_loop__r1/.omega_rsi_runs/closed_rsi_state.json"",
  ""thdse_core_gate"": true,
  ""total_accepted"": 0,
  ""total_quarantine_exploration"": 0,
  ""total_rejected"": 3
}
",,external_unseen,"psf/requests,hypothesisworks/hypothesis,pandas-dev/pandas,dask/dask",Composite external issue fixture whose schema fields are derived from real GitHub issue metadata across the allowlisted repositories.,External transfer succeeds only when one general schema patch repairs all issue-metadata-derived query surfaces under full pytest.,1.347,0,0,6,3,0,0,python -m pytest -q,,True,79ccbb0a7dd9,7581834c90ddc3faa59130535fe80005cccda808d0436c751ca371be01114b81,"{""fields"": [{""field_name"": ""external_issue_labels"", ""sample_value"": ""bug""}, {""field_name"": ""external_patch_signals"", ""sample_value"": ""patch""}, {""field_name"": ""external_failure_terms"", ""sample_value"": ""dtype""}, {""field_name"": ""external_array_labels"", ""sample_value"": ""array""}], ""fixture_kind"": ""composite_schema_transfer"", ""repository"": ""composite_external_issue_transfer_repo"", ""safety_controls"": [""held_out_schema_fields"", ""single_general_patch_required"", ""seeded_hidden_schema_evaluator"", ""full_pytest_required""], ""split"": ""external_unseen"", ""task"": ""composite_external_issue_transfer"", ""transfer_origin"": ""psf/requests,hypothesisworks/hypothesis,pandas-dev/pandas,dask/dask""}",True
composite_external_issue_transfer_repo,Composite external issue fixture whose schema fields are derived from real GitHub issue metadata across the allowlisted repositories.,composite_external_issue_transfer,verified_closed_loop,proposed,"Full loop: candidate generation, patching, rollback, persistence, root broad gate, and THDSE core gate.",2,08c28f5b4812,0,3.151,1,3,0.25,0,,True,1,3.151,2,/tmp/rsi_experiments_njfylicq/composite_external_issue_transfer_repo__composite_external_issue_transfer__verified_closed_loop__r2/.omega_rsi_runs/closed_rsi_summary.json,"sis"": [
        {
          ""family"": ""schema_query_repair"",
          ""kind"": ""solver_primitive"",
          ""name"": ""records_with_import"",
          ""rationale"": ""Reusable primitive for schema_query_repair benchmark tasks."",
          ""target_surface"": ""shared/capability_primitives.py"",
          ""validation_plan"": {
            ""commands"": [
              [
                ""python"",
                ""-m"",
                ""pytest"",
                ""-q"",
                ""tests/test_capability_schema_query_repair_operator_v1.py""
              ]
            ],
            ""expected_signals"": [
              ""public_counterexample_passes"",
              ""hidden_transfer_case_passes"",
              ""no_broad_regression_gate_failure""
            ],
            ""name"": ""validate_records_with_import""
          }
        },
        {
          ""family"": ""schema_query_repair"",
          ""kind"": ""search_heuristic"",
          ""name"": ""prefer_records_with_import_reuse"",
          ""rationale"": ""Rank exact capability repair operators ahead of unrelated schema repairs."",
          ""target_surface"": ""scripts/closed_recursive_self_improvement_loop.py"",
          ""validation_plan"": {
            ""commands"": [
              [
                ""python"",
                ""-m"",
                ""pytest"",
                ""-q"",
                ""tests/test_capability_schema_query_repair_operator_v1.py""
              ]
            ],
            ""expected_signals"": [
              ""public_counterexample_passes"",
              ""hidden_transfer_case_passes"",
              ""no_broad_regression_gate_failure""
            ],
            ""name"": ""validate_records_with_import""
          }
        },
        {
          ""family"": ""schema_query_repair"",
          ""kind"": ""evaluator_mutation"",
          ""name"": ""records_with_import_hidden_transfer_case"",
          ""rationale"": ""Add a held-out case that checks transfer beyond the public example."",
          ""target_surface"": ""shared/capability_benchmarks.py"",
          ""validation_plan"": {
            ""commands"": [
              [
                ""python"",
                ""-m"",
                ""pytest"",
                ""-q"",
                ""tests/test_capability_schema_query_repair_operator_v1.py""
              ]
            ],
            ""expected_signals"": [
              ""public_counterexample_passes"",
              ""hidden_transfer_case_passes"",
              ""no_broad_regression_gate_failure""
            ],
            ""name"": ""validate_records_with_import""
          }
        },
        {
          ""family"": ""schema_query_repair"",
          ""kind"": ""counterexample_test"",
          ""name"": ""test_records_with_import_counterexample"",
          ""rationale"": ""Lock the primitive with public and hidden transfer counterexamples."",
          ""target_surface"": ""tests/test_capability_schema_query_repair_operator_v1.py"",
          ""validation_plan"": {
            ""commands"": [
              [
                ""python"",
                ""-m"",
                ""pytest"",
                ""-q"",
                ""tests/test_capability_schema_query_repair_operator_v1.py""
              ]
            ],
            ""expected_signals"": [
              ""public_counterexample_passes"",
              ""hidden_transfer_case_passes"",
              ""no_broad_regression_gate_failure""
            ],
            ""name"": ""validate_records_with_import""
          }
        }
      ],
      ""promoted"": false,
      ""quarantine"": false,
      ""started_at"": ""2026-06-03T04:10:43Z"",
      ""target_path"": ""shared/local_corpus.py"",
      ""test_path"": ""tests/test_emergent_local_corpus_imports_membership_v1.py""
    }
  ],
  ""rollback"": true,
  ""solved_new_tasks"": 0,
  ""state_path"": ""/tmp/rsi_experiments_njfylicq/composite_external_issue_transfer_repo__composite_external_issue_transfer__verified_closed_loop__r2/.omega_rsi_runs/closed_rsi_state.json"",
  ""thdse_core_gate"": true,
  ""total_accepted"": 1,
  ""total_quarantine_exploration"": 0,
  ""total_rejected"": 3
}
",,external_unseen,"psf/requests,hypothesisworks/hypothesis,pandas-dev/pandas,dask/dask",Composite external issue fixture whose schema fields are derived from real GitHub issue metadata across the allowlisted repositories.,External transfer succeeds only when one general schema patch repairs all issue-metadata-derived query surfaces under full pytest.,1.795,0,0,8,3,0,0,python -m pytest -q,0,True,08c28f5b4812,20c787533e0c02ea3e69d3c5f90cc025e7f22602a999184aba4f4d0c4f04bbbe,"{""fields"": [{""field_name"": ""external_issue_labels"", ""sample_value"": ""bug""}, {""field_name"": ""external_patch_signals"", ""sample_value"": ""patch""}, {""field_name"": ""external_failure_terms"", ""sample_value"": ""dtype""}, {""field_name"": ""external_array_labels"", ""sample_value"": ""array""}], ""fixture_kind"": ""composite_schema_transfer"", ""repository"": ""composite_external_issue_transfer_repo"", ""safety_controls"": [""held_out_schema_fields"", ""single_general_patch_required"", ""seeded_hidden_schema_evaluator"", ""full_pytest_required""], ""split"": ""external_unseen"", ""task"": ""composite_external_issue_transfer"", ""transfer_origin"": ""psf/requests,hypothesisworks/hypothesis,pandas-dev/pandas,dask/dask""}",True
composite_external_issue_transfer_repo,Composite external issue fixture whose schema fields are derived from real GitHub issue metadata across the allowlisted repositories.,composite_external_issue_transfer,evolutionary_repair_loop,baseline_evolutionary_repair_loop,Baseline: retry candidate repair loop with the same safety gates but without recursive quarantine search or persistent self-policy depth.,2,08c28f5b4812,0,1.893,0,3,0.0,0,True,False,0,1.893,0,/tmp/rsi_experiments_njfylicq/composite_external_issue_transfer_repo__composite_external_issue_transfer__evolutionary_repair_loop__r2/.omega_rsi_runs/closed_rsi_summary.json,"nal_patch_signal"",
          ""rationale"": ""Reusable primitive for schema_query_repair benchmark tasks."",
          ""target_surface"": ""shared/capability_primitives.py"",
          ""validation_plan"": {
            ""commands"": [
              [
                ""python"",
                ""-m"",
                ""pytest"",
                ""-q"",
                ""tests/test_capability_schema_query_repair_operator_v1.py""
              ]
            ],
            ""expected_signals"": [
              ""public_counterexample_passes"",
              ""hidden_transfer_case_passes"",
              ""no_broad_regression_gate_failure""
            ],
            ""name"": ""validate_records_with_external_patch_signal""
          }
        },
        {
          ""family"": ""schema_query_repair"",
          ""kind"": ""search_heuristic"",
          ""name"": ""prefer_records_with_external_patch_signal_reuse"",
          ""rationale"": ""Rank exact capability repair operators ahead of unrelated schema repairs."",
          ""target_surface"": ""scripts/closed_recursive_self_improvement_loop.py"",
          ""validation_plan"": {
            ""commands"": [
              [
                ""python"",
                ""-m"",
                ""pytest"",
                ""-q"",
                ""tests/test_capability_schema_query_repair_operator_v1.py""
              ]
            ],
            ""expected_signals"": [
              ""public_counterexample_passes"",
              ""hidden_transfer_case_passes"",
              ""no_broad_regression_gate_failure""
            ],
            ""name"": ""validate_records_with_external_patch_signal""
          }
        },
        {
          ""family"": ""schema_query_repair"",
          ""kind"": ""evaluator_mutation"",
          ""name"": ""records_with_external_patch_signal_hidden_transfer_case"",
          ""rationale"": ""Add a held-out case that checks transfer beyond the public example."",
          ""target_surface"": ""shared/capability_benchmarks.py"",
          ""validation_plan"": {
            ""commands"": [
              [
                ""python"",
                ""-m"",
                ""pytest"",
                ""-q"",
                ""tests/test_capability_schema_query_repair_operator_v1.py""
              ]
            ],
            ""expected_signals"": [
              ""public_counterexample_passes"",
              ""hidden_transfer_case_passes"",
              ""no_broad_regression_gate_failure""
            ],
            ""name"": ""validate_records_with_external_patch_signal""
          }
        },
        {
          ""family"": ""schema_query_repair"",
          ""kind"": ""counterexample_test"",
          ""name"": ""test_records_with_external_patch_signal_counterexample"",
          ""rationale"": ""Lock the primitive with public and hidden transfer counterexamples."",
          ""target_surface"": ""tests/test_capability_schema_query_repair_operator_v1.py"",
          ""validation_plan"": {
            ""commands"": [
              [
                ""python"",
                ""-m"",
                ""pytest"",
                ""-q"",
                ""tests/test_capability_schema_query_repair_operator_v1.py""
              ]
            ],
            ""expected_signals"": [
              ""public_counterexample_passes"",
              ""hidden_transfer_case_passes"",
              ""no_broad_regression_gate_failure""
            ],
            ""name"": ""validate_records_with_external_patch_signal""
          }
        }
      ],
      ""promoted"": false,
      ""quarantine"": false,
      ""started_at"": ""2026-06-03T04:10:45Z"",
      ""target_path"": ""shared/local_corpus.py"",
      ""test_path"": ""tests/test_autonomous_local_corpus_external_patch_signals_query_v1.py""
    }
  ],
  ""rollback"": true,
  ""solved_new_tasks"": 0,
  ""state_path"": ""/tmp/rsi_experiments_njfylicq/composite_external_issue_transfer_repo__composite_external_issue_transfer__evolutionary_repair_loop__r2/.omega_rsi_runs/closed_rsi_state.json"",
  ""thdse_core_gate"": true,
  ""total_accepted"": 0,
  ""total_quarantine_exploration"": 0,
  ""total_rejected"": 3
}
",,external_unseen,"psf/requests,hypothesisworks/hypothesis,pandas-dev/pandas,dask/dask",Composite external issue fixture whose schema fields are derived from real GitHub issue metadata across the allowlisted repositories.,External transfer succeeds only when one general schema patch repairs all issue-metadata-derived query surfaces under full pytest.,1.347,0,0,6,3,0,0,python -m pytest -q,,True,08c28f5b4812,a0adacd334e4a7f8710f94ce6190722fed2e761b202fd2ef30e721cfa4d14da3,"{""fields"": [{""field_name"": ""external_issue_labels"", ""sample_value"": ""bug""}, {""field_name"": ""external_patch_signals"", ""sample_value"": ""patch""}, {""field_name"": ""external_failure_terms"", ""sample_value"": ""dtype""}, {""field_name"": ""external_array_labels"", ""sample_value"": ""array""}], ""fixture_kind"": ""composite_schema_transfer"", ""repository"": ""composite_external_issue_transfer_repo"", ""safety_controls"": [""held_out_schema_fields"", ""single_general_patch_required"", ""seeded_hidden_schema_evaluator"", ""full_pytest_required""], ""split"": ""external_unseen"", ""task"": ""composite_external_issue_transfer"", ""transfer_origin"": ""psf/requests,hypothesisworks/hypothesis,pandas-dev/pandas,dask/dask""}",True
composite_external_issue_transfer_repo,Composite external issue fixture whose schema fields are derived from real GitHub issue metadata across the allowlisted repositories.,composite_external_issue_transfer,verified_closed_loop,proposed,"Full loop: candidate generation, patching, rollback, persistence, root broad gate, and THDSE core gate.",3,c07daa903ee4,0,3.167,1,3,0.25,0,,True,1,3.167,2,/tmp/rsi_experiments_njfylicq/composite_external_issue_transfer_repo__composite_external_issue_transfer__verified_closed_loop__r3/.omega_rsi_runs/closed_rsi_summary.json,"sis"": [
        {
          ""family"": ""schema_query_repair"",
          ""kind"": ""solver_primitive"",
          ""name"": ""records_with_import"",
          ""rationale"": ""Reusable primitive for schema_query_repair benchmark tasks."",
          ""target_surface"": ""shared/capability_primitives.py"",
          ""validation_plan"": {
            ""commands"": [
              [
                ""python"",
                ""-m"",
                ""pytest"",
                ""-q"",
                ""tests/test_capability_schema_query_repair_operator_v1.py""
              ]
            ],
            ""expected_signals"": [
              ""public_counterexample_passes"",
              ""hidden_transfer_case_passes"",
              ""no_broad_regression_gate_failure""
            ],
            ""name"": ""validate_records_with_import""
          }
        },
        {
          ""family"": ""schema_query_repair"",
          ""kind"": ""search_heuristic"",
          ""name"": ""prefer_records_with_import_reuse"",
          ""rationale"": ""Rank exact capability repair operators ahead of unrelated schema repairs."",
          ""target_surface"": ""scripts/closed_recursive_self_improvement_loop.py"",
          ""validation_plan"": {
            ""commands"": [
              [
                ""python"",
                ""-m"",
                ""pytest"",
                ""-q"",
                ""tests/test_capability_schema_query_repair_operator_v1.py""
              ]
            ],
            ""expected_signals"": [
              ""public_counterexample_passes"",
              ""hidden_transfer_case_passes"",
              ""no_broad_regression_gate_failure""
            ],
            ""name"": ""validate_records_with_import""
          }
        },
        {
          ""family"": ""schema_query_repair"",
          ""kind"": ""evaluator_mutation"",
          ""name"": ""records_with_import_hidden_transfer_case"",
          ""rationale"": ""Add a held-out case that checks transfer beyond the public example."",
          ""target_surface"": ""shared/capability_benchmarks.py"",
          ""validation_plan"": {
            ""commands"": [
              [
                ""python"",
                ""-m"",
                ""pytest"",
                ""-q"",
                ""tests/test_capability_schema_query_repair_operator_v1.py""
              ]
            ],
            ""expected_signals"": [
              ""public_counterexample_passes"",
              ""hidden_transfer_case_passes"",
              ""no_broad_regression_gate_failure""
            ],
            ""name"": ""validate_records_with_import""
          }
        },
        {
          ""family"": ""schema_query_repair"",
          ""kind"": ""counterexample_test"",
          ""name"": ""test_records_with_import_counterexample"",
          ""rationale"": ""Lock the primitive with public and hidden transfer counterexamples."",
          ""target_surface"": ""tests/test_capability_schema_query_repair_operator_v1.py"",
          ""validation_plan"": {
            ""commands"": [
              [
                ""python"",
                ""-m"",
                ""pytest"",
                ""-q"",
                ""tests/test_capability_schema_query_repair_operator_v1.py""
              ]
            ],
            ""expected_signals"": [
              ""public_counterexample_passes"",
              ""hidden_transfer_case_passes"",
              ""no_broad_regression_gate_failure""
            ],
            ""name"": ""validate_records_with_import""
          }
        }
      ],
      ""promoted"": false,
      ""quarantine"": false,
      ""started_at"": ""2026-06-03T04:10:49Z"",
      ""target_path"": ""shared/local_corpus.py"",
      ""test_path"": ""tests/test_emergent_local_corpus_imports_membership_v1.py""
    }
  ],
  ""rollback"": true,
  ""solved_new_tasks"": 0,
  ""state_path"": ""/tmp/rsi_experiments_njfylicq/composite_external_issue_transfer_repo__composite_external_issue_transfer__verified_closed_loop__r3/.omega_rsi_runs/closed_rsi_state.json"",
  ""thdse_core_gate"": true,
  ""total_accepted"": 1,
  ""total_quarantine_exploration"": 0,
  ""total_rejected"": 3
}
",,external_unseen,"psf/requests,hypothesisworks/hypothesis,pandas-dev/pandas,dask/dask",Composite external issue fixture whose schema fields are derived from real GitHub issue metadata across the allowlisted repositories.,External transfer succeeds only when one general schema patch repairs all issue-metadata-derived query surfaces under full pytest.,1.795,0,0,8,3,0,0,python -m pytest -q,0,True,c07daa903ee4,22e5e419728b3b2b98786adc0ab372bfc9685044258b027606a3aa346c37797a,"{""fields"": [{""field_name"": ""external_issue_labels"", ""sample_value"": ""bug""}, {""field_name"": ""external_patch_signals"", ""sample_value"": ""patch""}, {""field_name"": ""external_failure_terms"", ""sample_value"": ""dtype""}, {""field_name"": ""external_array_labels"", ""sample_value"": ""array""}], ""fixture_kind"": ""composite_schema_transfer"", ""repository"": ""composite_external_issue_transfer_repo"", ""safety_controls"": [""held_out_schema_fields"", ""single_general_patch_required"", ""seeded_hidden_schema_evaluator"", ""full_pytest_required""], ""split"": ""external_unseen"", ""task"": ""composite_external_issue_transfer"", ""transfer_origin"": ""psf/requests,hypothesisworks/hypothesis,pandas-dev/pandas,dask/dask""}",True
composite_external_issue_transfer_repo,Composite external issue fixture whose schema fields are derived from real GitHub issue metadata across the allowlisted repositories.,composite_external_issue_transfer,evolutionary_repair_loop,baseline_evolutionary_repair_loop,Baseline: retry candidate repair loop with the same safety gates but without recursive quarantine search or persistent self-policy depth.,3,c07daa903ee4,0,1.889,0,3,0.0,0,True,False,0,1.889,0,/tmp/rsi_experiments_njfylicq/composite_external_issue_transfer_repo__composite_external_issue_transfer__evolutionary_repair_loop__r3/.omega_rsi_runs/closed_rsi_summary.json,"nal_patch_signal"",
          ""rationale"": ""Reusable primitive for schema_query_repair benchmark tasks."",
          ""target_surface"": ""shared/capability_primitives.py"",
          ""validation_plan"": {
            ""commands"": [
              [
                ""python"",
                ""-m"",
                ""pytest"",
                ""-q"",
                ""tests/test_capability_schema_query_repair_operator_v1.py""
              ]
            ],
            ""expected_signals"": [
              ""public_counterexample_passes"",
              ""hidden_transfer_case_passes"",
              ""no_broad_regression_gate_failure""
            ],
            ""name"": ""validate_records_with_external_patch_signal""
          }
        },
        {
          ""family"": ""schema_query_repair"",
          ""kind"": ""search_heuristic"",
          ""name"": ""prefer_records_with_external_patch_signal_reuse"",
          ""rationale"": ""Rank exact capability repair operators ahead of unrelated schema repairs."",
          ""target_surface"": ""scripts/closed_recursive_self_improvement_loop.py"",
          ""validation_plan"": {
            ""commands"": [
              [
                ""python"",
                ""-m"",
                ""pytest"",
                ""-q"",
                ""tests/test_capability_schema_query_repair_operator_v1.py""
              ]
            ],
            ""expected_signals"": [
              ""public_counterexample_passes"",
              ""hidden_transfer_case_passes"",
              ""no_broad_regression_gate_failure""
            ],
            ""name"": ""validate_records_with_external_patch_signal""
          }
        },
        {
          ""family"": ""schema_query_repair"",
          ""kind"": ""evaluator_mutation"",
          ""name"": ""records_with_external_patch_signal_hidden_transfer_case"",
          ""rationale"": ""Add a held-out case that checks transfer beyond the public example."",
          ""target_surface"": ""shared/capability_benchmarks.py"",
          ""validation_plan"": {
            ""commands"": [
              [
                ""python"",
                ""-m"",
                ""pytest"",
                ""-q"",
                ""tests/test_capability_schema_query_repair_operator_v1.py""
              ]
            ],
            ""expected_signals"": [
              ""public_counterexample_passes"",
              ""hidden_transfer_case_passes"",
              ""no_broad_regression_gate_failure""
            ],
            ""name"": ""validate_records_with_external_patch_signal""
          }
        },
        {
          ""family"": ""schema_query_repair"",
          ""kind"": ""counterexample_test"",
          ""name"": ""test_records_with_external_patch_signal_counterexample"",
          ""rationale"": ""Lock the primitive with public and hidden transfer counterexamples."",
          ""target_surface"": ""tests/test_capability_schema_query_repair_operator_v1.py"",
          ""validation_plan"": {
            ""commands"": [
              [
                ""python"",
                ""-m"",
                ""pytest"",
                ""-q"",
                ""tests/test_capability_schema_query_repair_operator_v1.py""
              ]
            ],
            ""expected_signals"": [
              ""public_counterexample_passes"",
              ""hidden_transfer_case_passes"",
              ""no_broad_regression_gate_failure""
            ],
            ""name"": ""validate_records_with_external_patch_signal""
          }
        }
      ],
      ""promoted"": false,
      ""quarantine"": false,
      ""started_at"": ""2026-06-03T04:10:50Z"",
      ""target_path"": ""shared/local_corpus.py"",
      ""test_path"": ""tests/test_autonomous_local_corpus_external_patch_signals_query_v1.py""
    }
  ],
  ""rollback"": true,
  ""solved_new_tasks"": 0,
  ""state_path"": ""/tmp/rsi_experiments_njfylicq/composite_external_issue_transfer_repo__composite_external_issue_transfer__evolutionary_repair_loop__r3/.omega_rsi_runs/closed_rsi_state.json"",
  ""thdse_core_gate"": true,
  ""total_accepted"": 0,
  ""total_quarantine_exploration"": 0,
  ""total_rejected"": 3
}
",,external_unseen,"psf/requests,hypothesisworks/hypothesis,pandas-dev/pandas,dask/dask",Composite external issue fixture whose schema fields are derived from real GitHub issue metadata across the allowlisted repositories.,External transfer succeeds only when one general schema patch repairs all issue-metadata-derived query surfaces under full pytest.,1.347,0,0,6,3,0,0,python -m pytest -q,,True,c07daa903ee4,a944b05b2e1d88b6450967ce927a104b98eef2700f904b81a42b5b165a4588d2,"{""fields"": [{""field_name"": ""external_issue_labels"", ""sample_value"": ""bug""}, {""field_name"": ""external_patch_signals"", ""sample_value"": ""patch""}, {""field_name"": ""external_failure_terms"", ""sample_value"": ""dtype""}, {""field_name"": ""external_array_labels"", ""sample_value"": ""array""}], ""fixture_kind"": ""composite_schema_transfer"", ""repository"": ""composite_external_issue_transfer_repo"", ""safety_controls"": [""held_out_schema_fields"", ""single_general_patch_required"", ""seeded_hidden_schema_evaluator"", ""full_pytest_required""], ""split"": ""external_unseen"", ""task"": ""composite_external_issue_transfer"", ""transfer_origin"": ""psf/requests,hypothesisworks/hypothesis,pandas-dev/pandas,dask/dask""}",True
composite_external_issue_transfer_repo,Composite external issue fixture whose schema fields are derived from real GitHub issue metadata across the allowlisted repositories.,composite_external_issue_transfer,verified_closed_loop,proposed,"Full loop: candidate generation, patching, rollback, persistence, root broad gate, and THDSE core gate.",4,5c511f9ce470,0,3.154,1,3,0.25,0,,True,1,3.154,2,/tmp/rsi_experiments_njfylicq/composite_external_issue_transfer_repo__composite_external_issue_transfer__verified_closed_loop__r4/.omega_rsi_runs/closed_rsi_summary.json,"sis"": [
        {
          ""family"": ""schema_query_repair"",
          ""kind"": ""solver_primitive"",
          ""name"": ""records_with_import"",
          ""rationale"": ""Reusable primitive for schema_query_repair benchmark tasks."",
          ""target_surface"": ""shared/capability_primitives.py"",
          ""validation_plan"": {
            ""commands"": [
              [
                ""python"",
                ""-m"",
                ""pytest"",
                ""-q"",
                ""tests/test_capability_schema_query_repair_operator_v1.py""
              ]
            ],
            ""expected_signals"": [
              ""public_counterexample_passes"",
              ""hidden_transfer_case_passes"",
              ""no_broad_regression_gate_failure""
            ],
            ""name"": ""validate_records_with_import""
          }
        },
        {
          ""family"": ""schema_query_repair"",
          ""kind"": ""search_heuristic"",
          ""name"": ""prefer_records_with_import_reuse"",
          ""rationale"": ""Rank exact capability repair operators ahead of unrelated schema repairs."",
          ""target_surface"": ""scripts/closed_recursive_self_improvement_loop.py"",
          ""validation_plan"": {
            ""commands"": [
              [
                ""python"",
                ""-m"",
                ""pytest"",
                ""-q"",
                ""tests/test_capability_schema_query_repair_operator_v1.py""
              ]
            ],
            ""expected_signals"": [
              ""public_counterexample_passes"",
              ""hidden_transfer_case_passes"",
              ""no_broad_regression_gate_failure""
            ],
            ""name"": ""validate_records_with_import""
          }
        },
        {
          ""family"": ""schema_query_repair"",
          ""kind"": ""evaluator_mutation"",
          ""name"": ""records_with_import_hidden_transfer_case"",
          ""rationale"": ""Add a held-out case that checks transfer beyond the public example."",
          ""target_surface"": ""shared/capability_benchmarks.py"",
          ""validation_plan"": {
            ""commands"": [
              [
                ""python"",
                ""-m"",
                ""pytest"",
                ""-q"",
                ""tests/test_capability_schema_query_repair_operator_v1.py""
              ]
            ],
            ""expected_signals"": [
              ""public_counterexample_passes"",
              ""hidden_transfer_case_passes"",
              ""no_broad_regression_gate_failure""
            ],
            ""name"": ""validate_records_with_import""
          }
        },
        {
          ""family"": ""schema_query_repair"",
          ""kind"": ""counterexample_test"",
          ""name"": ""test_records_with_import_counterexample"",
          ""rationale"": ""Lock the primitive with public and hidden transfer counterexamples."",
          ""target_surface"": ""tests/test_capability_schema_query_repair_operator_v1.py"",
          ""validation_plan"": {
            ""commands"": [
              [
                ""python"",
                ""-m"",
                ""pytest"",
                ""-q"",
                ""tests/test_capability_schema_query_repair_operator_v1.py""
              ]
            ],
            ""expected_signals"": [
              ""public_counterexample_passes"",
              ""hidden_transfer_case_passes"",
              ""no_broad_regression_gate_failure""
            ],
            ""name"": ""validate_records_with_import""
          }
        }
      ],
      ""promoted"": false,
      ""quarantine"": false,
      ""started_at"": ""2026-06-03T04:10:54Z"",
      ""target_path"": ""shared/local_corpus.py"",
      ""test_path"": ""tests/test_emergent_local_corpus_imports_membership_v1.py""
    }
  ],
  ""rollback"": true,
  ""solved_new_tasks"": 0,
  ""state_path"": ""/tmp/rsi_experiments_njfylicq/composite_external_issue_transfer_repo__composite_external_issue_transfer__verified_closed_loop__r4/.omega_rsi_runs/closed_rsi_state.json"",
  ""thdse_core_gate"": true,
  ""total_accepted"": 1,
  ""total_quarantine_exploration"": 0,
  ""total_rejected"": 3
}
",,external_unseen,"psf/requests,hypothesisworks/hypothesis,pandas-dev/pandas,dask/dask",Composite external issue fixture whose schema fields are derived from real GitHub issue metadata across the allowlisted repositories.,External transfer succeeds only when one general schema patch repairs all issue-metadata-derived query surfaces under full pytest.,1.795,0,0,8,3,0,0,python -m pytest -q,0,True,5c511f9ce470,2a5f020a47cd2d032aa4d1f0efffeaa2d96492e904f67db61b1198b37c46f23a,"{""fields"": [{""field_name"": ""external_issue_labels"", ""sample_value"": ""bug""}, {""field_name"": ""external_patch_signals"", ""sample_value"": ""patch""}, {""field_name"": ""external_failure_terms"", ""sample_value"": ""dtype""}, {""field_name"": ""external_array_labels"", ""sample_value"": ""array""}], ""fixture_kind"": ""composite_schema_transfer"", ""repository"": ""composite_external_issue_transfer_repo"", ""safety_controls"": [""held_out_schema_fields"", ""single_general_patch_required"", ""seeded_hidden_schema_evaluator"", ""full_pytest_required""], ""split"": ""external_unseen"", ""task"": ""composite_external_issue_transfer"", ""transfer_origin"": ""psf/requests,hypothesisworks/hypothesis,pandas-dev/pandas,dask/dask""}",True
composite_external_issue_transfer_repo,Composite external issue fixture whose schema fields are derived from real GitHub issue metadata across the allowlisted repositories.,composite_external_issue_transfer,evolutionary_repair_loop,baseline_evolutionary_repair_loop,Baseline: retry candidate repair loop with the same safety gates but without recursive quarantine search or persistent self-policy depth.,4,5c511f9ce470,0,1.895,0,3,0.0,0,True,False,0,1.895,0,/tmp/rsi_experiments_njfylicq/composite_external_issue_transfer_repo__composite_external_issue_transfer__evolutionary_repair_loop__r4/.omega_rsi_runs/closed_rsi_summary.json,"nal_patch_signal"",
          ""rationale"": ""Reusable primitive for schema_query_repair benchmark tasks."",
          ""target_surface"": ""shared/capability_primitives.py"",
          ""validation_plan"": {
            ""commands"": [
              [
                ""python"",
                ""-m"",
                ""pytest"",
                ""-q"",
                ""tests/test_capability_schema_query_repair_operator_v1.py""
              ]
            ],
            ""expected_signals"": [
              ""public_counterexample_passes"",
              ""hidden_transfer_case_passes"",
              ""no_broad_regression_gate_failure""
            ],
            ""name"": ""validate_records_with_external_patch_signal""
          }
        },
        {
          ""family"": ""schema_query_repair"",
          ""kind"": ""search_heuristic"",
          ""name"": ""prefer_records_with_external_patch_signal_reuse"",
          ""rationale"": ""Rank exact capability repair operators ahead of unrelated schema repairs."",
          ""target_surface"": ""scripts/closed_recursive_self_improvement_loop.py"",
          ""validation_plan"": {
            ""commands"": [
              [
                ""python"",
                ""-m"",
                ""pytest"",
                ""-q"",
                ""tests/test_capability_schema_query_repair_operator_v1.py""
              ]
            ],
            ""expected_signals"": [
              ""public_counterexample_passes"",
              ""hidden_transfer_case_passes"",
              ""no_broad_regression_gate_failure""
            ],
            ""name"": ""validate_records_with_external_patch_signal""
          }
        },
        {
          ""family"": ""schema_query_repair"",
          ""kind"": ""evaluator_mutation"",
          ""name"": ""records_with_external_patch_signal_hidden_transfer_case"",
          ""rationale"": ""Add a held-out case that checks transfer beyond the public example."",
          ""target_surface"": ""shared/capability_benchmarks.py"",
          ""validation_plan"": {
            ""commands"": [
              [
                ""python"",
                ""-m"",
                ""pytest"",
                ""-q"",
                ""tests/test_capability_schema_query_repair_operator_v1.py""
              ]
            ],
            ""expected_signals"": [
              ""public_counterexample_passes"",
              ""hidden_transfer_case_passes"",
              ""no_broad_regression_gate_failure""
            ],
            ""name"": ""validate_records_with_external_patch_signal""
          }
        },
        {
          ""family"": ""schema_query_repair"",
          ""kind"": ""counterexample_test"",
          ""name"": ""test_records_with_external_patch_signal_counterexample"",
          ""rationale"": ""Lock the primitive with public and hidden transfer counterexamples."",
          ""target_surface"": ""tests/test_capability_schema_query_repair_operator_v1.py"",
          ""validation_plan"": {
            ""commands"": [
              [
                ""python"",
                ""-m"",
                ""pytest"",
                ""-q"",
                ""tests/test_capability_schema_query_repair_operator_v1.py""
              ]
            ],
            ""expected_signals"": [
              ""public_counterexample_passes"",
              ""hidden_transfer_case_passes"",
              ""no_broad_regression_gate_failure""
            ],
            ""name"": ""validate_records_with_external_patch_signal""
          }
        }
      ],
      ""promoted"": false,
      ""quarantine"": false,
      ""started_at"": ""2026-06-03T04:10:55Z"",
      ""target_path"": ""shared/local_corpus.py"",
      ""test_path"": ""tests/test_autonomous_local_corpus_external_patch_signals_query_v1.py""
    }
  ],
  ""rollback"": true,
  ""solved_new_tasks"": 0,
  ""state_path"": ""/tmp/rsi_experiments_njfylicq/composite_external_issue_transfer_repo__composite_external_issue_transfer__evolutionary_repair_loop__r4/.omega_rsi_runs/closed_rsi_state.json"",
  ""thdse_core_gate"": true,
  ""total_accepted"": 0,
  ""total_quarantine_exploration"": 0,
  ""total_rejected"": 3
}
",,external_unseen,"psf/requests,hypothesisworks/hypothesis,pandas-dev/pandas,dask/dask",Composite external issue fixture whose schema fields are derived from real GitHub issue metadata across the allowlisted repositories.,External transfer succeeds only when one general schema patch repairs all issue-metadata-derived query surfaces under full pytest.,1.347,0,0,6,3,0,0,python -m pytest -q,,True,5c511f9ce470,b07426ee315e3f1c02c7e19becf6b12e8cac9b7d4dde22be1083a4164645fdaf,"{""fields"": [{""field_name"": ""external_issue_labels"", ""sample_value"": ""bug""}, {""field_name"": ""external_patch_signals"", ""sample_value"": ""patch""}, {""field_name"": ""external_failure_terms"", ""sample_value"": ""dtype""}, {""field_name"": ""external_array_labels"", ""sample_value"": ""array""}], ""fixture_kind"": ""composite_schema_transfer"", ""repository"": ""composite_external_issue_transfer_repo"", ""safety_controls"": [""held_out_schema_fields"", ""single_general_patch_required"", ""seeded_hidden_schema_evaluator"", ""full_pytest_required""], ""split"": ""external_unseen"", ""task"": ""composite_external_issue_transfer"", ""transfer_origin"": ""psf/requests,hypothesisworks/hypothesis,pandas-dev/pandas,dask/dask""}",True
composite_external_issue_transfer_repo,Composite external issue fixture whose schema fields are derived from real GitHub issue metadata across the allowlisted repositories.,composite_external_issue_transfer,verified_closed_loop,proposed,"Full loop: candidate generation, patching, rollback, persistence, root broad gate, and THDSE core gate.",5,0a6197fe0572,0,3.13,1,3,0.25,0,,True,1,3.13,2,/tmp/rsi_experiments_njfylicq/composite_external_issue_transfer_repo__composite_external_issue_transfer__verified_closed_loop__r5/.omega_rsi_runs/closed_rsi_summary.json,"sis"": [
        {
          ""family"": ""schema_query_repair"",
          ""kind"": ""solver_primitive"",
          ""name"": ""records_with_import"",
          ""rationale"": ""Reusable primitive for schema_query_repair benchmark tasks."",
          ""target_surface"": ""shared/capability_primitives.py"",
          ""validation_plan"": {
            ""commands"": [
              [
                ""python"",
                ""-m"",
                ""pytest"",
                ""-q"",
                ""tests/test_capability_schema_query_repair_operator_v1.py""
              ]
            ],
            ""expected_signals"": [
              ""public_counterexample_passes"",
              ""hidden_transfer_case_passes"",
              ""no_broad_regression_gate_failure""
            ],
            ""name"": ""validate_records_with_import""
          }
        },
        {
          ""family"": ""schema_query_repair"",
          ""kind"": ""search_heuristic"",
          ""name"": ""prefer_records_with_import_reuse"",
          ""rationale"": ""Rank exact capability repair operators ahead of unrelated schema repairs."",
          ""target_surface"": ""scripts/closed_recursive_self_improvement_loop.py"",
          ""validation_plan"": {
            ""commands"": [
              [
                ""python"",
                ""-m"",
                ""pytest"",
                ""-q"",
                ""tests/test_capability_schema_query_repair_operator_v1.py""
              ]
            ],
            ""expected_signals"": [
              ""public_counterexample_passes"",
              ""hidden_transfer_case_passes"",
              ""no_broad_regression_gate_failure""
            ],
            ""name"": ""validate_records_with_import""
          }
        },
        {
          ""family"": ""schema_query_repair"",
          ""kind"": ""evaluator_mutation"",
          ""name"": ""records_with_import_hidden_transfer_case"",
          ""rationale"": ""Add a held-out case that checks transfer beyond the public example."",
          ""target_surface"": ""shared/capability_benchmarks.py"",
          ""validation_plan"": {
            ""commands"": [
              [
                ""python"",
                ""-m"",
                ""pytest"",
                ""-q"",
                ""tests/test_capability_schema_query_repair_operator_v1.py""
              ]
            ],
            ""expected_signals"": [
              ""public_counterexample_passes"",
              ""hidden_transfer_case_passes"",
              ""no_broad_regression_gate_failure""
            ],
            ""name"": ""validate_records_with_import""
          }
        },
        {
          ""family"": ""schema_query_repair"",
          ""kind"": ""counterexample_test"",
          ""name"": ""test_records_with_import_counterexample"",
          ""rationale"": ""Lock the primitive with public and hidden transfer counterexamples."",
          ""target_surface"": ""tests/test_capability_schema_query_repair_operator_v1.py"",
          ""validation_plan"": {
            ""commands"": [
              [
                ""python"",
                ""-m"",
                ""pytest"",
                ""-q"",
                ""tests/test_capability_schema_query_repair_operator_v1.py""
              ]
            ],
            ""expected_signals"": [
              ""public_counterexample_passes"",
              ""hidden_transfer_case_passes"",
              ""no_broad_regression_gate_failure""
            ],
            ""name"": ""validate_records_with_import""
          }
        }
      ],
      ""promoted"": false,
      ""quarantine"": false,
      ""started_at"": ""2026-06-03T04:10:59Z"",
      ""target_path"": ""shared/local_corpus.py"",
      ""test_path"": ""tests/test_emergent_local_corpus_imports_membership_v1.py""
    }
  ],
  ""rollback"": true,
  ""solved_new_tasks"": 0,
  ""state_path"": ""/tmp/rsi_experiments_njfylicq/composite_external_issue_transfer_repo__composite_external_issue_transfer__verified_closed_loop__r5/.omega_rsi_runs/closed_rsi_state.json"",
  ""thdse_core_gate"": true,
  ""total_accepted"": 1,
  ""total_quarantine_exploration"": 0,
  ""total_rejected"": 3
}
",,external_unseen,"psf/requests,hypothesisworks/hypothesis,pandas-dev/pandas,dask/dask",Composite external issue fixture whose schema fields are derived from real GitHub issue metadata across the allowlisted repositories.,External transfer succeeds only when one general schema patch repairs all issue-metadata-derived query surfaces under full pytest.,1.795,0,0,8,3,0,0,python -m pytest -q,0,True,0a6197fe0572,ca2d1f5c9aa80c0495d138ede85220510670b388507408d7ea12a41f599e7d8f,"{""fields"": [{""field_name"": ""external_issue_labels"", ""sample_value"": ""bug""}, {""field_name"": ""external_patch_signals"", ""sample_value"": ""patch""}, {""field_name"": ""external_failure_terms"", ""sample_value"": ""dtype""}, {""field_name"": ""external_array_labels"", ""sample_value"": ""array""}], ""fixture_kind"": ""composite_schema_transfer"", ""repository"": ""composite_external_issue_transfer_repo"", ""safety_controls"": [""held_out_schema_fields"", ""single_general_patch_required"", ""seeded_hidden_schema_evaluator"", ""full_pytest_required""], ""split"": ""external_unseen"", ""task"": ""composite_external_issue_transfer"", ""transfer_origin"": ""psf/requests,hypothesisworks/hypothesis,pandas-dev/pandas,dask/dask""}",True
composite_external_issue_transfer_repo,Composite external issue fixture whose schema fields are derived from real GitHub issue metadata across the allowlisted repositories.,composite_external_issue_transfer,evolutionary_repair_loop,baseline_evolutionary_repair_loop,Baseline: retry candidate repair loop with the same safety gates but without recursive quarantine search or persistent self-policy depth.,5,0a6197fe0572,0,1.894,0,3,0.0,0,True,False,0,1.894,0,/tmp/rsi_experiments_njfylicq/composite_external_issue_transfer_repo__composite_external_issue_transfer__evolutionary_repair_loop__r5/.omega_rsi_runs/closed_rsi_summary.json,"nal_patch_signal"",
          ""rationale"": ""Reusable primitive for schema_query_repair benchmark tasks."",
          ""target_surface"": ""shared/capability_primitives.py"",
          ""validation_plan"": {
            ""commands"": [
              [
                ""python"",
                ""-m"",
                ""pytest"",
                ""-q"",
                ""tests/test_capability_schema_query_repair_operator_v1.py""
              ]
            ],
            ""expected_signals"": [
              ""public_counterexample_passes"",
              ""hidden_transfer_case_passes"",
              ""no_broad_regression_gate_failure""
            ],
            ""name"": ""validate_records_with_external_patch_signal""
          }
        },
        {
          ""family"": ""schema_query_repair"",
          ""kind"": ""search_heuristic"",
          ""name"": ""prefer_records_with_external_patch_signal_reuse"",
          ""rationale"": ""Rank exact capability repair operators ahead of unrelated schema repairs."",
          ""target_surface"": ""scripts/closed_recursive_self_improvement_loop.py"",
          ""validation_plan"": {
            ""commands"": [
              [
                ""python"",
                ""-m"",
                ""pytest"",
                ""-q"",
                ""tests/test_capability_schema_query_repair_operator_v1.py""
              ]
            ],
            ""expected_signals"": [
              ""public_counterexample_passes"",
              ""hidden_transfer_case_passes"",
              ""no_broad_regression_gate_failure""
            ],
            ""name"": ""validate_records_with_external_patch_signal""
          }
        },
        {
          ""family"": ""schema_query_repair"",
          ""kind"": ""evaluator_mutation"",
          ""name"": ""records_with_external_patch_signal_hidden_transfer_case"",
          ""rationale"": ""Add a held-out case that checks transfer beyond the public example."",
          ""target_surface"": ""shared/capability_benchmarks.py"",
          ""validation_plan"": {
            ""commands"": [
              [
                ""python"",
                ""-m"",
                ""pytest"",
                ""-q"",
                ""tests/test_capability_schema_query_repair_operator_v1.py""
              ]
            ],
            ""expected_signals"": [
              ""public_counterexample_passes"",
              ""hidden_transfer_case_passes"",
              ""no_broad_regression_gate_failure""
            ],
            ""name"": ""validate_records_with_external_patch_signal""
          }
        },
        {
          ""family"": ""schema_query_repair"",
          ""kind"": ""counterexample_test"",
          ""name"": ""test_records_with_external_patch_signal_counterexample"",
          ""rationale"": ""Lock the primitive with public and hidden transfer counterexamples."",
          ""target_surface"": ""tests/test_capability_schema_query_repair_operator_v1.py"",
          ""validation_plan"": {
            ""commands"": [
              [
                ""python"",
                ""-m"",
                ""pytest"",
                ""-q"",
                ""tests/test_capability_schema_query_repair_operator_v1.py""
              ]
            ],
            ""expected_signals"": [
              ""public_counterexample_passes"",
              ""hidden_transfer_case_passes"",
              ""no_broad_regression_gate_failure""
            ],
            ""name"": ""validate_records_with_external_patch_signal""
          }
        }
      ],
      ""promoted"": false,
      ""quarantine"": false,
      ""started_at"": ""2026-06-03T04:11:00Z"",
      ""target_path"": ""shared/local_corpus.py"",
      ""test_path"": ""tests/test_autonomous_local_corpus_external_patch_signals_query_v1.py""
    }
  ],
  ""rollback"": true,
  ""solved_new_tasks"": 0,
  ""state_path"": ""/tmp/rsi_experiments_njfylicq/composite_external_issue_transfer_repo__composite_external_issue_transfer__evolutionary_repair_loop__r5/.omega_rsi_runs/closed_rsi_state.json"",
  ""thdse_core_gate"": true,
  ""total_accepted"": 0,
  ""total_quarantine_exploration"": 0,
  ""total_rejected"": 3
}
",,external_unseen,"psf/requests,hypothesisworks/hypothesis,pandas-dev/pandas,dask/dask",Composite external issue fixture whose schema fields are derived from real GitHub issue metadata across the allowlisted repositories.,External transfer succeeds only when one general schema patch repairs all issue-metadata-derived query surfaces under full pytest.,1.347,0,0,6,3,0,0,python -m pytest -q,,True,0a6197fe0572,96f2daf3f4e5f1a561a8b9cadb8299913d8a5241870e2b1eb0f6cf36c748b83a,"{""fields"": [{""field_name"": ""external_issue_labels"", ""sample_value"": ""bug""}, {""field_name"": ""external_patch_signals"", ""sample_value"": ""patch""}, {""field_name"": ""external_failure_terms"", ""sample_value"": ""dtype""}, {""field_name"": ""external_array_labels"", ""sample_value"": ""array""}], ""fixture_kind"": ""composite_schema_transfer"", ""repository"": ""composite_external_issue_transfer_repo"", ""safety_controls"": [""held_out_schema_fields"", ""single_general_patch_required"", ""seeded_hidden_schema_evaluator"", ""full_pytest_required""], ""split"": ""external_unseen"", ""task"": ""composite_external_issue_transfer"", ""transfer_origin"": ""psf/requests,hypothesisworks/hypothesis,pandas-dev/pandas,dask/dask""}",True
composite_external_issue_transfer_repo,Composite external issue fixture whose schema fields are derived from real GitHub issue metadata across the allowlisted repositories.,composite_external_issue_transfer,verified_closed_loop,proposed,"Full loop: candidate generation, patching, rollback, persistence, root broad gate, and THDSE core gate.",6,9ddbca2c3a7c,0,3.13,1,3,0.25,0,,True,1,3.13,2,/tmp/rsi_experiments_njfylicq/composite_external_issue_transfer_repo__composite_external_issue_transfer__verified_closed_loop__r6/.omega_rsi_runs/closed_rsi_summary.json,"sis"": [
        {
          ""family"": ""schema_query_repair"",
          ""kind"": ""solver_primitive"",
          ""name"": ""records_with_import"",
          ""rationale"": ""Reusable primitive for schema_query_repair benchmark tasks."",
          ""target_surface"": ""shared/capability_primitives.py"",
          ""validation_plan"": {
            ""commands"": [
              [
                ""python"",
                ""-m"",
                ""pytest"",
                ""-q"",
                ""tests/test_capability_schema_query_repair_operator_v1.py""
              ]
            ],
            ""expected_signals"": [
              ""public_counterexample_passes"",
              ""hidden_transfer_case_passes"",
              ""no_broad_regression_gate_failure""
            ],
            ""name"": ""validate_records_with_import""
          }
        },
        {
          ""family"": ""schema_query_repair"",
          ""kind"": ""search_heuristic"",
          ""name"": ""prefer_records_with_import_reuse"",
          ""rationale"": ""Rank exact capability repair operators ahead of unrelated schema repairs."",
          ""target_surface"": ""scripts/closed_recursive_self_improvement_loop.py"",
          ""validation_plan"": {
            ""commands"": [
              [
                ""python"",
                ""-m"",
                ""pytest"",
                ""-q"",
                ""tests/test_capability_schema_query_repair_operator_v1.py""
              ]
            ],
            ""expected_signals"": [
              ""public_counterexample_passes"",
              ""hidden_transfer_case_passes"",
              ""no_broad_regression_gate_failure""
            ],
            ""name"": ""validate_records_with_import""
          }
        },
        {
          ""family"": ""schema_query_repair"",
          ""kind"": ""evaluator_mutation"",
          ""name"": ""records_with_import_hidden_transfer_case"",
          ""rationale"": ""Add a held-out case that checks transfer beyond the public example."",
          ""target_surface"": ""shared/capability_benchmarks.py"",
          ""validation_plan"": {
            ""commands"": [
              [
                ""python"",
                ""-m"",
                ""pytest"",
                ""-q"",
                ""tests/test_capability_schema_query_repair_operator_v1.py""
              ]
            ],
            ""expected_signals"": [
              ""public_counterexample_passes"",
              ""hidden_transfer_case_passes"",
              ""no_broad_regression_gate_failure""
            ],
            ""name"": ""validate_records_with_import""
          }
        },
        {
          ""family"": ""schema_query_repair"",
          ""kind"": ""counterexample_test"",
          ""name"": ""test_records_with_import_counterexample"",
          ""rationale"": ""Lock the primitive with public and hidden transfer counterexamples."",
          ""target_surface"": ""tests/test_capability_schema_query_repair_operator_v1.py"",
          ""validation_plan"": {
            ""commands"": [
              [
                ""python"",
                ""-m"",
                ""pytest"",
                ""-q"",
                ""tests/test_capability_schema_query_repair_operator_v1.py""
              ]
            ],
            ""expected_signals"": [
              ""public_counterexample_passes"",
              ""hidden_transfer_case_passes"",
              ""no_broad_regression_gate_failure""
            ],
            ""name"": ""validate_records_with_import""
          }
        }
      ],
      ""promoted"": false,
      ""quarantine"": false,
      ""started_at"": ""2026-06-03T04:11:04Z"",
      ""target_path"": ""shared/local_corpus.py"",
      ""test_path"": ""tests/test_emergent_local_corpus_imports_membership_v1.py""
    }
  ],
  ""rollback"": true,
  ""solved_new_tasks"": 0,
  ""state_path"": ""/tmp/rsi_experiments_njfylicq/composite_external_issue_transfer_repo__composite_external_issue_transfer__verified_closed_loop__r6/.omega_rsi_runs/closed_rsi_state.json"",
  ""thdse_core_gate"": true,
  ""total_accepted"": 1,
  ""total_quarantine_exploration"": 0,
  ""total_rejected"": 3
}
",,external_unseen,"psf/requests,hypothesisworks/hypothesis,pandas-dev/pandas,dask/dask",Composite external issue fixture whose schema fields are derived from real GitHub issue metadata across the allowlisted repositories.,External transfer succeeds only when one general schema patch repairs all issue-metadata-derived query surfaces under full pytest.,1.795,0,0,8,3,0,0,python -m pytest -q,0,True,9ddbca2c3a7c,fc54b2e7d20f393df3236f9ae71219a8e8ad52cfe4af43902e58990a9b002391,"{""fields"": [{""field_name"": ""external_issue_labels"", ""sample_value"": ""bug""}, {""field_name"": ""external_patch_signals"", ""sample_value"": ""patch""}, {""field_name"": ""external_failure_terms"", ""sample_value"": ""dtype""}, {""field_name"": ""external_array_labels"", ""sample_value"": ""array""}], ""fixture_kind"": ""composite_schema_transfer"", ""repository"": ""composite_external_issue_transfer_repo"", ""safety_controls"": [""held_out_schema_fields"", ""single_general_patch_required"", ""seeded_hidden_schema_evaluator"", ""full_pytest_required""], ""split"": ""external_unseen"", ""task"": ""composite_external_issue_transfer"", ""transfer_origin"": ""psf/requests,hypothesisworks/hypothesis,pandas-dev/pandas,dask/dask""}",True
composite_external_issue_transfer_repo,Composite external issue fixture whose schema fields are derived from real GitHub issue metadata across the allowlisted repositories.,composite_external_issue_transfer,evolutionary_repair_loop,baseline_evolutionary_repair_loop,Baseline: retry candidate repair loop with the same safety gates but without recursive quarantine search or persistent self-policy depth.,6,9ddbca2c3a7c,0,1.885,0,3,0.0,0,True,False,0,1.885,0,/tmp/rsi_experiments_njfylicq/composite_external_issue_transfer_repo__composite_external_issue_transfer__evolutionary_repair_loop__r6/.omega_rsi_runs/closed_rsi_summary.json,"nal_patch_signal"",
          ""rationale"": ""Reusable primitive for schema_query_repair benchmark tasks."",
          ""target_surface"": ""shared/capability_primitives.py"",
          ""validation_plan"": {
            ""commands"": [
              [
                ""python"",
                ""-m"",
                ""pytest"",
                ""-q"",
                ""tests/test_capability_schema_query_repair_operator_v1.py""
              ]
            ],
            ""expected_signals"": [
              ""public_counterexample_passes"",
              ""hidden_transfer_case_passes"",
              ""no_broad_regression_gate_failure""
            ],
            ""name"": ""validate_records_with_external_patch_signal""
          }
        },
        {
          ""family"": ""schema_query_repair"",
          ""kind"": ""search_heuristic"",
          ""name"": ""prefer_records_with_external_patch_signal_reuse"",
          ""rationale"": ""Rank exact capability repair operators ahead of unrelated schema repairs."",
          ""target_surface"": ""scripts/closed_recursive_self_improvement_loop.py"",
          ""validation_plan"": {
            ""commands"": [
              [
                ""python"",
                ""-m"",
                ""pytest"",
                ""-q"",
                ""tests/test_capability_schema_query_repair_operator_v1.py""
              ]
            ],
            ""expected_signals"": [
              ""public_counterexample_passes"",
              ""hidden_transfer_case_passes"",
              ""no_broad_regression_gate_failure""
            ],
            ""name"": ""validate_records_with_external_patch_signal""
          }
        },
        {
          ""family"": ""schema_query_repair"",
          ""kind"": ""evaluator_mutation"",
          ""name"": ""records_with_external_patch_signal_hidden_transfer_case"",
          ""rationale"": ""Add a held-out case that checks transfer beyond the public example."",
          ""target_surface"": ""shared/capability_benchmarks.py"",
          ""validation_plan"": {
            ""commands"": [
              [
                ""python"",
                ""-m"",
                ""pytest"",
                ""-q"",
                ""tests/test_capability_schema_query_repair_operator_v1.py""
              ]
            ],
            ""expected_signals"": [
              ""public_counterexample_passes"",
              ""hidden_transfer_case_passes"",
              ""no_broad_regression_gate_failure""
            ],
            ""name"": ""validate_records_with_external_patch_signal""
          }
        },
        {
          ""family"": ""schema_query_repair"",
          ""kind"": ""counterexample_test"",
          ""name"": ""test_records_with_external_patch_signal_counterexample"",
          ""rationale"": ""Lock the primitive with public and hidden transfer counterexamples."",
          ""target_surface"": ""tests/test_capability_schema_query_repair_operator_v1.py"",
          ""validation_plan"": {
            ""commands"": [
              [
                ""python"",
                ""-m"",
                ""pytest"",
                ""-q"",
                ""tests/test_capability_schema_query_repair_operator_v1.py""
              ]
            ],
            ""expected_signals"": [
              ""public_counterexample_passes"",
              ""hidden_transfer_case_passes"",
              ""no_broad_regression_gate_failure""
            ],
            ""name"": ""validate_records_with_external_patch_signal""
          }
        }
      ],
      ""promoted"": false,
      ""quarantine"": false,
      ""started_at"": ""2026-06-03T04:11:06Z"",
      ""target_path"": ""shared/local_corpus.py"",
      ""test_path"": ""tests/test_autonomous_local_corpus_external_patch_signals_query_v1.py""
    }
  ],
  ""rollback"": true,
  ""solved_new_tasks"": 0,
  ""state_path"": ""/tmp/rsi_experiments_njfylicq/composite_external_issue_transfer_repo__composite_external_issue_transfer__evolutionary_repair_loop__r6/.omega_rsi_runs/closed_rsi_state.json"",
  ""thdse_core_gate"": true,
  ""total_accepted"": 0,
  ""total_quarantine_exploration"": 0,
  ""total_rejected"": 3
}
",,external_unseen,"psf/requests,hypothesisworks/hypothesis,pandas-dev/pandas,dask/dask",Composite external issue fixture whose schema fields are derived from real GitHub issue metadata across the allowlisted repositories.,External transfer succeeds only when one general schema patch repairs all issue-metadata-derived query surfaces under full pytest.,1.347,0,0,6,3,0,0,python -m pytest -q,,True,9ddbca2c3a7c,78a3bb3c2a71f6092950f72e7b5758b712568b57afdb07cf71611ba0ac2ba765,"{""fields"": [{""field_name"": ""external_issue_labels"", ""sample_value"": ""bug""}, {""field_name"": ""external_patch_signals"", ""sample_value"": ""patch""}, {""field_name"": ""external_failure_terms"", ""sample_value"": ""dtype""}, {""field_name"": ""external_array_labels"", ""sample_value"": ""array""}], ""fixture_kind"": ""composite_schema_transfer"", ""repository"": ""composite_external_issue_transfer_repo"", ""safety_controls"": [""held_out_schema_fields"", ""single_general_patch_required"", ""seeded_hidden_schema_evaluator"", ""full_pytest_required""], ""split"": ""external_unseen"", ""task"": ""composite_external_issue_transfer"", ""transfer_origin"": ""psf/requests,hypothesisworks/hypothesis,pandas-dev/pandas,dask/dask""}",True
composite_external_issue_transfer_repo,Composite external issue fixture whose schema fields are derived from real GitHub issue metadata across the allowlisted repositories.,composite_external_issue_transfer,verified_closed_loop,proposed,"Full loop: candidate generation, patching, rollback, persistence, root broad gate, and THDSE core gate.",7,c309ce2e3469,0,3.139,1,3,0.25,0,,True,1,3.139,2,/tmp/rsi_experiments_njfylicq/composite_external_issue_transfer_repo__composite_external_issue_transfer__verified_closed_loop__r7/.omega_rsi_runs/closed_rsi_summary.json,"sis"": [
        {
          ""family"": ""schema_query_repair"",
          ""kind"": ""solver_primitive"",
          ""name"": ""records_with_import"",
          ""rationale"": ""Reusable primitive for schema_query_repair benchmark tasks."",
          ""target_surface"": ""shared/capability_primitives.py"",
          ""validation_plan"": {
            ""commands"": [
              [
                ""python"",
                ""-m"",
                ""pytest"",
                ""-q"",
                ""tests/test_capability_schema_query_repair_operator_v1.py""
              ]
            ],
            ""expected_signals"": [
              ""public_counterexample_passes"",
              ""hidden_transfer_case_passes"",
              ""no_broad_regression_gate_failure""
            ],
            ""name"": ""validate_records_with_import""
          }
        },
        {
          ""family"": ""schema_query_repair"",
          ""kind"": ""search_heuristic"",
          ""name"": ""prefer_records_with_import_reuse"",
          ""rationale"": ""Rank exact capability repair operators ahead of unrelated schema repairs."",
          ""target_surface"": ""scripts/closed_recursive_self_improvement_loop.py"",
          ""validation_plan"": {
            ""commands"": [
              [
                ""python"",
                ""-m"",
                ""pytest"",
                ""-q"",
                ""tests/test_capability_schema_query_repair_operator_v1.py""
              ]
            ],
            ""expected_signals"": [
              ""public_counterexample_passes"",
              ""hidden_transfer_case_passes"",
              ""no_broad_regression_gate_failure""
            ],
            ""name"": ""validate_records_with_import""
          }
        },
        {
          ""family"": ""schema_query_repair"",
          ""kind"": ""evaluator_mutation"",
          ""name"": ""records_with_import_hidden_transfer_case"",
          ""rationale"": ""Add a held-out case that checks transfer beyond the public example."",
          ""target_surface"": ""shared/capability_benchmarks.py"",
          ""validation_plan"": {
            ""commands"": [
              [
                ""python"",
                ""-m"",
                ""pytest"",
                ""-q"",
                ""tests/test_capability_schema_query_repair_operator_v1.py""
              ]
            ],
            ""expected_signals"": [
              ""public_counterexample_passes"",
              ""hidden_transfer_case_passes"",
              ""no_broad_regression_gate_failure""
            ],
            ""name"": ""validate_records_with_import""
          }
        },
        {
          ""family"": ""schema_query_repair"",
          ""kind"": ""counterexample_test"",
          ""name"": ""test_records_with_import_counterexample"",
          ""rationale"": ""Lock the primitive with public and hidden transfer counterexamples."",
          ""target_surface"": ""tests/test_capability_schema_query_repair_operator_v1.py"",
          ""validation_plan"": {
            ""commands"": [
              [
                ""python"",
                ""-m"",
                ""pytest"",
                ""-q"",
                ""tests/test_capability_schema_query_repair_operator_v1.py""
              ]
            ],
            ""expected_signals"": [
              ""public_counterexample_passes"",
              ""hidden_transfer_case_passes"",
              ""no_broad_regression_gate_failure""
            ],
            ""name"": ""validate_records_with_import""
          }
        }
      ],
      ""promoted"": false,
      ""quarantine"": false,
      ""started_at"": ""2026-06-03T04:11:09Z"",
      ""target_path"": ""shared/local_corpus.py"",
      ""test_path"": ""tests/test_emergent_local_corpus_imports_membership_v1.py""
    }
  ],
  ""rollback"": true,
  ""solved_new_tasks"": 0,
  ""state_path"": ""/tmp/rsi_experiments_njfylicq/composite_external_issue_transfer_repo__composite_external_issue_transfer__verified_closed_loop__r7/.omega_rsi_runs/closed_rsi_state.json"",
  ""thdse_core_gate"": true,
  ""total_accepted"": 1,
  ""total_quarantine_exploration"": 0,
  ""total_rejected"": 3
}
",,external_unseen,"psf/requests,hypothesisworks/hypothesis,pandas-dev/pandas,dask/dask",Composite external issue fixture whose schema fields are derived from real GitHub issue metadata across the allowlisted repositories.,External transfer succeeds only when one general schema patch repairs all issue-metadata-derived query surfaces under full pytest.,1.795,0,0,8,3,0,0,python -m pytest -q,0,True,c309ce2e3469,bee379a64fc0272ce77046dbe85428eaa4fdeed37d7b4236feefe36fdb9ee644,"{""fields"": [{""field_name"": ""external_issue_labels"", ""sample_value"": ""bug""}, {""field_name"": ""external_patch_signals"", ""sample_value"": ""patch""}, {""field_name"": ""external_failure_terms"", ""sample_value"": ""dtype""}, {""field_name"": ""external_array_labels"", ""sample_value"": ""array""}], ""fixture_kind"": ""composite_schema_transfer"", ""repository"": ""composite_external_issue_transfer_repo"", ""safety_controls"": [""held_out_schema_fields"", ""single_general_patch_required"", ""seeded_hidden_schema_evaluator"", ""full_pytest_required""], ""split"": ""external_unseen"", ""task"": ""composite_external_issue_transfer"", ""transfer_origin"": ""psf/requests,hypothesisworks/hypothesis,pandas-dev/pandas,dask/dask""}",True
composite_external_issue_transfer_repo,Composite external issue fixture whose schema fields are derived from real GitHub issue metadata across the allowlisted repositories.,composite_external_issue_transfer,evolutionary_repair_loop,baseline_evolutionary_repair_loop,Baseline: retry candidate repair loop with the same safety gates but without recursive quarantine search or persistent self-policy depth.,7,c309ce2e3469,0,1.888,0,3,0.0,0,True,False,0,1.888,0,/tmp/rsi_experiments_njfylicq/composite_external_issue_transfer_repo__composite_external_issue_transfer__evolutionary_repair_loop__r7/.omega_rsi_runs/closed_rsi_summary.json,"nal_patch_signal"",
          ""rationale"": ""Reusable primitive for schema_query_repair benchmark tasks."",
          ""target_surface"": ""shared/capability_primitives.py"",
          ""validation_plan"": {
            ""commands"": [
              [
                ""python"",
                ""-m"",
                ""pytest"",
                ""-q"",
                ""tests/test_capability_schema_query_repair_operator_v1.py""
              ]
            ],
            ""expected_signals"": [
              ""public_counterexample_passes"",
              ""hidden_transfer_case_passes"",
              ""no_broad_regression_gate_failure""
            ],
            ""name"": ""validate_records_with_external_patch_signal""
          }
        },
        {
          ""family"": ""schema_query_repair"",
          ""kind"": ""search_heuristic"",
          ""name"": ""prefer_records_with_external_patch_signal_reuse"",
          ""rationale"": ""Rank exact capability repair operators ahead of unrelated schema repairs."",
          ""target_surface"": ""scripts/closed_recursive_self_improvement_loop.py"",
          ""validation_plan"": {
            ""commands"": [
              [
                ""python"",
                ""-m"",
                ""pytest"",
                ""-q"",
                ""tests/test_capability_schema_query_repair_operator_v1.py""
              ]
            ],
            ""expected_signals"": [
              ""public_counterexample_passes"",
              ""hidden_transfer_case_passes"",
              ""no_broad_regression_gate_failure""
            ],
            ""name"": ""validate_records_with_external_patch_signal""
          }
        },
        {
          ""family"": ""schema_query_repair"",
          ""kind"": ""evaluator_mutation"",
          ""name"": ""records_with_external_patch_signal_hidden_transfer_case"",
          ""rationale"": ""Add a held-out case that checks transfer beyond the public example."",
          ""target_surface"": ""shared/capability_benchmarks.py"",
          ""validation_plan"": {
            ""commands"": [
              [
                ""python"",
                ""-m"",
                ""pytest"",
                ""-q"",
                ""tests/test_capability_schema_query_repair_operator_v1.py""
              ]
            ],
            ""expected_signals"": [
              ""public_counterexample_passes"",
              ""hidden_transfer_case_passes"",
              ""no_broad_regression_gate_failure""
            ],
            ""name"": ""validate_records_with_external_patch_signal""
          }
        },
        {
          ""family"": ""schema_query_repair"",
          ""kind"": ""counterexample_test"",
          ""name"": ""test_records_with_external_patch_signal_counterexample"",
          ""rationale"": ""Lock the primitive with public and hidden transfer counterexamples."",
          ""target_surface"": ""tests/test_capability_schema_query_repair_operator_v1.py"",
          ""validation_plan"": {
            ""commands"": [
              [
                ""python"",
                ""-m"",
                ""pytest"",
                ""-q"",
                ""tests/test_capability_schema_query_repair_operator_v1.py""
              ]
            ],
            ""expected_signals"": [
              ""public_counterexample_passes"",
              ""hidden_transfer_case_passes"",
              ""no_broad_regression_gate_failure""
            ],
            ""name"": ""validate_records_with_external_patch_signal""
          }
        }
      ],
      ""promoted"": false,
      ""quarantine"": false,
      ""started_at"": ""2026-06-03T04:11:11Z"",
      ""target_path"": ""shared/local_corpus.py"",
      ""test_path"": ""tests/test_autonomous_local_corpus_external_patch_signals_query_v1.py""
    }
  ],
  ""rollback"": true,
  ""solved_new_tasks"": 0,
  ""state_path"": ""/tmp/rsi_experiments_njfylicq/composite_external_issue_transfer_repo__composite_external_issue_transfer__evolutionary_repair_loop__r7/.omega_rsi_runs/closed_rsi_state.json"",
  ""thdse_core_gate"": true,
  ""total_accepted"": 0,
  ""total_quarantine_exploration"": 0,
  ""total_rejected"": 3
}
",,external_unseen,"psf/requests,hypothesisworks/hypothesis,pandas-dev/pandas,dask/dask",Composite external issue fixture whose schema fields are derived from real GitHub issue metadata across the allowlisted repositories.,External transfer succeeds only when one general schema patch repairs all issue-metadata-derived query surfaces under full pytest.,1.347,0,0,6,3,0,0,python -m pytest -q,,True,c309ce2e3469,fae29092c9a1e3e5c6aee466abda1a68bbf1213befa59d454e8122317be9a732,"{""fields"": [{""field_name"": ""external_issue_labels"", ""sample_value"": ""bug""}, {""field_name"": ""external_patch_signals"", ""sample_value"": ""patch""}, {""field_name"": ""external_failure_terms"", ""sample_value"": ""dtype""}, {""field_name"": ""external_array_labels"", ""sample_value"": ""array""}], ""fixture_kind"": ""composite_schema_transfer"", ""repository"": ""composite_external_issue_transfer_repo"", ""safety_controls"": [""held_out_schema_fields"", ""single_general_patch_required"", ""seeded_hidden_schema_evaluator"", ""full_pytest_required""], ""split"": ""external_unseen"", ""task"": ""composite_external_issue_transfer"", ""transfer_origin"": ""psf/requests,hypothesisworks/hypothesis,pandas-dev/pandas,dask/dask""}",True
composite_external_issue_transfer_repo,Composite external issue fixture whose schema fields are derived from real GitHub issue metadata across the allowlisted repositories.,composite_external_issue_transfer,verified_closed_loop,proposed,"Full loop: candidate generation, patching, rollback, persistence, root broad gate, and THDSE core gate.",8,b1736b2e0cd9,0,3.132,1,3,0.25,0,,True,1,3.132,2,/tmp/rsi_experiments_njfylicq/composite_external_issue_transfer_repo__composite_external_issue_transfer__verified_closed_loop__r8/.omega_rsi_runs/closed_rsi_summary.json,"sis"": [
        {
          ""family"": ""schema_query_repair"",
          ""kind"": ""solver_primitive"",
          ""name"": ""records_with_import"",
          ""rationale"": ""Reusable primitive for schema_query_repair benchmark tasks."",
          ""target_surface"": ""shared/capability_primitives.py"",
          ""validation_plan"": {
            ""commands"": [
              [
                ""python"",
                ""-m"",
                ""pytest"",
                ""-q"",
                ""tests/test_capability_schema_query_repair_operator_v1.py""
              ]
            ],
            ""expected_signals"": [
              ""public_counterexample_passes"",
              ""hidden_transfer_case_passes"",
              ""no_broad_regression_gate_failure""
            ],
            ""name"": ""validate_records_with_import""
          }
        },
        {
          ""family"": ""schema_query_repair"",
          ""kind"": ""search_heuristic"",
          ""name"": ""prefer_records_with_import_reuse"",
          ""rationale"": ""Rank exact capability repair operators ahead of unrelated schema repairs."",
          ""target_surface"": ""scripts/closed_recursive_self_improvement_loop.py"",
          ""validation_plan"": {
            ""commands"": [
              [
                ""python"",
                ""-m"",
                ""pytest"",
                ""-q"",
                ""tests/test_capability_schema_query_repair_operator_v1.py""
              ]
            ],
            ""expected_signals"": [
              ""public_counterexample_passes"",
              ""hidden_transfer_case_passes"",
              ""no_broad_regression_gate_failure""
            ],
            ""name"": ""validate_records_with_import""
          }
        },
        {
          ""family"": ""schema_query_repair"",
          ""kind"": ""evaluator_mutation"",
          ""name"": ""records_with_import_hidden_transfer_case"",
          ""rationale"": ""Add a held-out case that checks transfer beyond the public example."",
          ""target_surface"": ""shared/capability_benchmarks.py"",
          ""validation_plan"": {
            ""commands"": [
              [
                ""python"",
                ""-m"",
                ""pytest"",
                ""-q"",
                ""tests/test_capability_schema_query_repair_operator_v1.py""
              ]
            ],
            ""expected_signals"": [
              ""public_counterexample_passes"",
              ""hidden_transfer_case_passes"",
              ""no_broad_regression_gate_failure""
            ],
            ""name"": ""validate_records_with_import""
          }
        },
        {
          ""family"": ""schema_query_repair"",
          ""kind"": ""counterexample_test"",
          ""name"": ""test_records_with_import_counterexample"",
          ""rationale"": ""Lock the primitive with public and hidden transfer counterexamples."",
          ""target_surface"": ""tests/test_capability_schema_query_repair_operator_v1.py"",
          ""validation_plan"": {
            ""commands"": [
              [
                ""python"",
                ""-m"",
                ""pytest"",
                ""-q"",
                ""tests/test_capability_schema_query_repair_operator_v1.py""
              ]
            ],
            ""expected_signals"": [
              ""public_counterexample_passes"",
              ""hidden_transfer_case_passes"",
              ""no_broad_regression_gate_failure""
            ],
            ""name"": ""validate_records_with_import""
          }
        }
      ],
      ""promoted"": false,
      ""quarantine"": false,
      ""started_at"": ""2026-06-03T04:11:14Z"",
      ""target_path"": ""shared/local_corpus.py"",
      ""test_path"": ""tests/test_emergent_local_corpus_imports_membership_v1.py""
    }
  ],
  ""rollback"": true,
  ""solved_new_tasks"": 0,
  ""state_path"": ""/tmp/rsi_experiments_njfylicq/composite_external_issue_transfer_repo__composite_external_issue_transfer__verified_closed_loop__r8/.omega_rsi_runs/closed_rsi_state.json"",
  ""thdse_core_gate"": true,
  ""total_accepted"": 1,
  ""total_quarantine_exploration"": 0,
  ""total_rejected"": 3
}
",,external_unseen,"psf/requests,hypothesisworks/hypothesis,pandas-dev/pandas,dask/dask",Composite external issue fixture whose schema fields are derived from real GitHub issue metadata across the allowlisted repositories.,External transfer succeeds only when one general schema patch repairs all issue-metadata-derived query surfaces under full pytest.,1.795,0,0,8,3,0,0,python -m pytest -q,0,True,b1736b2e0cd9,4bdcdad009e856e28a5cdfa09d2b14f0626f9d52f03f94c07c954cf55c085fa3,"{""fields"": [{""field_name"": ""external_issue_labels"", ""sample_value"": ""bug""}, {""field_name"": ""external_patch_signals"", ""sample_value"": ""patch""}, {""field_name"": ""external_failure_terms"", ""sample_value"": ""dtype""}, {""field_name"": ""external_array_labels"", ""sample_value"": ""array""}], ""fixture_kind"": ""composite_schema_transfer"", ""repository"": ""composite_external_issue_transfer_repo"", ""safety_controls"": [""held_out_schema_fields"", ""single_general_patch_required"", ""seeded_hidden_schema_evaluator"", ""full_pytest_required""], ""split"": ""external_unseen"", ""task"": ""composite_external_issue_transfer"", ""transfer_origin"": ""psf/requests,hypothesisworks/hypothesis,pandas-dev/pandas,dask/dask""}",True
composite_external_issue_transfer_repo,Composite external issue fixture whose schema fields are derived from real GitHub issue metadata across the allowlisted repositories.,composite_external_issue_transfer,evolutionary_repair_loop,baseline_evolutionary_repair_loop,Baseline: retry candidate repair loop with the same safety gates but without recursive quarantine search or persistent self-policy depth.,8,b1736b2e0cd9,0,1.892,0,3,0.0,0,True,False,0,1.892,0,/tmp/rsi_experiments_njfylicq/composite_external_issue_transfer_repo__composite_external_issue_transfer__evolutionary_repair_loop__r8/.omega_rsi_runs/closed_rsi_summary.json,"nal_patch_signal"",
          ""rationale"": ""Reusable primitive for schema_query_repair benchmark tasks."",
          ""target_surface"": ""shared/capability_primitives.py"",
          ""validation_plan"": {
            ""commands"": [
              [
                ""python"",
                ""-m"",
                ""pytest"",
                ""-q"",
                ""tests/test_capability_schema_query_repair_operator_v1.py""
              ]
            ],
            ""expected_signals"": [
              ""public_counterexample_passes"",
              ""hidden_transfer_case_passes"",
              ""no_broad_regression_gate_failure""
            ],
            ""name"": ""validate_records_with_external_patch_signal""
          }
        },
        {
          ""family"": ""schema_query_repair"",
          ""kind"": ""search_heuristic"",
          ""name"": ""prefer_records_with_external_patch_signal_reuse"",
          ""rationale"": ""Rank exact capability repair operators ahead of unrelated schema repairs."",
          ""target_surface"": ""scripts/closed_recursive_self_improvement_loop.py"",
          ""validation_plan"": {
            ""commands"": [
              [
                ""python"",
                ""-m"",
                ""pytest"",
                ""-q"",
                ""tests/test_capability_schema_query_repair_operator_v1.py""
              ]
            ],
            ""expected_signals"": [
              ""public_counterexample_passes"",
              ""hidden_transfer_case_passes"",
              ""no_broad_regression_gate_failure""
            ],
            ""name"": ""validate_records_with_external_patch_signal""
          }
        },
        {
          ""family"": ""schema_query_repair"",
          ""kind"": ""evaluator_mutation"",
          ""name"": ""records_with_external_patch_signal_hidden_transfer_case"",
          ""rationale"": ""Add a held-out case that checks transfer beyond the public example."",
          ""target_surface"": ""shared/capability_benchmarks.py"",
          ""validation_plan"": {
            ""commands"": [
              [
                ""python"",
                ""-m"",
                ""pytest"",
                ""-q"",
                ""tests/test_capability_schema_query_repair_operator_v1.py""
              ]
            ],
            ""expected_signals"": [
              ""public_counterexample_passes"",
              ""hidden_transfer_case_passes"",
              ""no_broad_regression_gate_failure""
            ],
            ""name"": ""validate_records_with_external_patch_signal""
          }
        },
        {
          ""family"": ""schema_query_repair"",
          ""kind"": ""counterexample_test"",
          ""name"": ""test_records_with_external_patch_signal_counterexample"",
          ""rationale"": ""Lock the primitive with public and hidden transfer counterexamples."",
          ""target_surface"": ""tests/test_capability_schema_query_repair_operator_v1.py"",
          ""validation_plan"": {
            ""commands"": [
              [
                ""python"",
                ""-m"",
                ""pytest"",
                ""-q"",
                ""tests/test_capability_schema_query_repair_operator_v1.py""
              ]
            ],
            ""expected_signals"": [
              ""public_counterexample_passes"",
              ""hidden_transfer_case_passes"",
              ""no_broad_regression_gate_failure""
            ],
            ""name"": ""validate_records_with_external_patch_signal""
          }
        }
      ],
      ""promoted"": false,
      ""quarantine"": false,
      ""started_at"": ""2026-06-03T04:11:16Z"",
      ""target_path"": ""shared/local_corpus.py"",
      ""test_path"": ""tests/test_autonomous_local_corpus_external_patch_signals_query_v1.py""
    }
  ],
  ""rollback"": true,
  ""solved_new_tasks"": 0,
  ""state_path"": ""/tmp/rsi_experiments_njfylicq/composite_external_issue_transfer_repo__composite_external_issue_transfer__evolutionary_repair_loop__r8/.omega_rsi_runs/closed_rsi_state.json"",
  ""thdse_core_gate"": true,
  ""total_accepted"": 0,
  ""total_quarantine_exploration"": 0,
  ""total_rejected"": 3
}
",,external_unseen,"psf/requests,hypothesisworks/hypothesis,pandas-dev/pandas,dask/dask",Composite external issue fixture whose schema fields are derived from real GitHub issue metadata across the allowlisted repositories.,External transfer succeeds only when one general schema patch repairs all issue-metadata-derived query surfaces under full pytest.,1.347,0,0,6,3,0,0,python -m pytest -q,,True,b1736b2e0cd9,6116c8095a047dc0dfe678d2e883a072e785fa5864182c952069a1cd09f72f40,"{""fields"": [{""field_name"": ""external_issue_labels"", ""sample_value"": ""bug""}, {""field_name"": ""external_patch_signals"", ""sample_value"": ""patch""}, {""field_name"": ""external_failure_terms"", ""sample_value"": ""dtype""}, {""field_name"": ""external_array_labels"", ""sample_value"": ""array""}], ""fixture_kind"": ""composite_schema_transfer"", ""repository"": ""composite_external_issue_transfer_repo"", ""safety_controls"": [""held_out_schema_fields"", ""single_general_patch_required"", ""seeded_hidden_schema_evaluator"", ""full_pytest_required""], ""split"": ""external_unseen"", ""task"": ""composite_external_issue_transfer"", ""transfer_origin"": ""psf/requests,hypothesisworks/hypothesis,pandas-dev/pandas,dask/dask""}",True
composite_external_issue_transfer_repo,Composite external issue fixture whose schema fields are derived from real GitHub issue metadata across the allowlisted repositories.,composite_external_issue_transfer,verified_closed_loop,proposed,"Full loop: candidate generation, patching, rollback, persistence, root broad gate, and THDSE core gate.",9,490b2400c58c,0,3.123,1,3,0.25,0,,True,1,3.123,2,/tmp/rsi_experiments_njfylicq/composite_external_issue_transfer_repo__composite_external_issue_transfer__verified_closed_loop__r9/.omega_rsi_runs/closed_rsi_summary.json,"sis"": [
        {
          ""family"": ""schema_query_repair"",
          ""kind"": ""solver_primitive"",
          ""name"": ""records_with_import"",
          ""rationale"": ""Reusable primitive for schema_query_repair benchmark tasks."",
          ""target_surface"": ""shared/capability_primitives.py"",
          ""validation_plan"": {
            ""commands"": [
              [
                ""python"",
                ""-m"",
                ""pytest"",
                ""-q"",
                ""tests/test_capability_schema_query_repair_operator_v1.py""
              ]
            ],
            ""expected_signals"": [
              ""public_counterexample_passes"",
              ""hidden_transfer_case_passes"",
              ""no_broad_regression_gate_failure""
            ],
            ""name"": ""validate_records_with_import""
          }
        },
        {
          ""family"": ""schema_query_repair"",
          ""kind"": ""search_heuristic"",
          ""name"": ""prefer_records_with_import_reuse"",
          ""rationale"": ""Rank exact capability repair operators ahead of unrelated schema repairs."",
          ""target_surface"": ""scripts/closed_recursive_self_improvement_loop.py"",
          ""validation_plan"": {
            ""commands"": [
              [
                ""python"",
                ""-m"",
                ""pytest"",
                ""-q"",
                ""tests/test_capability_schema_query_repair_operator_v1.py""
              ]
            ],
            ""expected_signals"": [
              ""public_counterexample_passes"",
              ""hidden_transfer_case_passes"",
              ""no_broad_regression_gate_failure""
            ],
            ""name"": ""validate_records_with_import""
          }
        },
        {
          ""family"": ""schema_query_repair"",
          ""kind"": ""evaluator_mutation"",
          ""name"": ""records_with_import_hidden_transfer_case"",
          ""rationale"": ""Add a held-out case that checks transfer beyond the public example."",
          ""target_surface"": ""shared/capability_benchmarks.py"",
          ""validation_plan"": {
            ""commands"": [
              [
                ""python"",
                ""-m"",
                ""pytest"",
                ""-q"",
                ""tests/test_capability_schema_query_repair_operator_v1.py""
              ]
            ],
            ""expected_signals"": [
              ""public_counterexample_passes"",
              ""hidden_transfer_case_passes"",
              ""no_broad_regression_gate_failure""
            ],
            ""name"": ""validate_records_with_import""
          }
        },
        {
          ""family"": ""schema_query_repair"",
          ""kind"": ""counterexample_test"",
          ""name"": ""test_records_with_import_counterexample"",
          ""rationale"": ""Lock the primitive with public and hidden transfer counterexamples."",
          ""target_surface"": ""tests/test_capability_schema_query_repair_operator_v1.py"",
          ""validation_plan"": {
            ""commands"": [
              [
                ""python"",
                ""-m"",
                ""pytest"",
                ""-q"",
                ""tests/test_capability_schema_query_repair_operator_v1.py""
              ]
            ],
            ""expected_signals"": [
              ""public_counterexample_passes"",
              ""hidden_transfer_case_passes"",
              ""no_broad_regression_gate_failure""
            ],
            ""name"": ""validate_records_with_import""
          }
        }
      ],
      ""promoted"": false,
      ""quarantine"": false,
      ""started_at"": ""2026-06-03T04:11:19Z"",
      ""target_path"": ""shared/local_corpus.py"",
      ""test_path"": ""tests/test_emergent_local_corpus_imports_membership_v1.py""
    }
  ],
  ""rollback"": true,
  ""solved_new_tasks"": 0,
  ""state_path"": ""/tmp/rsi_experiments_njfylicq/composite_external_issue_transfer_repo__composite_external_issue_transfer__verified_closed_loop__r9/.omega_rsi_runs/closed_rsi_state.json"",
  ""thdse_core_gate"": true,
  ""total_accepted"": 1,
  ""total_quarantine_exploration"": 0,
  ""total_rejected"": 3
}
",,external_unseen,"psf/requests,hypothesisworks/hypothesis,pandas-dev/pandas,dask/dask",Composite external issue fixture whose schema fields are derived from real GitHub issue metadata across the allowlisted repositories.,External transfer succeeds only when one general schema patch repairs all issue-metadata-derived query surfaces under full pytest.,1.795,0,0,8,3,0,0,python -m pytest -q,0,True,490b2400c58c,0e8f84b080fa0dea7487665603ced104050c535b155890927b524aa186742e7b,"{""fields"": [{""field_name"": ""external_issue_labels"", ""sample_value"": ""bug""}, {""field_name"": ""external_patch_signals"", ""sample_value"": ""patch""}, {""field_name"": ""external_failure_terms"", ""sample_value"": ""dtype""}, {""field_name"": ""external_array_labels"", ""sample_value"": ""array""}], ""fixture_kind"": ""composite_schema_transfer"", ""repository"": ""composite_external_issue_transfer_repo"", ""safety_controls"": [""held_out_schema_fields"", ""single_general_patch_required"", ""seeded_hidden_schema_evaluator"", ""full_pytest_required""], ""split"": ""external_unseen"", ""task"": ""composite_external_issue_transfer"", ""transfer_origin"": ""psf/requests,hypothesisworks/hypothesis,pandas-dev/pandas,dask/dask""}",True
composite_external_issue_transfer_repo,Composite external issue fixture whose schema fields are derived from real GitHub issue metadata across the allowlisted repositories.,composite_external_issue_transfer,evolutionary_repair_loop,baseline_evolutionary_repair_loop,Baseline: retry candidate repair loop with the same safety gates but without recursive quarantine search or persistent self-policy depth.,9,490b2400c58c,0,1.903,0,3,0.0,0,True,False,0,1.903,0,/tmp/rsi_experiments_njfylicq/composite_external_issue_transfer_repo__composite_external_issue_transfer__evolutionary_repair_loop__r9/.omega_rsi_runs/closed_rsi_summary.json,"nal_patch_signal"",
          ""rationale"": ""Reusable primitive for schema_query_repair benchmark tasks."",
          ""target_surface"": ""shared/capability_primitives.py"",
          ""validation_plan"": {
            ""commands"": [
              [
                ""python"",
                ""-m"",
                ""pytest"",
                ""-q"",
                ""tests/test_capability_schema_query_repair_operator_v1.py""
              ]
            ],
            ""expected_signals"": [
              ""public_counterexample_passes"",
              ""hidden_transfer_case_passes"",
              ""no_broad_regression_gate_failure""
            ],
            ""name"": ""validate_records_with_external_patch_signal""
          }
        },
        {
          ""family"": ""schema_query_repair"",
          ""kind"": ""search_heuristic"",
          ""name"": ""prefer_records_with_external_patch_signal_reuse"",
          ""rationale"": ""Rank exact capability repair operators ahead of unrelated schema repairs."",
          ""target_surface"": ""scripts/closed_recursive_self_improvement_loop.py"",
          ""validation_plan"": {
            ""commands"": [
              [
                ""python"",
                ""-m"",
                ""pytest"",
                ""-q"",
                ""tests/test_capability_schema_query_repair_operator_v1.py""
              ]
            ],
            ""expected_signals"": [
              ""public_counterexample_passes"",
              ""hidden_transfer_case_passes"",
              ""no_broad_regression_gate_failure""
            ],
            ""name"": ""validate_records_with_external_patch_signal""
          }
        },
        {
          ""family"": ""schema_query_repair"",
          ""kind"": ""evaluator_mutation"",
          ""name"": ""records_with_external_patch_signal_hidden_transfer_case"",
          ""rationale"": ""Add a held-out case that checks transfer beyond the public example."",
          ""target_surface"": ""shared/capability_benchmarks.py"",
          ""validation_plan"": {
            ""commands"": [
              [
                ""python"",
                ""-m"",
                ""pytest"",
                ""-q"",
                ""tests/test_capability_schema_query_repair_operator_v1.py""
              ]
            ],
            ""expected_signals"": [
              ""public_counterexample_passes"",
              ""hidden_transfer_case_passes"",
              ""no_broad_regression_gate_failure""
            ],
            ""name"": ""validate_records_with_external_patch_signal""
          }
        },
        {
          ""family"": ""schema_query_repair"",
          ""kind"": ""counterexample_test"",
          ""name"": ""test_records_with_external_patch_signal_counterexample"",
          ""rationale"": ""Lock the primitive with public and hidden transfer counterexamples."",
          ""target_surface"": ""tests/test_capability_schema_query_repair_operator_v1.py"",
          ""validation_plan"": {
            ""commands"": [
              [
                ""python"",
                ""-m"",
                ""pytest"",
                ""-q"",
                ""tests/test_capability_schema_query_repair_operator_v1.py""
              ]
            ],
            ""expected_signals"": [
              ""public_counterexample_passes"",
              ""hidden_transfer_case_passes"",
              ""no_broad_regression_gate_failure""
            ],
            ""name"": ""validate_records_with_external_patch_signal""
          }
        }
      ],
      ""promoted"": false,
      ""quarantine"": false,
      ""started_at"": ""2026-06-03T04:11:21Z"",
      ""target_path"": ""shared/local_corpus.py"",
      ""test_path"": ""tests/test_autonomous_local_corpus_external_patch_signals_query_v1.py""
    }
  ],
  ""rollback"": true,
  ""solved_new_tasks"": 0,
  ""state_path"": ""/tmp/rsi_experiments_njfylicq/composite_external_issue_transfer_repo__composite_external_issue_transfer__evolutionary_repair_loop__r9/.omega_rsi_runs/closed_rsi_state.json"",
  ""thdse_core_gate"": true,
  ""total_accepted"": 0,
  ""total_quarantine_exploration"": 0,
  ""total_rejected"": 3
}
",,external_unseen,"psf/requests,hypothesisworks/hypothesis,pandas-dev/pandas,dask/dask",Composite external issue fixture whose schema fields are derived from real GitHub issue metadata across the allowlisted repositories.,External transfer succeeds only when one general schema patch repairs all issue-metadata-derived query surfaces under full pytest.,1.347,0,0,6,3,0,0,python -m pytest -q,,True,490b2400c58c,6bc90304162abba5365fb91be59ec45093839c5ba9f686ed62951e0311ceb2eb,"{""fields"": [{""field_name"": ""external_issue_labels"", ""sample_value"": ""bug""}, {""field_name"": ""external_patch_signals"", ""sample_value"": ""patch""}, {""field_name"": ""external_failure_terms"", ""sample_value"": ""dtype""}, {""field_name"": ""external_array_labels"", ""sample_value"": ""array""}], ""fixture_kind"": ""composite_schema_transfer"", ""repository"": ""composite_external_issue_transfer_repo"", ""safety_controls"": [""held_out_schema_fields"", ""single_general_patch_required"", ""seeded_hidden_schema_evaluator"", ""full_pytest_required""], ""split"": ""external_unseen"", ""task"": ""composite_external_issue_transfer"", ""transfer_origin"": ""psf/requests,hypothesisworks/hypothesis,pandas-dev/pandas,dask/dask""}",True
